season,game_id,h2_recv,margin_before_30s,leading_before_30s,tied_before_30s,trailing_before_30s,sandwich,result,won
2015,2015_01_BAL_DEN,DEN,3.0,True,False,False,True,W,True
2015,2015_01_CAR_JAX,CAR,7.0,True,False,False,False,W,True
2015,2015_01_CIN_OAK,CIN,17.0,True,False,False,True,W,True
2015,2015_01_CLE_NYJ,CLE,-3.0,False,False,True,False,L,False
2015,2015_01_DET_SD,LAC,-11.0,False,False,True,False,W,True
2015,2015_01_GB_CHI,GB,0.0,False,True,False,False,W,True
2015,2015_01_IND_BUF,BUF,10.0,True,False,False,True,W,True
2015,2015_01_KC_HOU,HOU,-21.0,False,False,True,True,L,False
2015,2015_01_MIA_WAS,MIA,-4.0,False,False,True,False,W,True
2015,2015_01_MIN_SF,MIN,-7.0,False,False,True,False,L,False
2015,2015_01_NO_ARI,NO,-4.0,False,False,True,False,L,False
2015,2015_01_NYG_DAL,NYG,4.0,True,False,False,True,L,False
2015,2015_01_PHI_ATL,ATL,17.0,True,False,False,False,W,True
2015,2015_01_PIT_NE,NE,14.0,True,False,False,False,W,True
2015,2015_01_SEA_STL,LA,3.0,True,False,False,False,W,True
2015,2015_01_TEN_TB,TB,-28.0,False,False,True,False,L,False
2015,2015_02_ARI_CHI,CHI,-11.0,False,False,True,True,L,False
2015,2015_02_ATL_NYG,NYG,0.0,False,True,False,True,L,False
2015,2015_02_BAL_OAK,BAL,-3.0,False,False,True,True,L,False
2015,2015_02_DAL_PHI,PHI,-3.0,False,False,True,False,L,False
2015,2015_02_DEN_KC,KC,0.0,False,True,False,False,L,False
2015,2015_02_DET_MIN,DET,-7.0,False,False,True,False,L,False
2015,2015_02_HOU_CAR,HOU,-7.0,False,False,True,False,L,False
2015,2015_02_MIA_JAX,MIA,-4.0,False,False,True,False,L,False
2015,2015_02_NE_BUF,NE,11.0,True,False,False,False,W,True
2015,2015_02_NYJ_IND,IND,-10.0,False,False,True,False,L,False
2015,2015_02_SD_CIN,LAC,-8.0,False,False,True,False,L,False
2015,2015_02_SEA_GB,SEA,-7.0,False,False,True,False,L,False
2015,2015_02_SF_PIT,SF,-26.0,False,False,True,False,L,False
2015,2015_02_STL_WAS,WAS,17.0,True,False,False,False,W,True
2015,2015_02_TB_NO,TB,-4.0,False,False,True,True,W,True
2015,2015_02_TEN_CLE,CLE,21.0,True,False,False,False,W,True
2015,2015_03_ATL_DAL,ATL,-14.0,False,False,True,True,W,True
2015,2015_03_BUF_MIA,BUF,24.0,True,False,False,True,W,True
2015,2015_03_CHI_SEA,SEA,3.0,True,False,False,True,W,True
2015,2015_03_CIN_BAL,CIN,14.0,True,False,False,False,W,True
2015,2015_03_DEN_DET,DEN,1.0,True,False,False,True,W,True
2015,2015_03_IND_TEN,IND,11.0,True,False,False,False,W,True
2015,2015_03_JAX_NE,NE,10.0,True,False,False,True,W,True
2015,2015_03_KC_GB,KC,-17.0,False,False,True,False,L,False
2015,2015_03_NO_CAR,CAR,-3.0,False,False,True,True,W,True
2015,2015_03_OAK_CLE,CLE,-7.0,False,False,True,False,L,False
2015,2015_03_PHI_NYJ,PHI,24.0,True,False,False,False,W,True
2015,2015_03_PIT_STL,LA,-6.0,False,False,True,False,L,False
2015,2015_03_SD_MIN,LAC,-3.0,False,False,True,False,L,False
2015,2015_03_SF_ARI,SF,-21.0,False,False,True,False,L,False
2015,2015_03_TB_HOU,TB,2.0,True,False,False,False,L,False
2015,2015_03_WAS_NYG,NYG,9.0,True,False,False,False,W,True
2015,2015_04_BAL_PIT,BAL,-3.0,False,False,True,False,W,True
2015,2015_04_CAR_TB,CAR,7.0,True,False,False,False,W,True
2015,2015_04_CLE_SD,LAC,3.0,True,False,False,False,W,True
2015,2015_04_DAL_NO,DAL,3.0,True,False,False,False,L,False
2015,2015_04_DET_SEA,SEA,7.0,True,False,False,False,W,True
2015,2015_04_GB_SF,SF,-4.0,False,False,True,False,L,False
2015,2015_04_HOU_ATL,HOU,-28.0,False,False,True,False,L,False
2015,2015_04_JAX_IND,JAX,0.0,False,True,False,True,L,False
2015,2015_04_KC_CIN,KC,-5.0,False,False,True,True,L,False
2015,2015_04_MIN_DEN,DEN,10.0,True,False,False,False,W,True
2015,2015_04_NYG_BUF,NYG,13.0,True,False,False,False,W,True
2015,2015_04_NYJ_MIA,NYJ,13.0,True,False,False,False,W,True
2015,2015_04_OAK_CHI,LV,-2.0,False,False,True,False,L,False
2015,2015_04_PHI_WAS,PHI,-13.0,False,False,True,False,L,False
2015,2015_04_STL_ARI,LA,1.0,True,False,False,False,W,True
2015,2015_05_ARI_DET,ARI,21.0,True,False,False,False,W,True
2015,2015_05_BUF_TEN,BUF,-3.0,False,False,True,False,W,True
2015,2015_05_CHI_KC,KC,11.0,True,False,False,True,L,False
2015,2015_05_CLE_BAL,CLE,-8.0,False,False,True,True,W,True
2015,2015_05_DEN_OAK,DEN,-4.0,False,False,True,False,W,True
2015,2015_05_IND_HOU,IND,10.0,True,False,False,False,W,True
2015,2015_05_JAX_TB,JAX,-6.0,False,False,True,False,L,False
2015,2015_05_NE_DAL,NE,7.0,True,False,False,True,W,True
2015,2015_05_NO_PHI,NO,0.0,False,True,False,False,L,False
2015,2015_05_PIT_SD,LAC,4.0,True,False,False,False,L,False
2015,2015_05_SEA_CIN,SEA,0.0,False,True,False,True,L,False
2015,2015_05_SF_NYG,NYG,7.0,True,False,False,False,W,True
2015,2015_05_STL_GB,GB,4.0,True,False,False,False,W,True
2015,2015_05_WAS_ATL,ATL,-4.0,False,False,True,False,W,True
2015,2015_06_ARI_PIT,PIT,-7.0,False,False,True,False,W,True
2015,2015_06_ATL_NO,ATL,-7.0,False,False,True,False,L,False
2015,2015_06_BAL_SF,BAL,-10.0,False,False,True,False,L,False
2015,2015_06_CAR_SEA,CAR,-3.0,False,False,True,False,W,True
2015,2015_06_CHI_DET,CHI,-8.0,False,False,True,False,L,False
2015,2015_06_CIN_BUF,CIN,10.0,True,False,False,False,W,True
2015,2015_06_DEN_CLE,CLE,-10.0,False,False,True,False,L,False
2015,2015_06_HOU_JAX,JAX,-3.0,False,False,True,False,L,False
2015,2015_06_KC_MIN,KC,-10.0,False,False,True,False,L,False
2015,2015_06_MIA_TEN,TEN,-14.0,False,False,True,False,L,False
2015,2015_06_NE_IND,NE,-4.0,False,False,True,True,W,True
2015,2015_06_NYG_PHI,PHI,7.0,True,False,False,True,W,True
2015,2015_06_SD_GB,GB,14.0,True,False,False,False,W,True
2015,2015_06_WAS_NYJ,NYJ,0.0,False,True,False,False,W,True
2015,2015_07_ATL_TEN,ATL,-4.0,False,False,True,False,W,True
2015,2015_07_BAL_ARI,BAL,-4.0,False,False,True,False,L,False
2015,2015_07_BUF_JAX,JAX,17.0,True,False,False,False,W,True
2015,2015_07_CLE_STL,CLE,-7.0,False,False,True,False,L,False
2015,2015_07_DAL_NYG,DAL,3.0,True,False,False,False,L,False
2015,2015_07_HOU_MIA,MIA,41.0,True,False,False,False,W,True
2015,2015_07_MIN_DET,MIN,-5.0,False,False,True,True,W,True
2015,2015_07_NO_IND,IND,-20.0,False,False,True,False,L,False
2015,2015_07_NYJ_NE,NE,3.0,True,False,False,False,W,True
2015,2015_07_OAK_SD,LV,27.0,True,False,False,False,W,True
2015,2015_07_PHI_CAR,CAR,11.0,True,False,False,False,W,True
2015,2015_07_PIT_KC,KC,6.0,True,False,False,False,W,True
2015,2015_07_SEA_SF,SEA,17.0,True,False,False,False,W,True
2015,2015_07_TB_WAS,TB,17.0,True,False,False,False,L,False
2015,2015_08_ARI_CLE,CLE,13.0,True,False,False,False,L,False
2015,2015_08_CIN_PIT,CIN,-1.0,False,False,True,False,W,True
2015,2015_08_DET_KC,KC,21.0,True,False,False,False,W,True
2015,2015_08_GB_DEN,GB,-10.0,False,False,True,False,L,False
2015,2015_08_IND_CAR,CAR,4.0,True,False,False,False,W,True
2015,2015_08_MIA_NE,MIA,-12.0,False,False,True,False,L,False
2015,2015_08_MIN_CHI,CHI,0.0,False,True,False,False,L,False
2015,2015_08_NYG_NO,NYG,-14.0,False,False,True,True,L,False
2015,2015_08_NYJ_OAK,LV,15.0,True,False,False,False,W,True
2015,2015_08_SD_BAL,BAL,3.0,True,False,False,False,W,True
2015,2015_08_SEA_DAL,DAL,-4.0,False,False,True,False,L,False
2015,2015_08_SF_STL,LA,7.0,True,False,False,True,W,True
2015,2015_08_TB_ATL,TB,9.0,True,False,False,False,W,True
2015,2015_08_TEN_HOU,TEN,-7.0,False,False,True,False,L,False
2015,2015_09_ATL_SF,ATL,-11.0,False,False,True,True,L,False
2015,2015_09_CHI_SD,LAC,6.0,True,False,False,True,L,False
2015,2015_09_CLE_CIN,CIN,11.0,True,False,False,False,W,True
2015,2015_09_DEN_IND,IND,17.0,True,False,False,False,W,True
2015,2015_09_GB_CAR,GB,-20.0,False,False,True,False,L,False
2015,2015_09_JAX_NYJ,JAX,-11.0,False,False,True,True,L,False
2015,2015_09_MIA_BUF,MIA,-12.0,False,False,True,False,L,False
2015,2015_09_NYG_TB,TB,-11.0,False,False,True,True,L,False
2015,2015_09_OAK_PIT,LV,-7.0,False,False,True,False,L,False
2015,2015_09_PHI_DAL,DAL,0.0,False,True,False,False,L,False
2015,2015_09_STL_MIN,MIN,-2.0,False,False,True,False,W,True
2015,2015_09_TEN_NO,NO,4.0,True,False,False,False,L,False
2015,2015_09_WAS_NE,WAS,-17.0,False,False,True,True,L,False
2015,2015_10_ARI_SEA,SEA,-12.0,False,False,True,False,L,False
2015,2015_10_BUF_NYJ,BUF,6.0,True,False,False,True,W,True
2015,2015_10_CAR_TEN,CAR,4.0,True,False,False,False,W,True
2015,2015_10_CHI_STL,CHI,14.0,True,False,False,False,W,True
2015,2015_10_CLE_PIT,CLE,-18.0,False,False,True,False,L,False
2015,2015_10_DAL_TB,TB,-3.0,False,False,True,False,W,True
2015,2015_10_DET_GB,DET,-3.0,False,False,True,True,W,True
2015,2015_10_HOU_CIN,HOU,-3.0,False,False,True,False,W,True
2015,2015_10_JAX_BAL,BAL,4.0,True,False,False,False,L,False
2015,2015_10_KC_DEN,KC,16.0,True,False,False,True,W,True
2015,2015_10_MIA_PHI,PHI,3.0,True,False,False,False,L,False
2015,2015_10_MIN_OAK,LV,-6.0,False,False,True,False,L,False
2015,2015_10_NE_NYG,NYG,0.0,False,True,False,True,L,False
2015,2015_10_NO_WAS,NO,-10.0,False,False,True,False,L,False
2015,2015_11_BUF_NE,NE,0.0,False,True,False,True,W,True
2015,2015_11_CIN_ARI,CIN,7.0,True,False,False,False,L,False
2015,2015_11_DAL_MIA,DAL,14.0,True,False,False,False,W,True
2015,2015_11_DEN_CHI,DEN,1.0,True,False,False,True,W,True
2015,2015_11_GB_MIN,GB,3.0,True,False,False,True,W,True
2015,2015_11_IND_ATL,ATL,7.0,True,False,False,False,L,False
2015,2015_11_KC_SD,LAC,-6.0,False,False,True,False,L,False
2015,2015_11_NYJ_HOU,NYJ,-7.0,False,False,True,False,L,False
2015,2015_11_OAK_DET,LV,-6.0,False,False,True,False,L,False
2015,2015_11_SF_SEA,SEA,20.0,True,False,False,False,W,True
2015,2015_11_STL_BAL,BAL,-7.0,False,False,True,True,W,True
2015,2015_11_TB_PHI,TB,14.0,True,False,False,False,W,True
2015,2015_11_TEN_JAX,JAX,0.0,False,True,False,False,W,True
2015,2015_11_WAS_CAR,WAS,-14.0,False,False,True,False,L,False
2015,2015_12_ARI_SF,ARI,6.0,True,False,False,False,W,True
2015,2015_12_BAL_CLE,CLE,-7.0,False,False,True,True,L,False
2015,2015_12_BUF_KC,KC,-2.0,False,False,True,False,W,True
2015,2015_12_CAR_DAL,CAR,17.0,True,False,False,True,W,True
2015,2015_12_CHI_GB,CHI,3.0,True,False,False,False,W,True
2015,2015_12_MIA_NYJ,MIA,-7.0,False,False,True,False,L,False
2015,2015_12_MIN_ATL,ATL,-4.0,False,False,True,False,L,False
2015,2015_12_NE_DEN,NE,7.0,True,False,False,False,L,False
2015,2015_12_NO_HOU,HOU,8.0,True,False,False,False,W,True
2015,2015_12_NYG_WAS,WAS,17.0,True,False,False,False,W,True
2015,2015_12_OAK_TEN,LV,4.0,True,False,False,False,W,True
2015,2015_12_PHI_DET,DET,10.0,True,False,False,True,W,True
2015,2015_12_PIT_SEA,SEA,-4.0,False,False,True,False,W,True
2015,2015_12_SD_JAX,LAC,12.0,True,False,False,False,W,True
2015,2015_12_STL_CIN,CIN,10.0,True,False,False,False,W,True
2015,2015_12_TB_IND,TB,6.0,True,False,False,False,L,False
2015,2015_13_ARI_STL,LA,-7.0,False,False,True,False,L,False
2015,2015_13_ATL_TB,ATL,-1.0,False,False,True,True,L,False
2015,2015_13_BAL_MIA,BAL,-12.0,False,False,True,False,L,False
2015,2015_13_CAR_NO,CAR,-3.0,False,False,True,False,W,True
2015,2015_13_CIN_CLE,CLE,-20.0,False,False,True,True,L,False
2015,2015_13_DAL_WAS,DAL,3.0,True,False,False,False,W,True
2015,2015_13_DEN_SD,LAC,-14.0,False,False,True,False,L,False
2015,2015_13_GB_DET,DET,17.0,True,False,False,False,L,False
2015,2015_13_HOU_BUF,BUF,7.0,True,False,False,False,W,True
2015,2015_13_IND_PIT,IND,-4.0,False,False,True,False,L,False
2015,2015_13_JAX_TEN,TEN,2.0,True,False,False,True,W,True
2015,2015_13_KC_OAK,KC,0.0,False,True,False,False,W,True
2015,2015_13_NYJ_NYG,NYG,10.0,True,False,False,False,L,False
2015,2015_13_PHI_NE,NE,7.0,True,False,False,False,L,False
2015,2015_13_SEA_MIN,MIN,-21.0,False,False,True,False,L,False
2015,2015_13_SF_CHI,CHI,0.0,False,True,False,False,L,False
2015,2015_14_ATL_CAR,ATL,-21.0,False,False,True,False,L,False
2015,2015_14_BUF_PHI,PHI,4.0,True,False,False,True,W,True
2015,2015_14_DAL_GB,DAL,-14.0,False,False,True,False,L,False
2015,2015_14_DET_STL,DET,-7.0,False,False,True,False,L,False
2015,2015_14_IND_JAX,IND,4.0,True,False,False,False,L,False
2015,2015_14_MIN_ARI,MIN,-3.0,False,False,True,True,L,False
2015,2015_14_NE_HOU,NE,4.0,True,False,False,True,W,True
2015,2015_14_NO_TB,NO,10.0,True,False,False,False,W,True
2015,2015_14_NYG_MIA,NYG,0.0,False,True,False,False,W,True
2015,2015_14_OAK_DEN,LV,-9.0,False,False,True,False,W,True
2015,2015_14_PIT_CIN,CIN,-6.0,False,False,True,False,L,False
2015,2015_14_SD_KC,KC,7.0,True,False,False,True,W,True
2015,2015_14_SEA_BAL,SEA,11.0,True,False,False,False,W,True
2015,2015_14_SF_CLE,SF,-7.0,False,False,True,False,L,False
2015,2015_14_TEN_NYJ,TEN,-27.0,False,False,True,False,L,False
2015,2015_14_WAS_CHI,CHI,-14.0,False,False,True,True,L,False
2015,2015_15_ARI_PHI,PHI,-7.0,False,False,True,False,L,False
2015,2015_15_ATL_JAX,JAX,-11.0,False,False,True,False,L,False
2015,2015_15_BUF_WAS,BUF,-21.0,False,False,True,False,L,False
2015,2015_15_CAR_NYG,CAR,7.0,True,False,False,True,W,True
2015,2015_15_CHI_MIN,MIN,9.0,True,False,False,False,W,True
2015,2015_15_CIN_SF,CIN,21.0,True,False,False,False,W,True
2015,2015_15_CLE_SEA,SEA,7.0,True,False,False,True,W,True
2015,2015_15_DEN_PIT,DEN,17.0,True,False,False,False,L,False
2015,2015_15_DET_NO,DET,18.0,True,False,False,False,W,True
2015,2015_15_GB_OAK,LV,-8.0,False,False,True,True,L,False
2015,2015_15_HOU_IND,IND,10.0,True,False,False,False,L,False
2015,2015_15_KC_BAL,BAL,-17.0,False,False,True,True,L,False
2015,2015_15_MIA_SD,LAC,23.0,True,False,False,False,W,True
2015,2015_15_NYJ_DAL,NYJ,-1.0,False,False,True,False,W,True
2015,2015_15_TB_STL,TB,-18.0,False,False,True,False,L,False
2015,2015_15_TEN_NE,NE,21.0,True,False,False,False,W,True
2015,2015_16_CAR_ATL,ATL,0.0,False,True,False,False,W,True
2015,2015_16_CHI_TB,TB,-3.0,False,False,True,False,L,False
2015,2015_16_CIN_DEN,DEN,-14.0,False,False,True,True,W,True
2015,2015_16_CLE_KC,CLE,-14.0,False,False,True,False,L,False
2015,2015_16_DAL_BUF,BUF,0.0,False,True,False,False,W,True
2015,2015_16_GB_ARI,GB,-10.0,False,False,True,False,L,False
2015,2015_16_HOU_TEN,HOU,17.0,True,False,False,False,W,True
2015,2015_16_IND_MIA,MIA,-9.0,False,False,True,False,L,False
2015,2015_16_JAX_NO,JAX,-18.0,False,False,True,False,L,False
2015,2015_16_NE_NYJ,NE,-7.0,False,False,True,False,L,False
2015,2015_16_NYG_MIN,NYG,-13.0,False,False,True,False,L,False
2015,2015_16_PIT_BAL,BAL,10.0,True,False,False,False,W,True
2015,2015_16_SD_OAK,LAC,7.0,True,False,False,False,L,False
2015,2015_16_SF_DET,DET,0.0,False,True,False,True,W,True
2015,2015_16_STL_SEA,SEA,-16.0,False,False,True,True,L,False
2015,2015_16_WAS_PHI,WAS,6.0,True,False,False,False,W,True
2015,2015_17_BAL_CIN,BAL,-1.0,False,False,True,True,L,False
2015,2015_17_DET_CHI,CHI,-7.0,False,False,True,False,L,False
2015,2015_17_JAX_HOU,HOU,14.0,True,False,False,True,W,True
2015,2015_17_MIN_GB,GB,-3.0,False,False,True,False,L,False
2015,2015_17_NE_MIA,NE,-7.0,False,False,True,False,L,False
2015,2015_17_NO_ATL,ATL,-4.0,False,False,True,True,L,False
2015,2015_17_NYJ_BUF,BUF,6.0,True,False,False,True,W,True
2015,2015_17_OAK_KC,LV,-4.0,False,False,True,False,L,False
2015,2015_17_PHI_NYG,NYG,-8.0,False,False,True,True,L,False
2015,2015_17_PIT_CLE,CLE,-8.0,False,False,True,True,L,False
2015,2015_17_SD_DEN,LAC,-1.0,False,False,True,False,L,False
2015,2015_17_SEA_ARI,SEA,24.0,True,False,False,False,W,True
2015,2015_17_STL_SF,SF,-3.0,False,False,True,False,W,True
2015,2015_17_TB_CAR,TB,-21.0,False,False,True,False,L,False
2015,2015_17_TEN_IND,TEN,1.0,True,False,False,False,L,False
2015,2015_17_WAS_DAL,WAS,17.0,True,False,False,False,W,True
2015,2015_18_GB_WAS,WAS,-5.0,False,False,True,False,L,False
2015,2015_18_KC_HOU,HOU,-13.0,False,False,True,False,L,False
2015,2015_18_PIT_CIN,CIN,-6.0,False,False,True,False,L,False
2015,2015_18_SEA_MIN,SEA,-3.0,False,False,True,False,W,True
2015,2015_19_GB_ARI,GB,-1.0,False,False,True,False,L,False
2015,2015_19_KC_NE,KC,-11.0,False,False,True,True,L,False
2015,2015_19_PIT_DEN,DEN,-4.0,False,False,True,True,W,True
2015,2015_19_SEA_CAR,SEA,-31.0,False,False,True,False,L,False
2015,2015_20_ARI_CAR,CAR,17.0,True,False,False,False,W,True
2015,2015_20_NE_DEN,DEN,8.0,True,False,False,False,W,True
2015,2015_21_CAR_DEN,CAR,-6.0,False,False,True,False,L,False
2016,2016_01_BUF_BAL,BUF,-3.0,False,False,True,False,L,False
2016,2016_01_CAR_DEN,CAR,7.0,True,False,False,True,L,False
2016,2016_01_CHI_HOU,CHI,-3.0,False,False,True,True,L,False
2016,2016_01_CIN_NYJ,NYJ,6.0,True,False,False,False,L,False
2016,2016_01_CLE_PHI,CLE,-3.0,False,False,True,False,L,False
2016,2016_01_DET_IND,DET,18.0,True,False,False,False,W,True
2016,2016_01_GB_JAX,GB,-3.0,False,False,True,True,W,True
2016,2016_01_LA_SF,SF,14.0,True,False,False,False,W,True
2016,2016_01_MIA_SEA,MIA,0.0,False,True,False,False,L,False
2016,2016_01_MIN_TEN,MIN,-10.0,False,False,True,False,W,True
2016,2016_01_NE_ARI,NE,3.0,True,False,False,False,W,True
2016,2016_01_NYG_DAL,NYG,-2.0,False,False,True,True,W,True
2016,2016_01_OAK_NO,LV,-7.0,False,False,True,False,W,True
2016,2016_01_PIT_WAS,PIT,7.0,True,False,False,False,W,True
2016,2016_01_SD_KC,LAC,18.0,True,False,False,False,L,False
2016,2016_01_TB_ATL,TB,-3.0,False,False,True,True,W,True
2016,2016_02_ATL_OAK,LV,-6.0,False,False,True,False,L,False
2016,2016_02_BAL_CLE,BAL,-11.0,False,False,True,True,W,True
2016,2016_02_CIN_PIT,CIN,-7.0,False,False,True,True,L,False
2016,2016_02_DAL_WAS,WAS,-3.0,False,False,True,False,L,False
2016,2016_02_GB_MIN,GB,-3.0,False,False,True,False,L,False
2016,2016_02_IND_DEN,IND,-4.0,False,False,True,False,L,False
2016,2016_02_JAX_SD,JAX,-21.0,False,False,True,False,L,False
2016,2016_02_KC_HOU,KC,-10.0,False,False,True,False,L,False
2016,2016_02_MIA_NE,MIA,-24.0,False,False,True,True,L,False
2016,2016_02_NO_NYG,NYG,7.0,True,False,False,False,W,True
2016,2016_02_NYJ_BUF,BUF,-13.0,False,False,True,True,L,False
2016,2016_02_PHI_CHI,PHI,-1.0,False,False,True,True,W,True
2016,2016_02_SEA_LA,SEA,-3.0,False,False,True,False,L,False
2016,2016_02_SF_CAR,SF,-4.0,False,False,True,False,L,False
2016,2016_02_TB_ARI,TB,-17.0,False,False,True,False,L,False
2016,2016_02_TEN_DET,DET,9.0,True,False,False,False,L,False
2016,2016_03_ARI_BUF,ARI,-10.0,False,False,True,False,L,False
2016,2016_03_ATL_NO,ATL,13.0,True,False,False,False,W,True
2016,2016_03_BAL_JAX,BAL,3.0,True,False,False,True,W,True
2016,2016_03_CHI_DAL,CHI,-21.0,False,False,True,False,L,False
2016,2016_03_CLE_MIA,CLE,3.0,True,False,False,False,L,False
2016,2016_03_DEN_CIN,CIN,-2.0,False,False,True,False,L,False
2016,2016_03_DET_GB,DET,-21.0,False,False,True,False,L,False
2016,2016_03_HOU_NE,NE,10.0,True,False,False,False,W,True
2016,2016_03_LA_TB,TB,10.0,True,False,False,False,L,False
2016,2016_03_MIN_CAR,MIN,-2.0,False,False,True,False,W,True
2016,2016_03_NYJ_KC,KC,14.0,True,False,False,False,W,True
2016,2016_03_OAK_TEN,LV,14.0,True,False,False,False,W,True
2016,2016_03_PIT_PHI,PHI,10.0,True,False,False,False,W,True
2016,2016_03_SD_IND,LAC,0.0,False,True,False,False,L,False
2016,2016_03_SF_SEA,SF,-21.0,False,False,True,False,L,False
2016,2016_03_WAS_NYG,WAS,-5.0,False,False,True,False,W,True
2016,2016_04_BUF_NE,BUF,13.0,True,False,False,False,W,True
2016,2016_04_CAR_ATL,ATL,7.0,True,False,False,False,W,True
2016,2016_04_CLE_WAS,CLE,-3.0,False,False,True,True,L,False
2016,2016_04_DAL_SF,SF,7.0,True,False,False,False,L,False
2016,2016_04_DEN_TB,DEN,7.0,True,False,False,True,W,True
2016,2016_04_DET_CHI,DET,-4.0,False,False,True,False,L,False
2016,2016_04_IND_JAX,JAX,8.0,True,False,False,True,W,True
2016,2016_04_KC_PIT,PIT,29.0,True,False,False,False,W,True
2016,2016_04_LA_ARI,LA,7.0,True,False,False,False,W,True
2016,2016_04_MIA_CIN,MIA,-9.0,False,False,True,False,L,False
2016,2016_04_NO_SD,LAC,3.0,True,False,False,True,L,False
2016,2016_04_NYG_MIN,MIN,14.0,True,False,False,False,W,True
2016,2016_04_OAK_BAL,BAL,-11.0,False,False,True,True,L,False
2016,2016_04_SEA_NYJ,SEA,11.0,True,False,False,False,W,True
2016,2016_04_TEN_HOU,TEN,0.0,False,True,False,False,L,False
2016,2016_05_ARI_SF,SF,0.0,False,True,False,False,L,False
2016,2016_05_ATL_DEN,DEN,-10.0,False,False,True,False,L,False
2016,2016_05_BUF_LA,BUF,0.0,False,True,False,True,W,True
2016,2016_05_CHI_IND,IND,0.0,False,True,False,True,W,True
2016,2016_05_CIN_DAL,CIN,-21.0,False,False,True,False,L,False
2016,2016_05_HOU_MIN,HOU,-18.0,False,False,True,False,L,False
2016,2016_05_NE_CLE,NE,16.0,True,False,False,False,W,True
2016,2016_05_NYG_GB,NYG,-8.0,False,False,True,False,L,False
2016,2016_05_NYJ_PIT,PIT,1.0,True,False,False,False,W,True
2016,2016_05_PHI_DET,PHI,-14.0,False,False,True,True,L,False
2016,2016_05_SD_OAK,LAC,4.0,True,False,False,False,L,False
2016,2016_05_TB_CAR,CAR,-6.0,False,False,True,False,L,False
2016,2016_05_TEN_MIA,MIA,-7.0,False,False,True,False,L,False
2016,2016_05_WAS_BAL,WAS,-4.0,False,False,True,False,W,True
2016,2016_06_ATL_SEA,ATL,-14.0,False,False,True,False,L,False
2016,2016_06_BAL_NYG,NYG,-3.0,False,False,True,False,W,True
2016,2016_06_CAR_NO,CAR,-11.0,False,False,True,False,L,False
2016,2016_06_CIN_NE,CIN,-3.0,False,False,True,False,L,False
2016,2016_06_CLE_TEN,CLE,-1.0,False,False,True,False,L,False
2016,2016_06_DAL_GB,GB,-10.0,False,False,True,False,L,False
2016,2016_06_DEN_SD,DEN,-7.0,False,False,True,False,L,False
2016,2016_06_IND_HOU,IND,10.0,True,False,False,False,L,False
2016,2016_06_JAX_CHI,JAX,-10.0,False,False,True,False,W,True
2016,2016_06_KC_OAK,KC,6.0,True,False,False,False,W,True
2016,2016_06_LA_DET,LA,0.0,False,True,False,False,L,False
2016,2016_06_NYJ_ARI,NYJ,-11.0,False,False,True,False,L,False
2016,2016_06_PHI_WAS,WAS,0.0,False,True,False,True,W,True
2016,2016_06_PIT_MIA,MIA,1.0,True,False,False,True,W,True
2016,2016_06_SF_BUF,BUF,1.0,True,False,False,True,W,True
2016,2016_07_BAL_NYJ,NYJ,1.0,True,False,False,False,W,True
2016,2016_07_BUF_MIA,BUF,4.0,True,False,False,False,L,False
2016,2016_07_CHI_GB,GB,0.0,False,True,False,True,W,True
2016,2016_07_CLE_CIN,CLE,-4.0,False,False,True,False,L,False
2016,2016_07_HOU_DEN,DEN,8.0,True,False,False,False,W,True
2016,2016_07_IND_TEN,IND,4.0,True,False,False,False,W,True
2016,2016_07_MIN_PHI,MIN,-5.0,False,False,True,False,L,False
2016,2016_07_NE_PIT,NE,7.0,True,False,False,False,W,True
2016,2016_07_NO_KC,NO,-14.0,False,False,True,False,L,False
2016,2016_07_NYG_LA,LA,0.0,False,True,False,False,L,False
2016,2016_07_OAK_JAX,JAX,-7.0,False,False,True,False,L,False
2016,2016_07_SD_ATL,ATL,10.0,True,False,False,False,L,False
2016,2016_07_SEA_ARI,SEA,-3.0,False,False,True,False,T,False
2016,2016_07_TB_SF,TB,3.0,True,False,False,False,W,True
2016,2016_07_WAS_DET,WAS,-3.0,False,False,True,True,L,False
2016,2016_08_ARI_CAR,CAR,24.0,True,False,False,False,W,True
2016,2016_08_DET_HOU,HOU,14.0,True,False,False,False,W,True
2016,2016_08_GB_ATL,GB,2.0,True,False,False,True,L,False
2016,2016_08_JAX_TEN,JAX,-24.0,False,False,True,False,L,False
2016,2016_08_KC_IND,IND,-3.0,False,False,True,False,L,False
2016,2016_08_MIN_CHI,CHI,13.0,True,False,False,False,W,True
2016,2016_08_NE_BUF,NE,11.0,True,False,False,True,W,True
2016,2016_08_NYJ_CLE,NYJ,-10.0,False,False,True,False,W,True
2016,2016_08_OAK_TB,LV,-7.0,False,False,True,False,W,True
2016,2016_08_PHI_DAL,PHI,0.0,False,True,False,True,L,False
2016,2016_08_SD_DEN,LAC,-3.0,False,False,True,False,L,False
2016,2016_08_SEA_NO,SEA,1.0,True,False,False,False,L,False
2016,2016_08_WAS_CIN,CIN,-3.0,False,False,True,False,T,False
2016,2016_09_ATL_TB,ATL,6.0,True,False,False,False,W,True
2016,2016_09_BUF_SEA,BUF,-11.0,False,False,True,False,L,False
2016,2016_09_CAR_LA,CAR,7.0,True,False,False,False,W,True
2016,2016_09_DAL_CLE,DAL,18.0,True,False,False,False,W,True
2016,2016_09_DEN_OAK,LV,13.0,True,False,False,False,W,True
2016,2016_09_DET_MIN,DET,0.0,False,True,False,True,W,True
2016,2016_09_IND_GB,GB,-7.0,False,False,True,False,L,False
2016,2016_09_JAX_KC,KC,10.0,True,False,False,False,W,True
2016,2016_09_NO_SF,SF,-8.0,False,False,True,False,L,False
2016,2016_09_NYJ_MIA,MIA,1.0,True,False,False,False,W,True
2016,2016_09_PHI_NYG,PHI,-11.0,False,False,True,False,L,False
2016,2016_09_PIT_BAL,BAL,7.0,True,False,False,True,W,True
2016,2016_09_TEN_SD,TEN,-12.0,False,False,True,True,L,False
2016,2016_10_ATL_PHI,PHI,1.0,True,False,False,False,W,True
2016,2016_10_CHI_TB,TB,14.0,True,False,False,False,W,True
2016,2016_10_CIN_NYG,CIN,-4.0,False,False,True,False,L,False
2016,2016_10_CLE_BAL,CLE,4.0,True,False,False,False,L,False
2016,2016_10_DAL_PIT,PIT,2.0,True,False,False,False,L,False
2016,2016_10_DEN_NO,DEN,10.0,True,False,False,False,W,True
2016,2016_10_GB_TEN,TEN,19.0,True,False,False,False,W,True
2016,2016_10_HOU_JAX,HOU,4.0,True,False,False,False,W,True
2016,2016_10_KC_CAR,KC,-17.0,False,False,True,True,W,True
2016,2016_10_LA_NYJ,NYJ,3.0,True,False,False,False,L,False
2016,2016_10_MIA_SD,MIA,-3.0,False,False,True,False,W,True
2016,2016_10_MIN_WAS,WAS,0.0,False,True,False,False,W,True
2016,2016_10_SEA_NE,SEA,-2.0,False,False,True,True,W,True
2016,2016_10_SF_ARI,SF,-7.0,False,False,True,False,L,False
2016,2016_11_ARI_MIN,MIN,3.0,True,False,False,False,W,True
2016,2016_11_BAL_DAL,BAL,3.0,True,False,False,False,L,False
2016,2016_11_BUF_CIN,BUF,-2.0,False,False,True,False,W,True
2016,2016_11_CHI_NYG,NYG,-7.0,False,False,True,False,W,True
2016,2016_11_GB_WAS,WAS,3.0,True,False,False,False,W,True
2016,2016_11_HOU_OAK,LV,0.0,False,True,False,False,W,True
2016,2016_11_JAX_DET,JAX,3.0,True,False,False,False,L,False
2016,2016_11_MIA_LA,MIA,-7.0,False,False,True,False,W,True
2016,2016_11_NE_SF,NE,3.0,True,False,False,False,W,True
2016,2016_11_NO_CAR,CAR,10.0,True,False,False,True,W,True
2016,2016_11_PHI_SEA,PHI,-9.0,False,False,True,False,L,False
2016,2016_11_PIT_CLE,PIT,6.0,True,False,False,True,W,True
2016,2016_11_TB_KC,TB,-4.0,False,False,True,True,W,True
2016,2016_11_TEN_IND,IND,21.0,True,False,False,False,W,True
2016,2016_12_ARI_ATL,ATL,7.0,True,False,False,False,W,True
2016,2016_12_CAR_OAK,LV,17.0,True,False,False,False,W,True
2016,2016_12_CIN_BAL,CIN,-10.0,False,False,True,False,L,False
2016,2016_12_GB_PHI,PHI,-7.0,False,False,True,True,L,False
2016,2016_12_JAX_BUF,BUF,-7.0,False,False,True,True,W,True
2016,2016_12_KC_DEN,KC,6.0,True,False,False,False,W,True
2016,2016_12_LA_NO,NO,7.0,True,False,False,False,W,True
2016,2016_12_MIN_DET,MIN,-3.0,False,False,True,False,L,False
2016,2016_12_NE_NYJ,NYJ,0.0,False,True,False,False,L,False
2016,2016_12_NYG_CLE,CLE,-11.0,False,False,True,True,L,False
2016,2016_12_PIT_IND,PIT,14.0,True,False,False,False,W,True
2016,2016_12_SD_HOU,HOU,-7.0,False,False,True,False,L,False
2016,2016_12_SEA_TB,SEA,-9.0,False,False,True,False,L,False
2016,2016_12_SF_MIA,SF,-7.0,False,False,True,False,L,False
2016,2016_12_TEN_CHI,TEN,14.0,True,False,False,False,W,True
2016,2016_12_WAS_DAL,WAS,-14.0,False,False,True,True,L,False
2016,2016_13_BUF_OAK,BUF,4.0,True,False,False,False,L,False
2016,2016_13_CAR_SEA,SEA,13.0,True,False,False,True,W,True
2016,2016_13_DAL_MIN,MIN,-4.0,False,False,True,False,L,False
2016,2016_13_DEN_JAX,JAX,-4.0,False,False,True,False,L,False
2016,2016_13_DET_NO,DET,10.0,True,False,False,False,W,True
2016,2016_13_HOU_GB,GB,7.0,True,False,False,False,W,True
2016,2016_13_IND_NYJ,IND,21.0,True,False,False,False,W,True
2016,2016_13_KC_ATL,KC,7.0,True,False,False,False,W,True
2016,2016_13_LA_NE,LA,-14.0,False,False,True,False,L,False
2016,2016_13_MIA_BAL,MIA,-21.0,False,False,True,False,L,False
2016,2016_13_NYG_PIT,NYG,-11.0,False,False,True,False,L,False
2016,2016_13_PHI_CIN,CIN,13.0,True,False,False,True,W,True
2016,2016_13_SF_CHI,CHI,1.0,True,False,False,False,W,True
2016,2016_13_TB_SD,TB,-7.0,False,False,True,False,W,True
2016,2016_13_WAS_ARI,WAS,-1.0,False,False,True,False,L,False
2016,2016_14_ARI_MIA,MIA,5.0,True,False,False,False,W,True
2016,2016_14_ATL_LA,ATL,21.0,True,False,False,False,W,True
2016,2016_14_BAL_NE,BAL,-16.0,False,False,True,True,L,False
2016,2016_14_CHI_DET,CHI,0.0,False,True,False,False,L,False
2016,2016_14_CIN_CLE,CLE,-20.0,False,False,True,False,L,False
2016,2016_14_DAL_NYG,DAL,7.0,True,False,False,False,L,False
2016,2016_14_DEN_TEN,TEN,13.0,True,False,False,False,W,True
2016,2016_14_HOU_IND,IND,-7.0,False,False,True,False,L,False
2016,2016_14_MIN_JAX,JAX,-3.0,False,False,True,True,L,False
2016,2016_14_NO_TB,NO,-8.0,False,False,True,True,L,False
2016,2016_14_NYJ_SF,SF,14.0,True,False,False,False,L,False
2016,2016_14_OAK_KC,KC,18.0,True,False,False,False,W,True
2016,2016_14_PIT_BUF,BUF,-7.0,False,False,True,False,L,False
2016,2016_14_SD_CAR,CAR,16.0,True,False,False,False,W,True
2016,2016_14_SEA_GB,SEA,-18.0,False,False,True,False,L,False
2016,2016_14_WAS_PHI,WAS,-5.0,False,False,True,False,W,True
2016,2016_15_CAR_WAS,WAS,-4.0,False,False,True,False,L,False
2016,2016_15_CLE_BUF,BUF,14.0,True,False,False,False,W,True
2016,2016_15_DET_NYG,DET,-7.0,False,False,True,False,L,False
2016,2016_15_GB_CHI,CHI,0.0,False,True,False,False,L,False
2016,2016_15_IND_MIN,MIN,-24.0,False,False,True,False,L,False
2016,2016_15_JAX_HOU,JAX,8.0,True,False,False,False,L,False
2016,2016_15_LA_SEA,SEA,7.0,True,False,False,False,W,True
2016,2016_15_MIA_NYJ,MIA,6.0,True,False,False,False,W,True
2016,2016_15_NE_DEN,DEN,-7.0,False,False,True,False,L,False
2016,2016_15_NO_ARI,NO,4.0,True,False,False,False,W,True
2016,2016_15_OAK_SD,LV,-7.0,False,False,True,True,W,True
2016,2016_15_PHI_BAL,BAL,-1.0,False,False,True,True,W,True
2016,2016_15_PIT_CIN,PIT,-14.0,False,False,True,True,W,True
2016,2016_15_SF_ATL,ATL,21.0,True,False,False,False,W,True
2016,2016_15_TB_DAL,TB,-11.0,False,False,True,False,L,False
2016,2016_15_TEN_KC,KC,7.0,True,False,False,True,L,False
2016,2016_16_ARI_SEA,SEA,-14.0,False,False,True,True,L,False
2016,2016_16_ATL_CAR,CAR,-17.0,False,False,True,False,L,False
2016,2016_16_BAL_PIT,PIT,4.0,True,False,False,False,W,True
2016,2016_16_CIN_HOU,HOU,0.0,False,True,False,False,W,True
2016,2016_16_DEN_KC,KC,11.0,True,False,False,False,W,True
2016,2016_16_DET_DAL,DET,0.0,False,True,False,False,L,False
2016,2016_16_IND_OAK,LV,6.0,True,False,False,True,W,True
2016,2016_16_MIA_BUF,MIA,7.0,True,False,False,False,W,True
2016,2016_16_MIN_GB,MIN,-14.0,False,False,True,False,L,False
2016,2016_16_NYG_PHI,PHI,8.0,True,False,False,False,W,True
2016,2016_16_NYJ_NE,NE,26.0,True,False,False,False,W,True
2016,2016_16_SD_CLE,CLE,7.0,True,False,False,False,W,True
2016,2016_16_SF_LA,LA,7.0,True,False,False,False,L,False
2016,2016_16_TB_NO,TB,-3.0,False,False,True,False,L,False
2016,2016_16_TEN_JAX,TEN,-9.0,False,False,True,False,L,False
2016,2016_16_WAS_CHI,CHI,-10.0,False,False,True,False,L,False
2016,2016_17_ARI_LA,LA,-7.0,False,False,True,False,L,False
2016,2016_17_BAL_CIN,CIN,14.0,True,False,False,True,W,True
2016,2016_17_BUF_NYJ,NYJ,4.0,True,False,False,True,W,True
2016,2016_17_CAR_TB,CAR,4.0,True,False,False,False,L,False
2016,2016_17_CHI_MIN,CHI,-10.0,False,False,True,True,L,False
2016,2016_17_CLE_PIT,PIT,-7.0,False,False,True,False,W,True
2016,2016_17_DAL_PHI,PHI,-7.0,False,False,True,True,W,True
2016,2016_17_GB_DET,GB,0.0,False,True,False,True,W,True
2016,2016_17_HOU_TEN,HOU,-7.0,False,False,True,False,L,False
2016,2016_17_JAX_IND,JAX,14.0,True,False,False,False,L,False
2016,2016_17_KC_SD,KC,7.0,True,False,False,True,W,True
2016,2016_17_NE_MIA,MIA,-14.0,False,False,True,False,L,False
2016,2016_17_NO_ATL,ATL,22.0,True,False,False,False,W,True
2016,2016_17_NYG_WAS,NYG,10.0,True,False,False,False,W,True
2016,2016_17_OAK_DEN,LV,-17.0,False,False,True,False,L,False
2016,2016_17_SEA_SF,SEA,5.0,True,False,False,False,W,True
2016,2016_18_DET_SEA,SEA,10.0,True,False,False,False,W,True
2016,2016_18_MIA_PIT,MIA,-14.0,False,False,True,False,L,False
2016,2016_18_NYG_GB,GB,1.0,True,False,False,True,W,True
2016,2016_18_OAK_HOU,LV,-13.0,False,False,True,False,L,False
2016,2016_19_GB_DAL,GB,8.0,True,False,False,False,W,True
2016,2016_19_HOU_NE,NE,1.0,True,False,False,True,W,True
2016,2016_19_PIT_KC,KC,-5.0,False,False,True,False,L,False
2016,2016_19_SEA_ATL,ATL,9.0,True,False,False,False,W,True
2016,2016_20_GB_ATL,GB,-17.0,False,False,True,False,L,False
2016,2016_20_PIT_NE,PIT,-8.0,False,False,True,False,L,False
2016,2016_21_NE_ATL,ATL,21.0,True,False,False,False,L,False
2017,2017_01_ARI_DET,DET,-4.0,False,False,True,True,W,True
2017,2017_01_ATL_CHI,CHI,-7.0,False,False,True,True,L,False
2017,2017_01_BAL_CIN,BAL,17.0,True,False,False,False,W,True
2017,2017_01_CAR_SF,SF,-10.0,False,False,True,False,L,False
2017,2017_01_IND_LA,IND,-21.0,False,False,True,False,L,False
2017,2017_01_JAX_HOU,HOU,-19.0,False,False,True,False,L,False
2017,2017_01_KC_NE,KC,-10.0,False,False,True,True,W,True
2017,2017_01_LAC_DEN,LAC,-7.0,False,False,True,False,L,False
2017,2017_01_NO_MIN,MIN,4.0,True,False,False,True,W,True
2017,2017_01_NYG_DAL,NYG,-13.0,False,False,True,False,L,False
2017,2017_01_NYJ_BUF,NYJ,-1.0,False,False,True,False,L,False
2017,2017_01_OAK_TEN,TEN,0.0,False,True,False,False,L,False
2017,2017_01_PHI_WAS,PHI,-1.0,False,False,True,True,W,True
2017,2017_01_PIT_CLE,PIT,7.0,True,False,False,False,W,True
2017,2017_01_SEA_GB,GB,0.0,False,True,False,False,W,True
2017,2017_02_ARI_IND,IND,7.0,True,False,False,False,L,False
2017,2017_02_BUF_CAR,BUF,-6.0,False,False,True,False,L,False
2017,2017_02_CHI_TB,CHI,-23.0,False,False,True,False,L,False
2017,2017_02_CLE_BAL,BAL,7.0,True,False,False,True,W,True
2017,2017_02_DAL_DEN,DEN,14.0,True,False,False,False,W,True
2017,2017_02_DET_NYG,NYG,-10.0,False,False,True,False,L,False
2017,2017_02_GB_ATL,GB,-10.0,False,False,True,False,L,False
2017,2017_02_HOU_CIN,CIN,-7.0,False,False,True,True,L,False
2017,2017_02_MIA_LAC,MIA,-7.0,False,False,True,False,W,True
2017,2017_02_MIN_PIT,MIN,-11.0,False,False,True,False,L,False
2017,2017_02_NE_NO,NO,-14.0,False,False,True,False,L,False
2017,2017_02_NYJ_OAK,NYJ,-4.0,False,False,True,False,L,False
2017,2017_02_PHI_KC,PHI,0.0,False,True,False,False,L,False
2017,2017_02_SF_SEA,SF,-3.0,False,False,True,True,L,False
2017,2017_02_TEN_JAX,JAX,0.0,False,True,False,False,L,False
2017,2017_02_WAS_LA,WAS,10.0,True,False,False,False,W,True
2017,2017_03_ATL_DET,DET,-7.0,False,False,True,False,L,False
2017,2017_03_BAL_JAX,JAX,20.0,True,False,False,False,W,True
2017,2017_03_CIN_GB,GB,-14.0,False,False,True,False,W,True
2017,2017_03_CLE_IND,IND,15.0,True,False,False,False,W,True
2017,2017_03_DAL_ARI,DAL,0.0,False,True,False,False,W,True
2017,2017_03_DEN_BUF,BUF,-3.0,False,False,True,True,W,True
2017,2017_03_HOU_NE,NE,1.0,True,False,False,False,W,True
2017,2017_03_KC_LAC,KC,10.0,True,False,False,False,W,True
2017,2017_03_LA_SF,LA,11.0,True,False,False,False,W,True
2017,2017_03_MIA_NYJ,MIA,-10.0,False,False,True,False,L,False
2017,2017_03_NO_CAR,NO,8.0,True,False,False,True,W,True
2017,2017_03_NYG_PHI,NYG,-7.0,False,False,True,False,L,False
2017,2017_03_OAK_WAS,WAS,14.0,True,False,False,False,W,True
2017,2017_03_PIT_CHI,CHI,7.0,True,False,False,True,W,True
2017,2017_03_SEA_TEN,SEA,1.0,True,False,False,False,L,False
2017,2017_03_TB_MIN,TB,-18.0,False,False,True,False,L,False
2017,2017_04_BUF_ATL,BUF,4.0,True,False,False,False,W,True
2017,2017_04_CAR_NE,CAR,3.0,True,False,False,False,W,True
2017,2017_04_CHI_GB,CHI,-21.0,False,False,True,True,L,False
2017,2017_04_CIN_CLE,CIN,21.0,True,False,False,False,W,True
2017,2017_04_DET_MIN,MIN,4.0,True,False,False,False,L,False
2017,2017_04_IND_SEA,SEA,2.0,True,False,False,False,W,True
2017,2017_04_JAX_NYJ,JAX,0.0,False,True,False,False,L,False
2017,2017_04_LA_DAL,LA,-11.0,False,False,True,True,W,True
2017,2017_04_NO_MIA,NO,0.0,False,True,False,True,W,True
2017,2017_04_NYG_TB,TB,6.0,True,False,False,False,W,True
2017,2017_04_OAK_DEN,LV,-3.0,False,False,True,False,L,False
2017,2017_04_PHI_LAC,PHI,9.0,True,False,False,False,W,True
2017,2017_04_PIT_BAL,PIT,19.0,True,False,False,False,W,True
2017,2017_04_SF_ARI,SF,0.0,False,True,False,False,L,False
2017,2017_04_TEN_HOU,HOU,16.0,True,False,False,False,W,True
2017,2017_04_WAS_KC,KC,-3.0,False,False,True,False,W,True
2017,2017_05_ARI_PHI,PHI,14.0,True,False,False,False,W,True
2017,2017_05_BAL_OAK,LV,-14.0,False,False,True,False,L,False
2017,2017_05_BUF_CIN,BUF,0.0,False,True,False,False,L,False
2017,2017_05_CAR_DET,CAR,7.0,True,False,False,False,W,True
2017,2017_05_GB_DAL,GB,-9.0,False,False,True,False,W,True
2017,2017_05_JAX_PIT,PIT,-4.0,False,False,True,True,L,False
2017,2017_05_KC_HOU,HOU,-16.0,False,False,True,False,L,False
2017,2017_05_LAC_NYG,NYG,2.0,True,False,False,False,L,False
2017,2017_05_MIN_CHI,MIN,1.0,True,False,False,False,W,True
2017,2017_05_NE_TB,TB,-6.0,False,False,True,False,L,False
2017,2017_05_NYJ_CLE,CLE,0.0,False,True,False,False,L,False
2017,2017_05_SEA_LA,LA,3.0,True,False,False,False,L,False
2017,2017_05_SF_IND,SF,-3.0,False,False,True,True,L,False
2017,2017_05_TEN_MIA,MIA,7.0,True,False,False,False,W,True
2017,2017_06_CHI_BAL,CHI,10.0,True,False,False,False,W,True
2017,2017_06_CLE_HOU,CLE,-21.0,False,False,True,False,L,False
2017,2017_06_DET_NO,DET,-21.0,False,False,True,False,L,False
2017,2017_06_GB_MIN,MIN,4.0,True,False,False,False,W,True
2017,2017_06_IND_TEN,IND,1.0,True,False,False,True,L,False
2017,2017_06_LAC_OAK,LV,0.0,False,True,False,True,L,False
2017,2017_06_LA_JAX,JAX,-10.0,False,False,True,False,L,False
2017,2017_06_MIA_ATL,MIA,-17.0,False,False,True,False,W,True
2017,2017_06_NE_NYJ,NE,-7.0,False,False,True,True,W,True
2017,2017_06_NYG_DEN,NYG,14.0,True,False,False,False,W,True
2017,2017_06_PHI_CAR,CAR,0.0,False,True,False,False,L,False
2017,2017_06_PIT_KC,KC,-9.0,False,False,True,False,L,False
2017,2017_06_SF_WAS,SF,-17.0,False,False,True,True,L,False
2017,2017_06_TB_ARI,TB,-24.0,False,False,True,False,L,False
2017,2017_07_ARI_LA,LA,20.0,True,False,False,True,W,True
2017,2017_07_ATL_NE,ATL,-10.0,False,False,True,False,L,False
2017,2017_07_BAL_MIN,MIN,3.0,True,False,False,False,W,True
2017,2017_07_CAR_CHI,CHI,14.0,True,False,False,False,W,True
2017,2017_07_CIN_PIT,CIN,-3.0,False,False,True,False,L,False
2017,2017_07_DAL_SF,SF,-17.0,False,False,True,False,L,False
2017,2017_07_DEN_LAC,LAC,14.0,True,False,False,False,W,True
2017,2017_07_JAX_IND,IND,-20.0,False,False,True,False,L,False
2017,2017_07_KC_OAK,LV,-6.0,False,False,True,False,W,True
2017,2017_07_NO_GB,NO,-7.0,False,False,True,False,W,True
2017,2017_07_NYJ_MIA,MIA,-7.0,False,False,True,False,W,True
2017,2017_07_SEA_NYG,NYG,4.0,True,False,False,False,L,False
2017,2017_07_TB_BUF,BUF,4.0,True,False,False,False,W,True
2017,2017_07_TEN_CLE,CLE,-3.0,False,False,True,False,L,False
2017,2017_07_WAS_PHI,PHI,0.0,False,True,False,True,W,True
2017,2017_08_ATL_NYJ,ATL,-7.0,False,False,True,True,W,True
2017,2017_08_CAR_TB,CAR,7.0,True,False,False,True,W,True
2017,2017_08_CHI_NO,CHI,-11.0,False,False,True,False,L,False
2017,2017_08_DAL_WAS,WAS,-1.0,False,False,True,False,L,False
2017,2017_08_DEN_KC,KC,14.0,True,False,False,False,W,True
2017,2017_08_HOU_SEA,SEA,0.0,False,True,False,False,W,True
2017,2017_08_IND_CIN,CIN,0.0,False,True,False,False,W,True
2017,2017_08_LAC_NE,NE,5.0,True,False,False,True,W,True
2017,2017_08_MIA_BAL,BAL,20.0,True,False,False,False,W,True
2017,2017_08_MIN_CLE,CLE,4.0,True,False,False,False,L,False
2017,2017_08_OAK_BUF,BUF,7.0,True,False,False,False,W,True
2017,2017_08_PIT_DET,DET,-1.0,False,False,True,True,L,False
2017,2017_08_SF_PHI,PHI,17.0,True,False,False,False,W,True
2017,2017_09_ARI_SF,SF,-11.0,False,False,True,False,L,False
2017,2017_09_ATL_CAR,CAR,3.0,True,False,False,False,W,True
2017,2017_09_BAL_TEN,BAL,-10.0,False,False,True,False,L,False
2017,2017_09_BUF_NYJ,BUF,-3.0,False,False,True,False,L,False
2017,2017_09_CIN_JAX,CIN,-3.0,False,False,True,False,L,False
2017,2017_09_DEN_PHI,PHI,22.0,True,False,False,False,W,True
2017,2017_09_DET_GB,DET,14.0,True,False,False,False,W,True
2017,2017_09_IND_HOU,IND,3.0,True,False,False,False,W,True
2017,2017_09_KC_DAL,KC,-4.0,False,False,True,True,L,False
2017,2017_09_LA_NYG,LA,17.0,True,False,False,False,W,True
2017,2017_09_OAK_MIA,MIA,-1.0,False,False,True,False,L,False
2017,2017_09_TB_NO,TB,-13.0,False,False,True,False,L,False
2017,2017_09_WAS_SEA,SEA,-5.0,False,False,True,False,L,False
2017,2017_10_CIN_TEN,TEN,1.0,True,False,False,True,W,True
2017,2017_10_CLE_DET,CLE,-7.0,False,False,True,False,L,False
2017,2017_10_DAL_ATL,ATL,3.0,True,False,False,False,W,True
2017,2017_10_GB_CHI,GB,7.0,True,False,False,False,W,True
2017,2017_10_HOU_LA,LA,-1.0,False,False,True,True,W,True
2017,2017_10_LAC_JAX,JAX,-1.0,False,False,True,False,W,True
2017,2017_10_MIA_CAR,CAR,3.0,True,False,False,True,W,True
2017,2017_10_MIN_WAS,MIN,4.0,True,False,False,True,W,True
2017,2017_10_NE_DEN,DEN,-17.0,False,False,True,False,L,False
2017,2017_10_NO_BUF,NO,14.0,True,False,False,False,W,True
2017,2017_10_NYG_SF,NYG,-3.0,False,False,True,False,L,False
2017,2017_10_NYJ_TB,TB,3.0,True,False,False,False,W,True
2017,2017_10_PIT_IND,IND,7.0,True,False,False,False,L,False
2017,2017_10_SEA_ARI,ARI,-5.0,False,False,True,False,L,False
2017,2017_11_ARI_HOU,HOU,-7.0,False,False,True,True,W,True
2017,2017_11_ATL_SEA,SEA,-7.0,False,False,True,False,L,False
2017,2017_11_BAL_GB,BAL,3.0,True,False,False,True,W,True
2017,2017_11_BUF_LAC,LAC,27.0,True,False,False,True,W,True
2017,2017_11_CIN_DEN,CIN,6.0,True,False,False,False,W,True
2017,2017_11_DET_CHI,DET,-3.0,False,False,True,True,W,True
2017,2017_11_JAX_CLE,JAX,3.0,True,False,False,False,W,True
2017,2017_11_KC_NYG,NYG,3.0,True,False,False,False,W,True
2017,2017_11_LA_MIN,MIN,0.0,False,True,False,False,W,True
2017,2017_11_NE_OAK,NE,14.0,True,False,False,True,W,True
2017,2017_11_PHI_DAL,PHI,-2.0,False,False,True,False,W,True
2017,2017_11_TB_MIA,MIA,-13.0,False,False,True,False,L,False
2017,2017_11_TEN_PIT,TEN,-6.0,False,False,True,False,L,False
2017,2017_11_WAS_NO,WAS,7.0,True,False,False,False,L,False
2017,2017_12_BUF_KC,KC,-7.0,False,False,True,False,L,False
2017,2017_12_CAR_NYJ,NYJ,-2.0,False,False,True,False,L,False
2017,2017_12_CHI_PHI,CHI,-17.0,False,False,True,False,L,False
2017,2017_12_CLE_CIN,CIN,13.0,True,False,False,False,W,True
2017,2017_12_DEN_OAK,DEN,-14.0,False,False,True,False,L,False
2017,2017_12_GB_PIT,GB,0.0,False,True,False,False,L,False
2017,2017_12_HOU_BAL,HOU,-4.0,False,False,True,False,L,False
2017,2017_12_JAX_ARI,ARI,13.0,True,False,False,False,W,True
2017,2017_12_LAC_DAL,LAC,3.0,True,False,False,False,W,True
2017,2017_12_MIA_NE,MIA,-11.0,False,False,True,False,L,False
2017,2017_12_MIN_DET,MIN,17.0,True,False,False,False,W,True
2017,2017_12_NO_LA,NO,-7.0,False,False,True,False,L,False
2017,2017_12_NYG_WAS,WAS,-3.0,False,False,True,True,W,True
2017,2017_12_SEA_SF,SF,-7.0,False,False,True,True,L,False
2017,2017_12_TB_ATL,ATL,11.0,True,False,False,True,W,True
2017,2017_12_TEN_IND,TEN,-7.0,False,False,True,False,W,True
2017,2017_13_CAR_NO,CAR,-7.0,False,False,True,False,L,False
2017,2017_13_CLE_LAC,LAC,-1.0,False,False,True,True,W,True
2017,2017_13_DEN_MIA,DEN,-13.0,False,False,True,False,L,False
2017,2017_13_DET_BAL,DET,-17.0,False,False,True,False,L,False
2017,2017_13_HOU_TEN,TEN,-3.0,False,False,True,True,W,True
2017,2017_13_IND_JAX,JAX,13.0,True,False,False,False,W,True
2017,2017_13_KC_NYJ,NYJ,-3.0,False,False,True,True,W,True
2017,2017_13_LA_ARI,ARI,-3.0,False,False,True,False,L,False
2017,2017_13_MIN_ATL,ATL,-1.0,False,False,True,False,L,False
2017,2017_13_NE_BUF,NE,3.0,True,False,False,True,W,True
2017,2017_13_NYG_OAK,LV,3.0,True,False,False,False,W,True
2017,2017_13_PHI_SEA,PHI,-7.0,False,False,True,False,L,False
2017,2017_13_PIT_CIN,CIN,17.0,True,False,False,False,L,False
2017,2017_13_SF_CHI,CHI,8.0,True,False,False,False,L,False
2017,2017_13_TB_GB,GB,10.0,True,False,False,False,W,True
2017,2017_13_WAS_DAL,WAS,-10.0,False,False,True,False,L,False
2017,2017_14_BAL_PIT,PIT,3.0,True,False,False,True,W,True
2017,2017_14_CHI_CIN,CHI,5.0,True,False,False,False,W,True
2017,2017_14_DAL_NYG,NYG,0.0,False,True,False,False,L,False
2017,2017_14_DET_TB,TB,-7.0,False,False,True,False,L,False
2017,2017_14_GB_CLE,CLE,7.0,True,False,False,False,L,False
2017,2017_14_IND_BUF,IND,-6.0,False,False,True,False,L,False
2017,2017_14_MIN_CAR,CAR,4.0,True,False,False,False,W,True
2017,2017_14_NE_MIA,NE,-6.0,False,False,True,True,L,False
2017,2017_14_NO_ATL,ATL,0.0,False,True,False,False,W,True
2017,2017_14_NYJ_DEN,NYJ,-13.0,False,False,True,False,L,False
2017,2017_14_OAK_KC,KC,16.0,True,False,False,False,W,True
2017,2017_14_PHI_LA,LA,-7.0,False,False,True,False,L,False
2017,2017_14_SEA_JAX,SEA,-3.0,False,False,True,False,L,False
2017,2017_14_SF_HOU,HOU,-1.0,False,False,True,False,L,False
2017,2017_14_TEN_ARI,ARI,-7.0,False,False,True,False,W,True
2017,2017_14_WAS_LAC,WAS,-17.0,False,False,True,False,L,False
2017,2017_15_ARI_WAS,WAS,8.0,True,False,False,False,W,True
2017,2017_15_ATL_TB,TB,-10.0,False,False,True,False,L,False
2017,2017_15_BAL_CLE,CLE,-10.0,False,False,True,True,L,False
2017,2017_15_CHI_DET,CHI,-13.0,False,False,True,True,L,False
2017,2017_15_CIN_MIN,CIN,-24.0,False,False,True,False,L,False
2017,2017_15_DAL_OAK,LV,-10.0,False,False,True,False,L,False
2017,2017_15_DEN_IND,IND,3.0,True,False,False,False,L,False
2017,2017_15_GB_CAR,CAR,-3.0,False,False,True,False,W,True
2017,2017_15_HOU_JAX,JAX,24.0,True,False,False,True,W,True
2017,2017_15_LAC_KC,KC,4.0,True,False,False,False,W,True
2017,2017_15_LA_SEA,LA,33.0,True,False,False,False,W,True
2017,2017_15_MIA_BUF,MIA,-15.0,False,False,True,False,L,False
2017,2017_15_NE_PIT,NE,0.0,False,True,False,False,W,True
2017,2017_15_NYJ_NO,NYJ,-10.0,False,False,True,True,L,False
2017,2017_15_PHI_NYG,PHI,-2.0,False,False,True,False,W,True
2017,2017_15_TEN_SF,TEN,-7.0,False,False,True,False,L,False
2017,2017_16_ATL_NO,NO,6.0,True,False,False,True,W,True
2017,2017_16_BUF_NE,BUF,-3.0,False,False,True,True,L,False
2017,2017_16_CLE_CHI,CHI,6.0,True,False,False,False,W,True
2017,2017_16_DEN_WAS,WAS,7.0,True,False,False,False,W,True
2017,2017_16_DET_CIN,DET,4.0,True,False,False,False,L,False
2017,2017_16_IND_BAL,BAL,6.0,True,False,False,False,W,True
2017,2017_16_JAX_SF,JAX,-7.0,False,False,True,True,L,False
2017,2017_16_LAC_NYJ,NYJ,-7.0,False,False,True,False,L,False
2017,2017_16_LA_TEN,TEN,-3.0,False,False,True,True,L,False
2017,2017_16_MIA_KC,KC,4.0,True,False,False,True,W,True
2017,2017_16_MIN_GB,MIN,10.0,True,False,False,False,W,True
2017,2017_16_NYG_ARI,ARI,10.0,True,False,False,False,W,True
2017,2017_16_OAK_PHI,LV,0.0,False,True,False,False,L,False
2017,2017_16_PIT_HOU,HOU,-20.0,False,False,True,False,L,False
2017,2017_16_SEA_DAL,SEA,1.0,True,False,False,False,W,True
2017,2017_16_TB_CAR,CAR,6.0,True,False,False,False,W,True
2017,2017_17_ARI_SEA,SEA,-13.0,False,False,True,False,L,False
2017,2017_17_BUF_MIA,BUF,10.0,True,False,False,False,W,True
2017,2017_17_CAR_ATL,CAR,0.0,False,True,False,False,L,False
2017,2017_17_CHI_MIN,MIN,9.0,True,False,False,False,W,True
2017,2017_17_CIN_BAL,BAL,-11.0,False,False,True,True,L,False
2017,2017_17_CLE_PIT,CLE,-7.0,False,False,True,False,L,False
2017,2017_17_DAL_PHI,DAL,0.0,False,True,False,False,W,True
2017,2017_17_GB_DET,GB,-17.0,False,False,True,False,L,False
2017,2017_17_HOU_IND,HOU,6.0,True,False,False,False,L,False
2017,2017_17_JAX_TEN,TEN,6.0,True,False,False,True,W,True
2017,2017_17_KC_DEN,DEN,-4.0,False,False,True,False,L,False
2017,2017_17_NO_TB,NO,1.0,True,False,False,False,L,False
2017,2017_17_NYJ_NE,NYJ,-11.0,False,False,True,False,L,False
2017,2017_17_OAK_LAC,LAC,4.0,True,False,False,True,W,True
2017,2017_17_SF_LA,LA,-17.0,False,False,True,True,L,False
2017,2017_17_WAS_NYG,WAS,-8.0,False,False,True,True,L,False
2017,2017_18_ATL_LA,ATL,6.0,True,False,False,False,W,True
2017,2017_18_BUF_JAX,JAX,-3.0,False,False,True,True,W,True
2017,2017_18_CAR_NO,CAR,-15.0,False,False,True,True,L,False
2017,2017_18_TEN_KC,TEN,-11.0,False,False,True,False,W,True
2017,2017_19_ATL_PHI,ATL,4.0,True,False,False,False,L,False
2017,2017_19_JAX_PIT,PIT,-15.0,False,False,True,False,L,False
2017,2017_19_NO_MIN,MIN,17.0,True,False,False,False,W,True
2017,2017_19_TEN_NE,TEN,-14.0,False,False,True,False,L,False
2017,2017_20_JAX_NE,JAX,4.0,True,False,False,False,L,False
2017,2017_20_MIN_PHI,PHI,14.0,True,False,False,True,W,True
2017,2017_21_PHI_NE,NE,-10.0,False,False,True,False,L,False
2018,2018_01_ATL_PHI,PHI,-3.0,False,False,True,False,W,True
2018,2018_01_BUF_BAL,BUF,-20.0,False,False,True,False,L,False
2018,2018_01_CHI_GB,CHI,17.0,True,False,False,False,L,False
2018,2018_01_CIN_IND,IND,3.0,True,False,False,True,L,False
2018,2018_01_DAL_CAR,CAR,7.0,True,False,False,True,W,True
2018,2018_01_HOU_NE,HOU,-8.0,False,False,True,False,L,False
2018,2018_01_JAX_NYG,NYG,-10.0,False,False,True,True,L,False
2018,2018_01_KC_LAC,KC,5.0,True,False,False,False,W,True
2018,2018_01_LA_OAK,LA,0.0,False,True,False,False,W,True
2018,2018_01_NYJ_DET,DET,-10.0,False,False,True,True,L,False
2018,2018_01_PIT_CLE,CLE,-7.0,False,False,True,False,T,False
2018,2018_01_SEA_DEN,SEA,-7.0,False,False,True,False,L,False
2018,2018_01_SF_MIN,SF,-7.0,False,False,True,False,L,False
2018,2018_01_TB_NO,TB,7.0,True,False,False,False,W,True
2018,2018_01_TEN_MIA,MIA,4.0,True,False,False,False,W,True
2018,2018_01_WAS_ARI,ARI,-14.0,False,False,True,False,L,False
2018,2018_02_ARI_LA,ARI,-11.0,False,False,True,False,L,False
2018,2018_02_BAL_CIN,CIN,21.0,True,False,False,False,W,True
2018,2018_02_CAR_ATL,ATL,0.0,False,True,False,True,W,True
2018,2018_02_CLE_NO,NO,-3.0,False,False,True,False,W,True
2018,2018_02_DET_SF,SF,6.0,True,False,False,False,W,True
2018,2018_02_HOU_TEN,TEN,7.0,True,False,False,False,W,True
2018,2018_02_IND_WAS,WAS,-11.0,False,False,True,False,L,False
2018,2018_02_KC_PIT,KC,8.0,True,False,False,False,W,True
2018,2018_02_LAC_BUF,BUF,-22.0,False,False,True,False,L,False
2018,2018_02_MIA_NYJ,NYJ,-20.0,False,False,True,False,L,False
2018,2018_02_MIN_GB,MIN,-7.0,False,False,True,False,T,False
2018,2018_02_NE_JAX,JAX,11.0,True,False,False,True,W,True
2018,2018_02_NYG_DAL,NYG,-10.0,False,False,True,False,L,False
2018,2018_02_OAK_DEN,DEN,-12.0,False,False,True,False,W,True
2018,2018_02_PHI_TB,PHI,-13.0,False,False,True,False,L,False
2018,2018_02_SEA_CHI,CHI,10.0,True,False,False,False,W,True
2018,2018_03_BUF_MIN,MIN,-27.0,False,False,True,False,L,False
2018,2018_03_CHI_ARI,CHI,-11.0,False,False,True,False,W,True
2018,2018_03_CIN_CAR,CIN,-7.0,False,False,True,False,L,False
2018,2018_03_DAL_SEA,SEA,11.0,True,False,False,True,W,True
2018,2018_03_DEN_BAL,DEN,-3.0,False,False,True,False,L,False
2018,2018_03_GB_WAS,GB,-11.0,False,False,True,False,L,False
2018,2018_03_IND_PHI,PHI,3.0,True,False,False,False,W,True
2018,2018_03_LAC_LA,LAC,-8.0,False,False,True,False,L,False
2018,2018_03_NE_DET,DET,10.0,True,False,False,False,W,True
2018,2018_03_NO_ATL,ATL,1.0,True,False,False,False,L,False
2018,2018_03_NYG_HOU,NYG,17.0,True,False,False,False,W,True
2018,2018_03_NYJ_CLE,NYJ,14.0,True,False,False,False,L,False
2018,2018_03_OAK_MIA,MIA,-3.0,False,False,True,False,W,True
2018,2018_03_PIT_TB,TB,-13.0,False,False,True,False,L,False
2018,2018_03_SF_KC,KC,28.0,True,False,False,False,W,True
2018,2018_03_TEN_JAX,TEN,0.0,False,True,False,False,W,True
2018,2018_04_BAL_PIT,PIT,0.0,False,True,False,False,L,False
2018,2018_04_BUF_GB,GB,13.0,True,False,False,True,W,True
2018,2018_04_CIN_ATL,CIN,7.0,True,False,False,False,W,True
2018,2018_04_CLE_OAK,CLE,3.0,True,False,False,False,L,False
2018,2018_04_DET_DAL,DAL,3.0,True,False,False,False,W,True
2018,2018_04_HOU_IND,HOU,14.0,True,False,False,False,W,True
2018,2018_04_KC_DEN,KC,0.0,False,True,False,False,W,True
2018,2018_04_MIA_NE,NE,17.0,True,False,False,True,W,True
2018,2018_04_MIN_LA,LA,11.0,True,False,False,False,W,True
2018,2018_04_NO_NYG,NYG,-2.0,False,False,True,False,L,False
2018,2018_04_NYJ_JAX,JAX,16.0,True,False,False,False,W,True
2018,2018_04_PHI_TEN,PHI,4.0,True,False,False,True,L,False
2018,2018_04_SEA_ARI,ARI,3.0,True,False,False,False,L,False
2018,2018_04_SF_LAC,SF,3.0,True,False,False,False,L,False
2018,2018_04_TB_CHI,TB,-32.0,False,False,True,False,L,False
2018,2018_05_ARI_SF,ARI,8.0,True,False,False,False,W,True
2018,2018_05_ATL_PIT,ATL,-3.0,False,False,True,False,L,False
2018,2018_05_BAL_CLE,CLE,3.0,True,False,False,False,W,True
2018,2018_05_DAL_HOU,HOU,4.0,True,False,False,False,W,True
2018,2018_05_DEN_NYJ,NYJ,11.0,True,False,False,False,W,True
2018,2018_05_GB_DET,GB,-17.0,False,False,True,False,L,False
2018,2018_05_IND_NE,IND,-18.0,False,False,True,False,L,False
2018,2018_05_JAX_KC,KC,20.0,True,False,False,False,W,True
2018,2018_05_LA_SEA,SEA,0.0,False,True,False,False,L,False
2018,2018_05_MIA_CIN,CIN,-13.0,False,False,True,False,W,True
2018,2018_05_MIN_PHI,PHI,-7.0,False,False,True,False,L,False
2018,2018_05_NYG_CAR,CAR,10.0,True,False,False,False,W,True
2018,2018_05_OAK_LAC,LV,-14.0,False,False,True,False,L,False
2018,2018_05_TEN_BUF,BUF,4.0,True,False,False,False,W,True
2018,2018_05_WAS_NO,NO,20.0,True,False,False,False,W,True
2018,2018_06_ARI_MIN,MIN,0.0,False,True,False,True,W,True
2018,2018_06_BAL_TEN,BAL,14.0,True,False,False,False,W,True
2018,2018_06_BUF_HOU,HOU,10.0,True,False,False,False,W,True
2018,2018_06_CAR_WAS,WAS,11.0,True,False,False,False,W,True
2018,2018_06_CHI_MIA,CHI,-7.0,False,False,True,False,L,False
2018,2018_06_IND_NYJ,NYJ,7.0,True,False,False,True,W,True
2018,2018_06_JAX_DAL,DAL,24.0,True,False,False,False,W,True
2018,2018_06_KC_NE,KC,-15.0,False,False,True,False,L,False
2018,2018_06_LAC_CLE,LAC,18.0,True,False,False,False,W,True
2018,2018_06_LA_DEN,LA,10.0,True,False,False,False,W,True
2018,2018_06_PHI_NYG,PHI,18.0,True,False,False,False,W,True
2018,2018_06_PIT_CIN,CIN,-7.0,False,False,True,True,L,False
2018,2018_06_SEA_OAK,LV,-14.0,False,False,True,False,L,False
2018,2018_06_SF_GB,GB,-1.0,False,False,True,False,W,True
2018,2018_06_TB_ATL,ATL,9.0,True,False,False,True,W,True
2018,2018_07_BUF_IND,BUF,-21.0,False,False,True,False,L,False
2018,2018_07_CAR_PHI,CAR,-10.0,False,False,True,False,W,True
2018,2018_07_CIN_KC,KC,14.0,True,False,False,True,W,True
2018,2018_07_CLE_TB,TB,14.0,True,False,False,False,W,True
2018,2018_07_DAL_WAS,WAS,0.0,False,True,False,False,W,True
2018,2018_07_DEN_ARI,DEN,25.0,True,False,False,True,W,True
2018,2018_07_DET_MIA,DET,10.0,True,False,False,False,W,True
2018,2018_07_HOU_JAX,HOU,13.0,True,False,False,False,W,True
2018,2018_07_LA_SF,SF,-22.0,False,False,True,True,L,False
2018,2018_07_MIN_NYJ,NYJ,-3.0,False,False,True,False,L,False
2018,2018_07_NE_CHI,CHI,-4.0,False,False,True,False,L,False
2018,2018_07_NO_BAL,BAL,-4.0,False,False,True,True,L,False
2018,2018_07_NYG_ATL,NYG,-4.0,False,False,True,False,L,False
2018,2018_07_TEN_LAC,LAC,4.0,True,False,False,False,W,True
2018,2018_08_BAL_CAR,CAR,14.0,True,False,False,True,W,True
2018,2018_08_CLE_PIT,PIT,1.0,True,False,False,True,W,True
2018,2018_08_DEN_KC,KC,9.0,True,False,False,False,W,True
2018,2018_08_GB_LA,LA,-8.0,False,False,True,True,W,True
2018,2018_08_IND_OAK,LV,4.0,True,False,False,False,L,False
2018,2018_08_MIA_HOU,HOU,4.0,True,False,False,False,W,True
2018,2018_08_NE_BUF,BUF,-6.0,False,False,True,False,L,False
2018,2018_08_NO_MIN,MIN,-3.0,False,False,True,False,L,False
2018,2018_08_NYJ_CHI,CHI,4.0,True,False,False,False,W,True
2018,2018_08_PHI_JAX,JAX,-3.0,False,False,True,False,L,False
2018,2018_08_SEA_DET,DET,-14.0,False,False,True,False,L,False
2018,2018_08_SF_ARI,ARI,-2.0,False,False,True,False,W,True
2018,2018_08_TB_CIN,TB,-21.0,False,False,True,True,L,False
2018,2018_08_WAS_NYG,NYG,-4.0,False,False,True,False,L,False
2018,2018_09_ATL_WAS,ATL,13.0,True,False,False,False,W,True
2018,2018_09_CHI_BUF,BUF,-28.0,False,False,True,False,L,False
2018,2018_09_DET_MIN,DET,-8.0,False,False,True,False,L,False
2018,2018_09_GB_NE,GB,-7.0,False,False,True,False,L,False
2018,2018_09_HOU_DEN,DEN,-3.0,False,False,True,False,L,False
2018,2018_09_KC_CLE,KC,6.0,True,False,False,False,W,True
2018,2018_09_LAC_SEA,LAC,12.0,True,False,False,False,W,True
2018,2018_09_LA_NO,LA,-14.0,False,False,True,True,L,False
2018,2018_09_NYJ_MIA,NYJ,-6.0,False,False,True,True,L,False
2018,2018_09_OAK_SF,SF,11.0,True,False,False,True,W,True
2018,2018_09_PIT_BAL,PIT,8.0,True,False,False,False,W,True
2018,2018_09_TB_CAR,CAR,28.0,True,False,False,False,W,True
2018,2018_09_TEN_DAL,TEN,0.0,False,True,False,False,W,True
2018,2018_10_ARI_KC,ARI,-13.0,False,False,True,False,L,False
2018,2018_10_ATL_CLE,ATL,-4.0,False,False,True,False,L,False
2018,2018_10_BUF_NYJ,NYJ,-31.0,False,False,True,True,L,False
2018,2018_10_CAR_PIT,PIT,17.0,True,False,False,False,W,True
2018,2018_10_DAL_PHI,DAL,3.0,True,False,False,True,W,True
2018,2018_10_DET_CHI,DET,-19.0,False,False,True,False,L,False
2018,2018_10_JAX_IND,JAX,-8.0,False,False,True,True,L,False
2018,2018_10_LAC_OAK,LAC,0.0,False,True,False,True,W,True
2018,2018_10_MIA_GB,GB,5.0,True,False,False,False,W,True
2018,2018_10_NE_TEN,NE,-14.0,False,False,True,False,L,False
2018,2018_10_NO_CIN,CIN,-21.0,False,False,True,False,L,False
2018,2018_10_NYG_SF,SF,0.0,False,True,False,True,L,False
2018,2018_10_SEA_LA,LA,3.0,True,False,False,False,W,True
2018,2018_10_WAS_TB,WAS,0.0,False,True,False,True,W,True
2018,2018_11_CAR_DET,DET,3.0,True,False,False,False,W,True
2018,2018_11_CIN_BAL,BAL,3.0,True,False,False,True,W,True
2018,2018_11_DAL_ATL,DAL,-3.0,False,False,True,False,W,True
2018,2018_11_DEN_LAC,LAC,6.0,True,False,False,False,L,False
2018,2018_11_GB_SEA,GB,4.0,True,False,False,False,L,False
2018,2018_11_HOU_WAS,HOU,10.0,True,False,False,False,W,True
2018,2018_11_KC_LA,KC,-6.0,False,False,True,True,L,False
2018,2018_11_MIN_CHI,CHI,14.0,True,False,False,False,W,True
2018,2018_11_OAK_ARI,LV,0.0,False,True,False,False,W,True
2018,2018_11_PHI_NO,NO,17.0,True,False,False,False,W,True
2018,2018_11_PIT_JAX,PIT,-9.0,False,False,True,False,W,True
2018,2018_11_TB_NYG,TB,-7.0,False,False,True,False,L,False
2018,2018_11_TEN_IND,IND,24.0,True,False,False,False,W,True
2018,2018_12_ARI_LAC,LAC,11.0,True,False,False,True,W,True
2018,2018_12_ATL_NO,ATL,-14.0,False,False,True,False,L,False
2018,2018_12_CHI_DET,CHI,2.0,True,False,False,False,W,True
2018,2018_12_CLE_CIN,CIN,-21.0,False,False,True,False,L,False
2018,2018_12_GB_MIN,GB,0.0,False,True,False,False,L,False
2018,2018_12_JAX_BUF,JAX,0.0,False,True,False,False,L,False
2018,2018_12_MIA_IND,IND,0.0,False,True,False,False,W,True
2018,2018_12_NE_NYJ,NE,3.0,True,False,False,False,W,True
2018,2018_12_NYG_PHI,PHI,-8.0,False,False,True,False,W,True
2018,2018_12_OAK_BAL,BAL,3.0,True,False,False,False,W,True
2018,2018_12_PIT_DEN,PIT,-7.0,False,False,True,True,L,False
2018,2018_12_SEA_CAR,CAR,0.0,False,True,False,True,L,False
2018,2018_12_SF_TB,SF,-4.0,False,False,True,False,L,False
2018,2018_12_TEN_HOU,HOU,11.0,True,False,False,True,W,True
2018,2018_12_WAS_DAL,WAS,-3.0,False,False,True,False,L,False
2018,2018_13_ARI_GB,ARI,0.0,False,True,False,False,W,True
2018,2018_13_BAL_ATL,BAL,-3.0,False,False,True,True,W,True
2018,2018_13_BUF_MIA,BUF,-8.0,False,False,True,False,L,False
2018,2018_13_CAR_TB,CAR,-3.0,False,False,True,False,L,False
2018,2018_13_CHI_NYG,NYG,-7.0,False,False,True,True,W,True
2018,2018_13_CLE_HOU,CLE,-20.0,False,False,True,False,L,False
2018,2018_13_DEN_CIN,CIN,-7.0,False,False,True,True,L,False
2018,2018_13_IND_JAX,IND,-3.0,False,False,True,False,L,False
2018,2018_13_KC_OAK,LV,-6.0,False,False,True,False,L,False
2018,2018_13_LAC_PIT,PIT,9.0,True,False,False,True,L,False
2018,2018_13_LA_DET,DET,-10.0,False,False,True,False,L,False
2018,2018_13_MIN_NE,NE,10.0,True,False,False,False,W,True
2018,2018_13_NO_DAL,NO,-13.0,False,False,True,False,L,False
2018,2018_13_NYJ_TEN,NYJ,10.0,True,False,False,False,L,False
2018,2018_13_SF_SEA,SEA,20.0,True,False,False,False,W,True
2018,2018_13_WAS_PHI,WAS,-4.0,False,False,True,True,L,False
2018,2018_14_ATL_GB,GB,10.0,True,False,False,True,W,True
2018,2018_14_BAL_KC,BAL,-4.0,False,False,True,False,L,False
2018,2018_14_CAR_CLE,CLE,0.0,False,True,False,False,W,True
2018,2018_14_CIN_LAC,CIN,-8.0,False,False,True,True,L,False
2018,2018_14_DEN_SF,DEN,-13.0,False,False,True,False,L,False
2018,2018_14_DET_ARI,ARI,-3.0,False,False,True,False,L,False
2018,2018_14_IND_HOU,HOU,-7.0,False,False,True,False,L,False
2018,2018_14_JAX_TEN,JAX,-11.0,False,False,True,False,L,False
2018,2018_14_LA_CHI,LA,0.0,False,True,False,False,L,False
2018,2018_14_MIN_SEA,SEA,3.0,True,False,False,False,W,True
2018,2018_14_NE_MIA,MIA,-6.0,False,False,True,False,W,True
2018,2018_14_NO_TB,NO,-4.0,False,False,True,False,W,True
2018,2018_14_NYG_WAS,NYG,31.0,True,False,False,True,W,True
2018,2018_14_NYJ_BUF,NYJ,-4.0,False,False,True,False,W,True
2018,2018_14_PHI_DAL,PHI,-3.0,False,False,True,False,L,False
2018,2018_14_PIT_OAK,PIT,-3.0,False,False,True,True,L,False
2018,2018_15_ARI_ATL,ARI,-13.0,False,False,True,False,L,False
2018,2018_15_CLE_DEN,CLE,0.0,False,True,False,False,W,True
2018,2018_15_DAL_IND,IND,7.0,True,False,False,True,W,True
2018,2018_15_DET_BUF,DET,6.0,True,False,False,False,L,False
2018,2018_15_GB_CHI,GB,-10.0,False,False,True,False,L,False
2018,2018_15_HOU_NYJ,HOU,7.0,True,False,False,False,W,True
2018,2018_15_LAC_KC,KC,7.0,True,False,False,False,L,False
2018,2018_15_MIA_MIN,MIA,-14.0,False,False,True,True,L,False
2018,2018_15_NE_PIT,NE,-7.0,False,False,True,False,L,False
2018,2018_15_NO_CAR,NO,-1.0,False,False,True,False,W,True
2018,2018_15_OAK_CIN,CIN,13.0,True,False,False,False,W,True
2018,2018_15_PHI_LA,PHI,3.0,True,False,False,False,W,True
2018,2018_15_SEA_SF,SEA,-4.0,False,False,True,False,L,False
2018,2018_15_TB_BAL,BAL,-2.0,False,False,True,True,W,True
2018,2018_15_TEN_NYG,NYG,-7.0,False,False,True,False,L,False
2018,2018_15_WAS_JAX,WAS,0.0,False,True,False,False,W,True
2018,2018_16_ATL_CAR,ATL,0.0,False,True,False,False,W,True
2018,2018_16_BAL_LAC,BAL,3.0,True,False,False,False,W,True
2018,2018_16_BUF_NE,NE,14.0,True,False,False,False,W,True
2018,2018_16_CHI_SF,SF,-1.0,False,False,True,True,L,False
2018,2018_16_CIN_CLE,CIN,-13.0,False,False,True,False,L,False
2018,2018_16_DEN_OAK,LV,14.0,True,False,False,True,W,True
2018,2018_16_GB_NYJ,GB,-7.0,False,False,True,True,W,True
2018,2018_16_HOU_PHI,PHI,-3.0,False,False,True,False,W,True
2018,2018_16_JAX_MIA,JAX,0.0,False,True,False,False,W,True
2018,2018_16_KC_SEA,SEA,4.0,True,False,False,False,W,True
2018,2018_16_LA_ARI,ARI,-12.0,False,False,True,False,L,False
2018,2018_16_MIN_DET,MIN,-2.0,False,False,True,True,W,True
2018,2018_16_NYG_IND,NYG,10.0,True,False,False,False,L,False
2018,2018_16_PIT_NO,NO,0.0,False,True,False,True,W,True
2018,2018_16_TB_DAL,DAL,11.0,True,False,False,False,W,True
2018,2018_16_WAS_TEN,TEN,-4.0,False,False,True,True,W,True
2018,2018_17_ARI_SEA,SEA,1.0,True,False,False,False,W,True
2018,2018_17_ATL_TB,ATL,-17.0,False,False,True,True,W,True
2018,2018_17_CAR_NO,NO,-20.0,False,False,True,False,L,False
2018,2018_17_CHI_MIN,CHI,10.0,True,False,False,False,W,True
2018,2018_17_CIN_PIT,CIN,10.0,True,False,False,False,L,False
2018,2018_17_CLE_BAL,BAL,13.0,True,False,False,False,W,True
2018,2018_17_DAL_NYG,DAL,14.0,True,False,False,False,W,True
2018,2018_17_DET_GB,GB,-21.0,False,False,True,False,L,False
2018,2018_17_IND_TEN,IND,10.0,True,False,False,False,W,True
2018,2018_17_JAX_HOU,JAX,-14.0,False,False,True,False,L,False
2018,2018_17_LAC_DEN,DEN,-7.0,False,False,True,True,L,False
2018,2018_17_MIA_BUF,MIA,0.0,False,True,False,False,L,False
2018,2018_17_NYJ_NE,NYJ,-18.0,False,False,True,False,L,False
2018,2018_17_OAK_KC,LV,-18.0,False,False,True,False,L,False
2018,2018_17_PHI_WAS,PHI,9.0,True,False,False,False,W,True
2018,2018_17_SF_LA,LA,18.0,True,False,False,True,W,True
2018,2018_18_IND_HOU,HOU,-21.0,False,False,True,False,L,False
2018,2018_18_LAC_BAL,LAC,9.0,True,False,False,True,W,True
2018,2018_18_PHI_CHI,CHI,0.0,False,True,False,True,L,False
2018,2018_18_SEA_DAL,SEA,3.0,True,False,False,False,L,False
2018,2018_19_DAL_LA,DAL,-13.0,False,False,True,False,L,False
2018,2018_19_IND_KC,KC,17.0,True,False,False,False,W,True
2018,2018_19_LAC_NE,LAC,-28.0,False,False,True,False,L,False
2018,2018_19_PHI_NO,PHI,7.0,True,False,False,False,L,False
2018,2018_20_LA_NO,LA,-10.0,False,False,True,True,W,True
2018,2018_20_NE_KC,KC,-13.0,False,False,True,False,L,False
2018,2018_21_NE_LA,LA,-3.0,False,False,True,False,L,False
2019,2019_01_ATL_MIN,MIN,21.0,True,False,False,False,W,True
2019,2019_01_BAL_MIA,MIA,-39.0,False,False,True,True,L,False
2019,2019_01_BUF_NYJ,NYJ,6.0,True,False,False,False,L,False
2019,2019_01_CIN_SEA,SEA,4.0,True,False,False,False,W,True
2019,2019_01_DEN_OAK,DEN,-14.0,False,False,True,False,L,False
2019,2019_01_DET_ARI,ARI,-14.0,False,False,True,False,T,False
2019,2019_01_GB_CHI,CHI,-4.0,False,False,True,False,L,False
2019,2019_01_HOU_NO,NO,-11.0,False,False,True,False,W,True
2019,2019_01_IND_LAC,IND,-11.0,False,False,True,False,L,False
2019,2019_01_KC_JAX,JAX,-7.0,False,False,True,False,L,False
2019,2019_01_LA_CAR,LA,13.0,True,False,False,False,W,True
2019,2019_01_NYG_DAL,NYG,-14.0,False,False,True,False,L,False
2019,2019_01_PIT_NE,PIT,-17.0,False,False,True,False,L,False
2019,2019_01_SF_TB,SF,-1.0,False,False,True,False,W,True
2019,2019_01_TEN_CLE,TEN,6.0,True,False,False,False,W,True
2019,2019_01_WAS_PHI,PHI,-10.0,False,False,True,False,W,True
2019,2019_02_ARI_BAL,BAL,11.0,True,False,False,False,W,True
2019,2019_02_BUF_NYG,BUF,14.0,True,False,False,False,W,True
2019,2019_02_CHI_DEN,CHI,3.0,True,False,False,False,W,True
2019,2019_02_CLE_NYJ,NYJ,-10.0,False,False,True,False,L,False
2019,2019_02_DAL_WAS,DAL,0.0,False,True,False,True,W,True
2019,2019_02_IND_TEN,IND,6.0,True,False,False,False,W,True
2019,2019_02_JAX_HOU,HOU,0.0,False,True,False,True,W,True
2019,2019_02_KC_OAK,KC,18.0,True,False,False,False,W,True
2019,2019_02_LAC_DET,DET,-1.0,False,False,True,False,W,True
2019,2019_02_MIN_GB,MIN,-11.0,False,False,True,False,L,False
2019,2019_02_NE_MIA,NE,13.0,True,False,False,False,W,True
2019,2019_02_NO_LA,LA,0.0,False,True,False,True,W,True
2019,2019_02_PHI_ATL,PHI,-7.0,False,False,True,True,L,False
2019,2019_02_SEA_PIT,SEA,-3.0,False,False,True,False,W,True
2019,2019_02_SF_CIN,SF,11.0,True,False,False,True,W,True
2019,2019_02_TB_CAR,CAR,-4.0,False,False,True,True,L,False
2019,2019_03_ATL_IND,ATL,-10.0,False,False,True,False,L,False
2019,2019_03_BAL_KC,BAL,-14.0,False,False,True,False,L,False
2019,2019_03_CAR_ARI,ARI,-4.0,False,False,True,False,L,False
2019,2019_03_CHI_WAS,WAS,-28.0,False,False,True,True,L,False
2019,2019_03_CIN_BUF,CIN,-14.0,False,False,True,False,L,False
2019,2019_03_DEN_GB,DEN,-7.0,False,False,True,False,L,False
2019,2019_03_DET_PHI,DET,10.0,True,False,False,False,W,True
2019,2019_03_HOU_LAC,HOU,-3.0,False,False,True,False,W,True
2019,2019_03_LA_CLE,LA,0.0,False,True,False,False,W,True
2019,2019_03_MIA_DAL,DAL,4.0,True,False,False,False,W,True
2019,2019_03_NO_SEA,NO,13.0,True,False,False,False,W,True
2019,2019_03_NYG_TB,NYG,-15.0,False,False,True,False,W,True
2019,2019_03_NYJ_NE,NE,20.0,True,False,False,False,W,True
2019,2019_03_OAK_MIN,LV,-14.0,False,False,True,False,L,False
2019,2019_03_PIT_SF,PIT,3.0,True,False,False,False,L,False
2019,2019_03_TEN_JAX,TEN,-14.0,False,False,True,False,L,False
2019,2019_04_CAR_HOU,HOU,-7.0,False,False,True,False,L,False
2019,2019_04_CIN_PIT,PIT,7.0,True,False,False,False,W,True
2019,2019_04_CLE_BAL,BAL,0.0,False,True,False,False,L,False
2019,2019_04_DAL_NO,NO,3.0,True,False,False,True,W,True
2019,2019_04_JAX_DEN,JAX,-14.0,False,False,True,True,W,True
2019,2019_04_KC_DET,KC,-3.0,False,False,True,True,W,True
2019,2019_04_LAC_MIA,MIA,-7.0,False,False,True,False,L,False
2019,2019_04_MIN_CHI,MIN,-7.0,False,False,True,False,L,False
2019,2019_04_NE_BUF,BUF,-10.0,False,False,True,False,L,False
2019,2019_04_OAK_IND,IND,-11.0,False,False,True,False,L,False
2019,2019_04_PHI_GB,GB,-8.0,False,False,True,True,L,False
2019,2019_04_SEA_ARI,SEA,14.0,True,False,False,True,W,True
2019,2019_04_TB_LA,LA,-14.0,False,False,True,True,L,False
2019,2019_04_TEN_ATL,ATL,-17.0,False,False,True,False,L,False
2019,2019_04_WAS_NYG,NYG,11.0,True,False,False,True,W,True
2019,2019_05_ARI_CIN,CIN,-4.0,False,False,True,False,L,False
2019,2019_05_ATL_HOU,HOU,6.0,True,False,False,False,W,True
2019,2019_05_BAL_PIT,BAL,7.0,True,False,False,False,W,True
2019,2019_05_BUF_TEN,BUF,7.0,True,False,False,False,W,True
2019,2019_05_CHI_OAK,CHI,-17.0,False,False,True,False,L,False
2019,2019_05_CLE_SF,SF,18.0,True,False,False,False,W,True
2019,2019_05_DEN_LAC,LAC,-17.0,False,False,True,False,L,False
2019,2019_05_GB_DAL,DAL,-17.0,False,False,True,False,L,False
2019,2019_05_IND_KC,IND,0.0,False,True,False,True,W,True
2019,2019_05_JAX_CAR,JAX,-4.0,False,False,True,False,L,False
2019,2019_05_LA_SEA,LA,-8.0,False,False,True,True,L,False
2019,2019_05_MIN_NYG,NYG,-11.0,False,False,True,False,L,False
2019,2019_05_NE_WAS,NE,5.0,True,False,False,False,W,True
2019,2019_05_NYJ_PHI,PHI,21.0,True,False,False,False,W,True
2019,2019_05_TB_NO,NO,7.0,True,False,False,False,W,True
2019,2019_06_ATL_ARI,ARI,7.0,True,False,False,True,W,True
2019,2019_06_CAR_TB,CAR,10.0,True,False,False,False,W,True
2019,2019_06_CIN_BAL,BAL,7.0,True,False,False,False,W,True
2019,2019_06_DAL_NYJ,DAL,-17.0,False,False,True,True,L,False
2019,2019_06_DET_GB,GB,-6.0,False,False,True,True,W,True
2019,2019_06_HOU_KC,HOU,-1.0,False,False,True,True,W,True
2019,2019_06_NO_JAX,JAX,0.0,False,True,False,False,L,False
2019,2019_06_NYG_NE,NYG,-7.0,False,False,True,False,L,False
2019,2019_06_PHI_MIN,PHI,-14.0,False,False,True,False,L,False
2019,2019_06_PIT_LAC,PIT,21.0,True,False,False,False,W,True
2019,2019_06_SEA_CLE,SEA,-8.0,False,False,True,True,W,True
2019,2019_06_SF_LA,LA,0.0,False,True,False,False,L,False
2019,2019_06_TEN_DEN,DEN,6.0,True,False,False,False,W,True
2019,2019_06_WAS_MIA,MIA,-4.0,False,False,True,False,L,False
2019,2019_07_ARI_NYG,NYG,-3.0,False,False,True,False,L,False
2019,2019_07_BAL_SEA,SEA,-3.0,False,False,True,True,L,False
2019,2019_07_HOU_IND,IND,8.0,True,False,False,False,W,True
2019,2019_07_JAX_CIN,CIN,4.0,True,False,False,False,L,False
2019,2019_07_KC_DEN,KC,14.0,True,False,False,False,W,True
2019,2019_07_LAC_TEN,TEN,-7.0,False,False,True,True,W,True
2019,2019_07_LA_ATL,LA,10.0,True,False,False,False,W,True
2019,2019_07_MIA_BUF,MIA,5.0,True,False,False,False,L,False
2019,2019_07_MIN_DET,MIN,7.0,True,False,False,False,W,True
2019,2019_07_NE_NYJ,NYJ,-24.0,False,False,True,False,L,False
2019,2019_07_NO_CHI,NO,2.0,True,False,False,False,W,True
2019,2019_07_OAK_GB,GB,4.0,True,False,False,True,W,True
2019,2019_07_PHI_DAL,DAL,17.0,True,False,False,True,W,True
2019,2019_07_SF_WAS,SF,0.0,False,True,False,False,W,True
2019,2019_08_ARI_NO,ARI,-4.0,False,False,True,False,L,False
2019,2019_08_CAR_SF,CAR,-24.0,False,False,True,False,L,False
2019,2019_08_CIN_LA,LA,7.0,True,False,False,False,W,True
2019,2019_08_CLE_NE,CLE,-10.0,False,False,True,False,L,False
2019,2019_08_DEN_IND,DEN,6.0,True,False,False,False,L,False
2019,2019_08_GB_KC,KC,3.0,True,False,False,False,L,False
2019,2019_08_LAC_CHI,CHI,-1.0,False,False,True,True,L,False
2019,2019_08_MIA_PIT,PIT,-11.0,False,False,True,True,W,True
2019,2019_08_NYG_DET,DET,1.0,True,False,False,True,W,True
2019,2019_08_NYJ_JAX,NYJ,-9.0,False,False,True,False,L,False
2019,2019_08_OAK_HOU,HOU,-4.0,False,False,True,False,W,True
2019,2019_08_PHI_BUF,PHI,-4.0,False,False,True,True,W,True
2019,2019_08_SEA_ATL,ATL,-23.0,False,False,True,False,L,False
2019,2019_08_TB_TEN,TEN,8.0,True,False,False,False,W,True
2019,2019_08_WAS_MIN,WAS,0.0,False,True,False,False,L,False
2019,2019_09_CHI_PHI,PHI,12.0,True,False,False,False,W,True
2019,2019_09_CLE_DEN,CLE,-8.0,False,False,True,True,L,False
2019,2019_09_DAL_NYG,NYG,2.0,True,False,False,False,L,False
2019,2019_09_DET_OAK,LV,3.0,True,False,False,False,W,True
2019,2019_09_GB_LAC,GB,-6.0,False,False,True,False,L,False
2019,2019_09_HOU_JAX,JAX,-6.0,False,False,True,False,L,False
2019,2019_09_IND_PIT,IND,6.0,True,False,False,False,L,False
2019,2019_09_MIN_KC,KC,3.0,True,False,False,False,W,True
2019,2019_09_NE_BAL,NE,-7.0,False,False,True,True,L,False
2019,2019_09_NYJ_MIA,MIA,12.0,True,False,False,False,W,True
2019,2019_09_SF_ARI,SF,7.0,True,False,False,True,W,True
2019,2019_09_TB_SEA,SEA,-8.0,False,False,True,False,W,True
2019,2019_09_TEN_CAR,TEN,-17.0,False,False,True,False,L,False
2019,2019_09_WAS_BUF,BUF,11.0,True,False,False,False,W,True
2019,2019_10_ARI_TB,ARI,3.0,True,False,False,False,L,False
2019,2019_10_ATL_NO,NO,-10.0,False,False,True,True,L,False
2019,2019_10_BAL_CIN,CIN,-25.0,False,False,True,True,L,False
2019,2019_10_BUF_CLE,BUF,-2.0,False,False,True,False,L,False
2019,2019_10_CAR_GB,GB,4.0,True,False,False,False,W,True
2019,2019_10_DET_CHI,CHI,0.0,False,True,False,False,W,True
2019,2019_10_KC_TEN,TEN,0.0,False,True,False,False,W,True
2019,2019_10_LAC_OAK,LV,-4.0,False,False,True,True,W,True
2019,2019_10_LA_PIT,LA,-7.0,False,False,True,False,L,False
2019,2019_10_MIA_IND,IND,-10.0,False,False,True,False,L,False
2019,2019_10_MIN_DAL,MIN,0.0,False,True,False,True,W,True
2019,2019_10_NYG_NYJ,NYG,-1.0,False,False,True,False,L,False
2019,2019_10_SEA_SF,SEA,-3.0,False,False,True,False,W,True
2019,2019_11_ARI_SF,SF,-9.0,False,False,True,True,W,True
2019,2019_11_ATL_CAR,CAR,-20.0,False,False,True,False,L,False
2019,2019_11_BUF_MIA,MIA,-9.0,False,False,True,False,L,False
2019,2019_11_CHI_LA,LA,10.0,True,False,False,False,W,True
2019,2019_11_CIN_OAK,CIN,-7.0,False,False,True,False,L,False
2019,2019_11_DAL_DET,DET,-9.0,False,False,True,False,L,False
2019,2019_11_DEN_MIN,MIN,-20.0,False,False,True,False,W,True
2019,2019_11_HOU_BAL,BAL,14.0,True,False,False,False,W,True
2019,2019_11_JAX_IND,IND,3.0,True,False,False,False,W,True
2019,2019_11_KC_LAC,KC,4.0,True,False,False,False,W,True
2019,2019_11_NE_PHI,NE,-1.0,False,False,True,False,W,True
2019,2019_11_NO_TB,TB,-13.0,False,False,True,False,L,False
2019,2019_11_NYJ_WAS,WAS,-17.0,False,False,True,False,L,False
2019,2019_11_PIT_CLE,CLE,14.0,True,False,False,False,W,True
2019,2019_12_BAL_LA,BAL,15.0,True,False,False,True,W,True
2019,2019_12_CAR_NO,CAR,-8.0,False,False,True,True,L,False
2019,2019_12_DAL_NE,NE,4.0,True,False,False,False,W,True
2019,2019_12_DEN_BUF,BUF,6.0,True,False,False,False,W,True
2019,2019_12_DET_WAS,DET,-10.0,False,False,True,True,L,False
2019,2019_12_GB_SF,SF,20.0,True,False,False,True,W,True
2019,2019_12_IND_HOU,HOU,3.0,True,False,False,False,W,True
2019,2019_12_JAX_TEN,TEN,4.0,True,False,False,False,W,True
2019,2019_12_MIA_CLE,MIA,-28.0,False,False,True,True,L,False
2019,2019_12_NYG_CHI,CHI,-7.0,False,False,True,True,W,True
2019,2019_12_OAK_NYJ,NYJ,10.0,True,False,False,False,W,True
2019,2019_12_PIT_CIN,PIT,-4.0,False,False,True,False,W,True
2019,2019_12_SEA_PHI,SEA,7.0,True,False,False,False,W,True
2019,2019_12_TB_ATL,TB,9.0,True,False,False,False,W,True
2019,2019_13_BUF_DAL,BUF,6.0,True,False,False,False,W,True
2019,2019_13_CHI_DET,DET,10.0,True,False,False,False,L,False
2019,2019_13_CLE_PIT,PIT,0.0,False,True,False,False,W,True
2019,2019_13_GB_NYG,GB,7.0,True,False,False,False,W,True
2019,2019_13_LAC_DEN,LAC,-8.0,False,False,True,False,L,False
2019,2019_13_LA_ARI,ARI,-17.0,False,False,True,False,L,False
2019,2019_13_MIN_SEA,MIN,4.0,True,False,False,True,L,False
2019,2019_13_NE_HOU,NE,-11.0,False,False,True,False,L,False
2019,2019_13_NO_ATL,NO,11.0,True,False,False,False,W,True
2019,2019_13_NYJ_CIN,CIN,14.0,True,False,False,False,W,True
2019,2019_13_OAK_KC,KC,21.0,True,False,False,False,W,True
2019,2019_13_PHI_MIA,PHI,-1.0,False,False,True,True,L,False
2019,2019_13_SF_BAL,BAL,3.0,True,False,False,False,W,True
2019,2019_13_TB_JAX,JAX,-25.0,False,False,True,False,L,False
2019,2019_13_TEN_IND,IND,3.0,True,False,False,False,L,False
2019,2019_13_WAS_CAR,WAS,-2.0,False,False,True,False,W,True
2019,2019_14_BAL_BUF,BAL,7.0,True,False,False,False,W,True
2019,2019_14_CAR_ATL,CAR,0.0,False,True,False,False,L,False
2019,2019_14_CIN_CLE,CLE,1.0,True,False,False,False,W,True
2019,2019_14_DAL_CHI,CHI,3.0,True,False,False,True,W,True
2019,2019_14_DEN_HOU,DEN,28.0,True,False,False,False,W,True
2019,2019_14_DET_MIN,MIN,10.0,True,False,False,True,W,True
2019,2019_14_IND_TB,IND,3.0,True,False,False,True,L,False
2019,2019_14_KC_NE,KC,13.0,True,False,False,False,W,True
2019,2019_14_LAC_JAX,LAC,18.0,True,False,False,True,W,True
2019,2019_14_MIA_NYJ,MIA,-10.0,False,False,True,True,L,False
2019,2019_14_NYG_PHI,NYG,13.0,True,False,False,False,L,False
2019,2019_14_PIT_ARI,PIT,0.0,False,True,False,True,W,True
2019,2019_14_SEA_LA,LA,18.0,True,False,False,False,W,True
2019,2019_14_SF_NO,SF,1.0,True,False,False,False,W,True
2019,2019_14_TEN_OAK,LV,-7.0,False,False,True,True,L,False
2019,2019_14_WAS_GB,GB,8.0,True,False,False,False,W,True
2019,2019_15_ATL_SF,SF,-3.0,False,False,True,True,L,False
2019,2019_15_BUF_PIT,PIT,-4.0,False,False,True,False,L,False
2019,2019_15_CHI_GB,GB,4.0,True,False,False,False,W,True
2019,2019_15_CLE_ARI,CLE,-10.0,False,False,True,False,L,False
2019,2019_15_DEN_KC,KC,9.0,True,False,False,True,W,True
2019,2019_15_HOU_TEN,TEN,-14.0,False,False,True,False,L,False
2019,2019_15_IND_NO,NO,17.0,True,False,False,True,W,True
2019,2019_15_JAX_OAK,JAX,-10.0,False,False,True,False,W,True
2019,2019_15_LA_DAL,DAL,14.0,True,False,False,True,W,True
2019,2019_15_MIA_NYG,NYG,-3.0,False,False,True,False,W,True
2019,2019_15_MIN_LAC,LAC,-2.0,False,False,True,False,L,False
2019,2019_15_NE_CIN,CIN,0.0,False,True,False,False,L,False
2019,2019_15_NYJ_BAL,BAL,14.0,True,False,False,False,W,True
2019,2019_15_PHI_WAS,PHI,-4.0,False,False,True,False,W,True
2019,2019_15_SEA_CAR,CAR,-13.0,False,False,True,False,L,False
2019,2019_15_TB_DET,DET,-18.0,False,False,True,False,L,False
2019,2019_16_ARI_SEA,SEA,-7.0,False,False,True,False,L,False
2019,2019_16_BAL_CLE,BAL,1.0,True,False,False,True,W,True
2019,2019_16_BUF_NE,BUF,-7.0,False,False,True,True,L,False
2019,2019_16_CAR_IND,IND,18.0,True,False,False,False,W,True
2019,2019_16_CIN_MIA,CIN,-18.0,False,False,True,True,L,False
2019,2019_16_DAL_PHI,DAL,-7.0,False,False,True,True,L,False
2019,2019_16_DET_DEN,DEN,-3.0,False,False,True,True,W,True
2019,2019_16_GB_MIN,MIN,4.0,True,False,False,False,L,False
2019,2019_16_HOU_TB,HOU,7.0,True,False,False,False,W,True
2019,2019_16_JAX_ATL,JAX,-11.0,False,False,True,False,L,False
2019,2019_16_KC_CHI,KC,17.0,True,False,False,False,W,True
2019,2019_16_LA_SF,SF,3.0,True,False,False,False,W,True
2019,2019_16_NO_TEN,NO,-4.0,False,False,True,False,W,True
2019,2019_16_NYG_WAS,WAS,-14.0,False,False,True,False,L,False
2019,2019_16_OAK_LAC,LV,0.0,False,True,False,True,W,True
2019,2019_16_PIT_NYJ,PIT,-7.0,False,False,True,True,L,False
2019,2019_17_ARI_LA,ARI,-10.0,False,False,True,True,L,False
2019,2019_17_ATL_TB,TB,-2.0,False,False,True,True,L,False
2019,2019_17_CHI_MIN,CHI,8.0,True,False,False,False,W,True
2019,2019_17_CLE_CIN,CIN,4.0,True,False,False,False,W,True
2019,2019_17_GB_DET,GB,-14.0,False,False,True,True,W,True
2019,2019_17_IND_JAX,JAX,-7.0,False,False,True,True,W,True
2019,2019_17_LAC_KC,KC,3.0,True,False,False,False,W,True
2019,2019_17_MIA_NE,NE,0.0,False,True,False,False,L,False
2019,2019_17_NO_CAR,CAR,-32.0,False,False,True,False,L,False
2019,2019_17_NYJ_BUF,BUF,-3.0,False,False,True,False,L,False
2019,2019_17_OAK_DEN,LV,-6.0,False,False,True,False,L,False
2019,2019_17_PHI_NYG,NYG,-7.0,False,False,True,False,L,False
2019,2019_17_PIT_BAL,PIT,-2.0,False,False,True,False,L,False
2019,2019_17_SF_SEA,SF,13.0,True,False,False,False,W,True
2019,2019_17_TEN_HOU,TEN,7.0,True,False,False,False,W,True
2019,2019_17_WAS_DAL,WAS,-10.0,False,False,True,False,L,False
2019,2019_18_BUF_HOU,HOU,-10.0,False,False,True,False,W,True
2019,2019_18_MIN_NO,NO,4.0,True,False,False,False,L,False
2019,2019_18_SEA_PHI,PHI,-7.0,False,False,True,False,L,False
2019,2019_18_TEN_NE,TEN,1.0,True,False,False,False,W,True
2019,2019_19_HOU_KC,KC,4.0,True,False,False,False,W,True
2019,2019_19_MIN_SF,SF,4.0,True,False,False,False,W,True
2019,2019_19_SEA_GB,SEA,-18.0,False,False,True,False,L,False
2019,2019_19_TEN_BAL,BAL,-11.0,False,False,True,True,L,False
2019,2019_20_GB_SF,GB,-27.0,False,False,True,False,L,False
2019,2019_20_TEN_KC,KC,-3.0,False,False,True,True,W,True
2019,2019_21_SF_KC,SF,0.0,False,True,False,False,L,False
2020,2020_01_ARI_SF,ARI,-6.0,False,False,True,True,W,True
2020,2020_01_CHI_DET,DET,0.0,False,True,False,True,L,False
2020,2020_01_CLE_BAL,BAL,11.0,True,False,False,True,W,True
2020,2020_01_DAL_LA,DAL,-6.0,False,False,True,True,L,False
2020,2020_01_GB_MIN,MIN,-8.0,False,False,True,True,L,False
2020,2020_01_HOU_KC,KC,7.0,True,False,False,True,W,True
2020,2020_01_IND_JAX,JAX,0.0,False,True,False,False,W,True
2020,2020_01_LAC_CIN,LAC,-4.0,False,False,True,True,W,True
2020,2020_01_LV_CAR,CAR,-5.0,False,False,True,True,L,False
2020,2020_01_MIA_NE,NE,4.0,True,False,False,False,W,True
2020,2020_01_NYJ_BUF,BUF,21.0,True,False,False,False,W,True
2020,2020_01_PHI_WAS,PHI,10.0,True,False,False,False,L,False
2020,2020_01_PIT_NYG,PIT,-1.0,False,False,True,True,W,True
2020,2020_01_SEA_ATL,SEA,5.0,True,False,False,False,W,True
2020,2020_01_TB_NO,TB,-10.0,False,False,True,False,L,False
2020,2020_01_TEN_DEN,DEN,0.0,False,True,False,False,L,False
2020,2020_02_ATL_DAL,DAL,-16.0,False,False,True,False,W,True
2020,2020_02_BAL_HOU,BAL,13.0,True,False,False,False,W,True
2020,2020_02_BUF_MIA,MIA,-10.0,False,False,True,True,L,False
2020,2020_02_CAR_TB,CAR,-21.0,False,False,True,False,L,False
2020,2020_02_CIN_CLE,CLE,11.0,True,False,False,False,W,True
2020,2020_02_DEN_PIT,PIT,14.0,True,False,False,False,W,True
2020,2020_02_DET_GB,GB,-4.0,False,False,True,True,W,True
2020,2020_02_JAX_TEN,JAX,-14.0,False,False,True,True,L,False
2020,2020_02_KC_LAC,KC,-8.0,False,False,True,False,W,True
2020,2020_02_LA_PHI,LA,5.0,True,False,False,False,W,True
2020,2020_02_MIN_IND,IND,9.0,True,False,False,True,W,True
2020,2020_02_NE_SEA,NE,0.0,False,True,False,False,L,False
2020,2020_02_NO_LV,LV,-3.0,False,False,True,True,W,True
2020,2020_02_NYG_CHI,NYG,-10.0,False,False,True,False,L,False
2020,2020_02_SF_NYJ,NYJ,-11.0,False,False,True,False,L,False
2020,2020_02_WAS_ARI,ARI,20.0,True,False,False,False,W,True
2020,2020_03_CAR_LAC,LAC,-8.0,False,False,True,False,L,False
2020,2020_03_CHI_ATL,ATL,6.0,True,False,False,False,L,False
2020,2020_03_CIN_PHI,PHI,-4.0,False,False,True,True,T,False
2020,2020_03_DAL_SEA,DAL,-1.0,False,False,True,False,L,False
2020,2020_03_DET_ARI,ARI,-4.0,False,False,True,False,L,False
2020,2020_03_GB_NO,GB,3.0,True,False,False,False,W,True
2020,2020_03_HOU_PIT,PIT,3.0,True,False,False,False,W,True
2020,2020_03_KC_BAL,KC,17.0,True,False,False,False,W,True
2020,2020_03_LA_BUF,LA,-18.0,False,False,True,False,L,False
2020,2020_03_LV_NE,LV,-10.0,False,False,True,True,L,False
2020,2020_03_MIA_JAX,JAX,-14.0,False,False,True,False,L,False
2020,2020_03_NYJ_IND,IND,10.0,True,False,False,False,W,True
2020,2020_03_SF_NYG,NYG,-7.0,False,False,True,False,L,False
2020,2020_03_TB_DEN,TB,20.0,True,False,False,False,W,True
2020,2020_03_TEN_MIN,MIN,8.0,True,False,False,False,L,False
2020,2020_03_WAS_CLE,WAS,-10.0,False,False,True,False,L,False
2020,2020_04_ARI_CAR,CAR,14.0,True,False,False,False,W,True
2020,2020_04_ATL_GB,GB,17.0,True,False,False,False,W,True
2020,2020_04_BAL_WAS,BAL,14.0,True,False,False,False,W,True
2020,2020_04_BUF_LV,LV,-11.0,False,False,True,True,L,False
2020,2020_04_CLE_DAL,CLE,14.0,True,False,False,True,W,True
2020,2020_04_DEN_NYJ,DEN,7.0,True,False,False,False,W,True
2020,2020_04_IND_CHI,IND,7.0,True,False,False,True,W,True
2020,2020_04_JAX_CIN,CIN,0.0,False,True,False,False,W,True
2020,2020_04_LAC_TB,LAC,17.0,True,False,False,False,L,False
2020,2020_04_MIN_HOU,MIN,14.0,True,False,False,False,W,True
2020,2020_04_NE_KC,NE,-3.0,False,False,True,False,L,False
2020,2020_04_NO_DET,NO,14.0,True,False,False,False,W,True
2020,2020_04_NYG_LA,LA,7.0,True,False,False,False,W,True
2020,2020_04_PHI_SF,SF,-1.0,False,False,True,False,L,False
2020,2020_04_SEA_MIA,SEA,4.0,True,False,False,True,W,True
2020,2020_05_ARI_NYJ,ARI,11.0,True,False,False,True,W,True
2020,2020_05_BUF_TEN,TEN,4.0,True,False,False,True,W,True
2020,2020_05_CAR_ATL,ATL,-6.0,False,False,True,False,L,False
2020,2020_05_CIN_BAL,BAL,17.0,True,False,False,False,W,True
2020,2020_05_IND_CLE,IND,-7.0,False,False,True,False,L,False
2020,2020_05_JAX_HOU,HOU,3.0,True,False,False,False,W,True
2020,2020_05_LAC_NO,NO,-17.0,False,False,True,True,W,True
2020,2020_05_LA_WAS,LA,13.0,True,False,False,False,W,True
2020,2020_05_LV_KC,LV,0.0,False,True,False,False,W,True
2020,2020_05_MIA_SF,MIA,20.0,True,False,False,True,W,True
2020,2020_05_MIN_SEA,SEA,-10.0,False,False,True,False,W,True
2020,2020_05_NYG_DAL,NYG,3.0,True,False,False,False,L,False
2020,2020_05_PHI_PIT,PIT,3.0,True,False,False,False,W,True
2020,2020_05_TB_CHI,CHI,1.0,True,False,False,False,W,True
2020,2020_06_ARI_DAL,DAL,-21.0,False,False,True,True,L,False
2020,2020_06_ATL_MIN,ATL,17.0,True,False,False,True,W,True
2020,2020_06_BAL_PHI,BAL,17.0,True,False,False,False,W,True
2020,2020_06_CHI_CAR,CHI,4.0,True,False,False,True,W,True
2020,2020_06_CIN_IND,CIN,10.0,True,False,False,False,L,False
2020,2020_06_CLE_PIT,CLE,-17.0,False,False,True,False,L,False
2020,2020_06_DEN_NE,NE,-6.0,False,False,True,False,L,False
2020,2020_06_DET_JAX,DET,14.0,True,False,False,False,W,True
2020,2020_06_GB_TB,TB,18.0,True,False,False,False,W,True
2020,2020_06_HOU_TEN,HOU,-14.0,False,False,True,True,L,False
2020,2020_06_KC_BUF,KC,3.0,True,False,False,False,W,True
2020,2020_06_LA_SF,LA,-15.0,False,False,True,False,L,False
2020,2020_06_NYJ_MIA,MIA,21.0,True,False,False,False,W,True
2020,2020_06_WAS_NYG,NYG,10.0,True,False,False,False,W,True
2020,2020_07_BUF_NYJ,BUF,-7.0,False,False,True,True,W,True
2020,2020_07_CAR_NO,CAR,3.0,True,False,False,False,L,False
2020,2020_07_CHI_LA,LA,7.0,True,False,False,False,W,True
2020,2020_07_CLE_CIN,CLE,0.0,False,True,False,False,W,True
2020,2020_07_DAL_WAS,DAL,-19.0,False,False,True,False,L,False
2020,2020_07_DET_ATL,DET,-6.0,False,False,True,True,W,True
2020,2020_07_GB_HOU,HOU,-14.0,False,False,True,False,L,False
2020,2020_07_JAX_LAC,LAC,8.0,True,False,False,False,W,True
2020,2020_07_KC_DEN,KC,15.0,True,False,False,False,W,True
2020,2020_07_NYG_PHI,NYG,-3.0,False,False,True,False,L,False
2020,2020_07_PIT_TEN,TEN,-17.0,False,False,True,False,L,False
2020,2020_07_SEA_ARI,ARI,-13.0,False,False,True,True,W,True
2020,2020_07_SF_NE,NE,-20.0,False,False,True,False,L,False
2020,2020_07_TB_LV,LV,-4.0,False,False,True,False,L,False
2020,2020_08_ATL_CAR,CAR,1.0,True,False,False,False,L,False
2020,2020_08_DAL_PHI,PHI,1.0,True,False,False,False,W,True
2020,2020_08_IND_DET,DET,-13.0,False,False,True,False,L,False
2020,2020_08_LAC_DEN,LAC,4.0,True,False,False,True,L,False
2020,2020_08_LA_MIA,MIA,21.0,True,False,False,False,W,True
2020,2020_08_LV_CLE,CLE,0.0,False,True,False,False,L,False
2020,2020_08_MIN_GB,MIN,0.0,False,True,False,False,W,True
2020,2020_08_NE_BUF,BUF,4.0,True,False,False,False,W,True
2020,2020_08_NO_CHI,CHI,10.0,True,False,False,False,L,False
2020,2020_08_NYJ_KC,NYJ,-12.0,False,False,True,False,L,False
2020,2020_08_PIT_BAL,PIT,-7.0,False,False,True,False,W,True
2020,2020_08_SF_SEA,SF,-6.0,False,False,True,False,L,False
2020,2020_08_TB_NYG,NYG,11.0,True,False,False,False,L,False
2020,2020_08_TEN_CIN,TEN,-10.0,False,False,True,False,L,False
2020,2020_09_BAL_IND,BAL,-3.0,False,False,True,False,W,True
2020,2020_09_CAR_KC,KC,-4.0,False,False,True,False,W,True
2020,2020_09_CHI_TEN,CHI,-10.0,False,False,True,False,L,False
2020,2020_09_DEN_ATL,DEN,-17.0,False,False,True,False,L,False
2020,2020_09_DET_MIN,MIN,3.0,True,False,False,True,W,True
2020,2020_09_GB_SF,SF,-18.0,False,False,True,False,L,False
2020,2020_09_HOU_JAX,HOU,6.0,True,False,False,False,W,True
2020,2020_09_LV_LAC,LV,7.0,True,False,False,False,W,True
2020,2020_09_MIA_ARI,ARI,-4.0,False,False,True,False,L,False
2020,2020_09_NE_NYJ,NE,-3.0,False,False,True,False,W,True
2020,2020_09_NO_TB,NO,31.0,True,False,False,False,W,True
2020,2020_09_NYG_WAS,WAS,-17.0,False,False,True,False,L,False
2020,2020_09_PIT_DAL,DAL,7.0,True,False,False,False,L,False
2020,2020_09_SEA_BUF,SEA,-14.0,False,False,True,False,L,False
2020,2020_10_BAL_NE,NE,3.0,True,False,False,False,W,True
2020,2020_10_BUF_ARI,BUF,4.0,True,False,False,True,L,False
2020,2020_10_CIN_PIT,CIN,-15.0,False,False,True,False,L,False
2020,2020_10_DEN_LV,LV,4.0,True,False,False,False,W,True
2020,2020_10_HOU_CLE,HOU,-3.0,False,False,True,False,L,False
2020,2020_10_IND_TEN,IND,-7.0,False,False,True,True,W,True
2020,2020_10_JAX_GB,JAX,-4.0,False,False,True,False,L,False
2020,2020_10_LAC_MIA,MIA,7.0,True,False,False,True,W,True
2020,2020_10_MIN_CHI,CHI,-1.0,False,False,True,False,L,False
2020,2020_10_PHI_NYG,PHI,-11.0,False,False,True,False,L,False
2020,2020_10_SEA_LA,SEA,-7.0,False,False,True,True,L,False
2020,2020_10_SF_NO,NO,7.0,True,False,False,False,W,True
2020,2020_10_TB_CAR,TB,-1.0,False,False,True,False,W,True
2020,2020_10_WAS_DET,DET,11.0,True,False,False,True,W,True
2020,2020_11_ARI_SEA,ARI,-6.0,False,False,True,False,L,False
2020,2020_11_ATL_NO,NO,1.0,True,False,False,False,W,True
2020,2020_11_CIN_WAS,CIN,2.0,True,False,False,False,L,False
2020,2020_11_DAL_MIN,MIN,-6.0,False,False,True,False,L,False
2020,2020_11_DET_CAR,DET,-7.0,False,False,True,False,L,False
2020,2020_11_GB_IND,IND,-7.0,False,False,True,False,W,True
2020,2020_11_KC_LV,KC,-3.0,False,False,True,False,W,True
2020,2020_11_LA_TB,LA,0.0,False,True,False,True,W,True
2020,2020_11_MIA_DEN,DEN,0.0,False,True,False,True,W,True
2020,2020_11_NE_HOU,NE,-4.0,False,False,True,False,L,False
2020,2020_11_NYJ_LAC,NYJ,-15.0,False,False,True,False,L,False
2020,2020_11_PHI_CLE,PHI,-7.0,False,False,True,False,L,False
2020,2020_11_PIT_JAX,PIT,14.0,True,False,False,False,W,True
2020,2020_11_TEN_BAL,TEN,-4.0,False,False,True,False,W,True
2020,2020_12_ARI_NE,ARI,3.0,True,False,False,False,L,False
2020,2020_12_BAL_PIT,PIT,5.0,True,False,False,False,W,True
2020,2020_12_CAR_MIN,MIN,0.0,False,True,False,True,W,True
2020,2020_12_CHI_GB,CHI,-24.0,False,False,True,True,L,False
2020,2020_12_CLE_JAX,CLE,4.0,True,False,False,False,W,True
2020,2020_12_HOU_DET,DET,-9.0,False,False,True,False,L,False
2020,2020_12_KC_TB,TB,-10.0,False,False,True,False,L,False
2020,2020_12_LAC_BUF,BUF,11.0,True,False,False,False,W,True
2020,2020_12_LV_ATL,LV,-10.0,False,False,True,False,L,False
2020,2020_12_MIA_NYJ,MIA,10.0,True,False,False,False,W,True
2020,2020_12_NO_DEN,NO,14.0,True,False,False,True,W,True
2020,2020_12_NYG_CIN,CIN,3.0,True,False,False,False,L,False
2020,2020_12_SEA_PHI,SEA,14.0,True,False,False,False,W,True
2020,2020_12_SF_LA,LA,-4.0,False,False,True,False,L,False
2020,2020_12_TEN_IND,IND,-14.0,False,False,True,False,L,False
2020,2020_12_WAS_DAL,DAL,-7.0,False,False,True,True,L,False
2020,2020_13_BUF_SF,SF,-7.0,False,False,True,False,L,False
2020,2020_13_CIN_MIA,MIA,-4.0,False,False,True,True,W,True
2020,2020_13_CLE_TEN,TEN,-31.0,False,False,True,False,L,False
2020,2020_13_DAL_BAL,BAL,7.0,True,False,False,False,W,True
2020,2020_13_DEN_KC,KC,-4.0,False,False,True,True,W,True
2020,2020_13_DET_CHI,DET,-10.0,False,False,True,False,W,True
2020,2020_13_IND_HOU,IND,7.0,True,False,False,False,W,True
2020,2020_13_JAX_MIN,MIN,-3.0,False,False,True,False,W,True
2020,2020_13_LA_ARI,LA,7.0,True,False,False,False,W,True
2020,2020_13_LV_NYJ,LV,4.0,True,False,False,False,W,True
2020,2020_13_NE_LAC,LAC,-21.0,False,False,True,False,L,False
2020,2020_13_NO_ATL,NO,8.0,True,False,False,False,W,True
2020,2020_13_NYG_SEA,NYG,-5.0,False,False,True,False,W,True
2020,2020_13_PHI_GB,GB,11.0,True,False,False,False,W,True
2020,2020_13_WAS_PIT,WAS,-14.0,False,False,True,True,W,True
2020,2020_14_ARI_NYG,ARI,13.0,True,False,False,False,W,True
2020,2020_14_ATL_LAC,LAC,-7.0,False,False,True,False,W,True
2020,2020_14_BAL_CLE,BAL,6.0,True,False,False,False,W,True
2020,2020_14_DAL_CIN,DAL,17.0,True,False,False,False,W,True
2020,2020_14_DEN_CAR,CAR,-6.0,False,False,True,False,L,False
2020,2020_14_GB_DET,GB,0.0,False,True,False,False,W,True
2020,2020_14_HOU_CHI,CHI,16.0,True,False,False,True,W,True
2020,2020_14_IND_LV,LV,-3.0,False,False,True,False,L,False
2020,2020_14_KC_MIA,KC,4.0,True,False,False,False,W,True
2020,2020_14_MIN_TB,TB,8.0,True,False,False,True,W,True
2020,2020_14_NE_LA,NE,-14.0,False,False,True,False,L,False
2020,2020_14_NO_PHI,PHI,17.0,True,False,False,False,W,True
2020,2020_14_NYJ_SEA,SEA,20.0,True,False,False,False,W,True
2020,2020_14_PIT_BUF,BUF,2.0,True,False,False,False,W,True
2020,2020_14_TEN_JAX,TEN,11.0,True,False,False,True,W,True
2020,2020_14_WAS_SF,WAS,6.0,True,False,False,False,W,True
2020,2020_15_BUF_DEN,BUF,14.0,True,False,False,False,W,True
2020,2020_15_CAR_GB,GB,18.0,True,False,False,False,W,True
2020,2020_15_CHI_MIN,MIN,-13.0,False,False,True,True,L,False
2020,2020_15_CLE_NYG,CLE,4.0,True,False,False,True,W,True
2020,2020_15_DET_TEN,DET,-6.0,False,False,True,False,L,False
2020,2020_15_HOU_IND,IND,7.0,True,False,False,False,W,True
2020,2020_15_JAX_BAL,JAX,-26.0,False,False,True,False,L,False
2020,2020_15_KC_NO,NO,-7.0,False,False,True,True,L,False
2020,2020_15_LAC_LV,LAC,0.0,False,True,False,True,W,True
2020,2020_15_NE_MIA,MIA,-6.0,False,False,True,False,W,True
2020,2020_15_NYJ_LA,NYJ,13.0,True,False,False,False,W,True
2020,2020_15_PHI_ARI,PHI,-6.0,False,False,True,False,L,False
2020,2020_15_PIT_CIN,CIN,17.0,True,False,False,False,W,True
2020,2020_15_SEA_WAS,SEA,13.0,True,False,False,False,W,True
2020,2020_15_SF_DAL,DAL,3.0,True,False,False,False,W,True
2020,2020_15_TB_ATL,TB,-14.0,False,False,True,False,W,True
2020,2020_16_ATL_KC,KC,-1.0,False,False,True,False,W,True
2020,2020_16_BUF_NE,BUF,15.0,True,False,False,False,W,True
2020,2020_16_CAR_WAS,CAR,17.0,True,False,False,False,W,True
2020,2020_16_CHI_JAX,CHI,0.0,False,True,False,True,W,True
2020,2020_16_CIN_HOU,CIN,0.0,False,True,False,False,W,True
2020,2020_16_CLE_NYJ,NYJ,10.0,True,False,False,False,W,True
2020,2020_16_DEN_LAC,DEN,-13.0,False,False,True,False,L,False
2020,2020_16_IND_PIT,IND,14.0,True,False,False,False,L,False
2020,2020_16_LA_SEA,SEA,0.0,False,True,False,False,W,True
2020,2020_16_MIA_LV,MIA,-4.0,False,False,True,False,W,True
2020,2020_16_MIN_NO,MIN,-10.0,False,False,True,False,L,False
2020,2020_16_NYG_BAL,NYG,-14.0,False,False,True,False,L,False
2020,2020_16_PHI_DAL,DAL,-4.0,False,False,True,True,W,True
2020,2020_16_SF_ARI,SF,1.0,True,False,False,False,W,True
2020,2020_16_TB_DET,DET,-34.0,False,False,True,False,L,False
2020,2020_16_TEN_GB,TEN,-12.0,False,False,True,False,L,False
2020,2020_17_ARI_LA,LA,4.0,True,False,False,False,W,True
2020,2020_17_ATL_TB,ATL,-10.0,False,False,True,False,L,False
2020,2020_17_BAL_CIN,CIN,-14.0,False,False,True,False,L,False
2020,2020_17_DAL_NYG,DAL,-14.0,False,False,True,True,L,False
2020,2020_17_GB_CHI,GB,11.0,True,False,False,False,W,True
2020,2020_17_JAX_IND,IND,14.0,True,False,False,False,W,True
2020,2020_17_LAC_KC,LAC,2.0,True,False,False,True,W,True
2020,2020_17_LV_DEN,DEN,-6.0,False,False,True,False,L,False
2020,2020_17_MIA_BUF,MIA,-22.0,False,False,True,False,L,False
2020,2020_17_MIN_DET,DET,2.0,True,False,False,False,L,False
2020,2020_17_NO_CAR,NO,6.0,True,False,False,True,W,True
2020,2020_17_NYJ_NE,NYJ,0.0,False,True,False,False,L,False
2020,2020_17_PIT_CLE,CLE,4.0,True,False,False,False,W,True
2020,2020_17_SEA_SF,SF,-6.0,False,False,True,True,L,False
2020,2020_17_TEN_HOU,TEN,11.0,True,False,False,False,W,True
2020,2020_17_WAS_PHI,WAS,-4.0,False,False,True,True,W,True
2020,2020_18_BAL_TEN,BAL,0.0,False,True,False,False,W,True
2020,2020_18_CHI_NO,CHI,-4.0,False,False,True,False,L,False
2020,2020_18_CLE_PIT,CLE,28.0,True,False,False,False,W,True
2020,2020_18_IND_BUF,BUF,-3.0,False,False,True,True,W,True
2020,2020_18_LA_SEA,SEA,-10.0,False,False,True,False,L,False
2020,2020_18_TB_WAS,WAS,-11.0,False,False,True,False,L,False
2020,2020_19_BAL_BUF,BUF,3.0,True,False,False,False,W,True
2020,2020_19_CLE_KC,CLE,-13.0,False,False,True,False,L,False
2020,2020_19_LA_GB,GB,7.0,True,False,False,True,W,True
2020,2020_19_TB_NO,NO,3.0,True,False,False,False,L,False
2020,2020_20_BUF_KC,KC,12.0,True,False,False,False,W,True
2020,2020_20_TB_GB,GB,-4.0,False,False,True,False,L,False
2020,2020_21_KC_TB,KC,-8.0,False,False,True,False,L,False
2021,2021_01_ARI_TEN,ARI,18.0,True,False,False,False,W,True
2021,2021_01_BAL_LV,BAL,7.0,True,False,False,False,L,False
2021,2021_01_CHI_LA,LA,6.0,True,False,False,False,W,True
2021,2021_01_CLE_KC,KC,-12.0,False,False,True,False,W,True
2021,2021_01_DAL_TB,DAL,-5.0,False,False,True,False,L,False
2021,2021_01_DEN_NYG,DEN,-4.0,False,False,True,True,W,True
2021,2021_01_GB_NO,GB,-17.0,False,False,True,True,L,False
2021,2021_01_JAX_HOU,JAX,-13.0,False,False,True,False,L,False
2021,2021_01_LAC_WAS,WAS,-7.0,False,False,True,True,L,False
2021,2021_01_MIA_NE,MIA,-3.0,False,False,True,True,W,True
2021,2021_01_MIN_CIN,CIN,7.0,True,False,False,False,W,True
2021,2021_01_NYJ_CAR,CAR,16.0,True,False,False,False,W,True
2021,2021_01_PHI_ATL,PHI,1.0,True,False,False,True,W,True
2021,2021_01_PIT_BUF,PIT,-3.0,False,False,True,False,W,True
2021,2021_01_SEA_IND,SEA,11.0,True,False,False,False,W,True
2021,2021_01_SF_DET,SF,18.0,True,False,False,True,W,True
2021,2021_02_ATL_TB,ATL,-14.0,False,False,True,True,L,False
2021,2021_02_BUF_MIA,BUF,14.0,True,False,False,False,W,True
2021,2021_02_CIN_CHI,CIN,-7.0,False,False,True,False,L,False
2021,2021_02_DAL_LAC,LAC,-3.0,False,False,True,False,L,False
2021,2021_02_DEN_JAX,DEN,3.0,True,False,False,False,W,True
2021,2021_02_DET_GB,GB,0.0,False,True,False,False,W,True
2021,2021_02_HOU_CLE,HOU,0.0,False,True,False,False,L,False
2021,2021_02_KC_BAL,KC,7.0,True,False,False,False,L,False
2021,2021_02_LA_IND,LA,7.0,True,False,False,False,W,True
2021,2021_02_LV_PIT,LV,-1.0,False,False,True,True,W,True
2021,2021_02_MIN_ARI,ARI,1.0,True,False,False,True,W,True
2021,2021_02_NE_NYJ,NYJ,-7.0,False,False,True,False,L,False
2021,2021_02_NO_CAR,NO,-17.0,False,False,True,False,L,False
2021,2021_02_NYG_WAS,NYG,3.0,True,False,False,False,L,False
2021,2021_02_SF_PHI,PHI,3.0,True,False,False,False,L,False
2021,2021_02_TEN_SEA,TEN,-8.0,False,False,True,False,W,True
2021,2021_03_ARI_JAX,ARI,7.0,True,False,False,False,W,True
2021,2021_03_ATL_NYG,NYG,-1.0,False,False,True,False,L,False
2021,2021_03_BAL_DET,BAL,10.0,True,False,False,False,W,True
2021,2021_03_CAR_HOU,HOU,-7.0,False,False,True,True,L,False
2021,2021_03_CHI_CLE,CHI,0.0,False,True,False,False,L,False
2021,2021_03_CIN_PIT,CIN,7.0,True,False,False,False,W,True
2021,2021_03_GB_SF,SF,-17.0,False,False,True,True,L,False
2021,2021_03_IND_TEN,IND,-7.0,False,False,True,True,L,False
2021,2021_03_LAC_KC,KC,-14.0,False,False,True,True,L,False
2021,2021_03_MIA_LV,MIA,2.0,True,False,False,False,L,False
2021,2021_03_NO_NE,NE,-11.0,False,False,True,False,L,False
2021,2021_03_NYJ_DEN,NYJ,-17.0,False,False,True,False,L,False
2021,2021_03_PHI_DAL,PHI,-13.0,False,False,True,False,L,False
2021,2021_03_SEA_MIN,MIN,-3.0,False,False,True,True,W,True
2021,2021_03_TB_LA,LA,7.0,True,False,False,False,W,True
2021,2021_03_WAS_BUF,WAS,-10.0,False,False,True,False,L,False
2021,2021_04_ARI_LA,ARI,8.0,True,False,False,True,W,True
2021,2021_04_BAL_DEN,BAL,7.0,True,False,False,True,W,True
2021,2021_04_CAR_DAL,CAR,1.0,True,False,False,False,L,False
2021,2021_04_CLE_MIN,CLE,1.0,True,False,False,True,W,True
2021,2021_04_DET_CHI,DET,-14.0,False,False,True,False,L,False
2021,2021_04_HOU_BUF,BUF,13.0,True,False,False,True,W,True
2021,2021_04_IND_MIA,IND,4.0,True,False,False,False,W,True
2021,2021_04_JAX_CIN,CIN,-14.0,False,False,True,False,W,True
2021,2021_04_KC_PHI,KC,8.0,True,False,False,False,W,True
2021,2021_04_LV_LAC,LV,-20.0,False,False,True,False,L,False
2021,2021_04_NYG_NO,NO,-7.0,False,False,True,True,L,False
2021,2021_04_PIT_GB,GB,4.0,True,False,False,True,W,True
2021,2021_04_SEA_SF,SF,0.0,False,True,False,False,L,False
2021,2021_04_TB_NE,TB,-4.0,False,False,True,True,W,True
2021,2021_04_TEN_NYJ,TEN,2.0,True,False,False,False,L,False
2021,2021_04_WAS_ATL,WAS,3.0,True,False,False,False,W,True
2021,2021_05_BUF_KC,BUF,14.0,True,False,False,False,W,True
2021,2021_05_CHI_LV,LV,-11.0,False,False,True,False,L,False
2021,2021_05_CLE_LAC,CLE,4.0,True,False,False,True,L,False
2021,2021_05_DEN_PIT,DEN,-7.0,False,False,True,False,L,False
2021,2021_05_DET_MIN,MIN,7.0,True,False,False,False,W,True
2021,2021_05_GB_CIN,CIN,-2.0,False,False,True,False,L,False
2021,2021_05_IND_BAL,IND,4.0,True,False,False,True,L,False
2021,2021_05_LA_SEA,SEA,4.0,True,False,False,False,L,False
2021,2021_05_MIA_TB,TB,14.0,True,False,False,False,W,True
2021,2021_05_NE_HOU,NE,-9.0,False,False,True,True,W,True
2021,2021_05_NO_WAS,WAS,0.0,False,True,False,False,L,False
2021,2021_05_NYG_DAL,NYG,-7.0,False,False,True,False,L,False
2021,2021_05_NYJ_ATL,NYJ,-14.0,False,False,True,False,L,False
2021,2021_05_PHI_CAR,CAR,12.0,True,False,False,False,L,False
2021,2021_05_SF_ARI,ARI,10.0,True,False,False,False,W,True
2021,2021_05_TEN_JAX,TEN,11.0,True,False,False,False,W,True
2021,2021_06_ARI_CLE,ARI,16.0,True,False,False,False,W,True
2021,2021_06_BUF_TEN,BUF,3.0,True,False,False,False,L,False
2021,2021_06_CIN_DET,CIN,7.0,True,False,False,True,W,True
2021,2021_06_DAL_NE,NE,4.0,True,False,False,False,L,False
2021,2021_06_GB_CHI,CHI,-3.0,False,False,True,False,L,False
2021,2021_06_HOU_IND,IND,7.0,True,False,False,False,W,True
2021,2021_06_KC_WAS,KC,-3.0,False,False,True,False,W,True
2021,2021_06_LAC_BAL,BAL,11.0,True,False,False,False,W,True
2021,2021_06_LA_NYG,LA,25.0,True,False,False,False,W,True
2021,2021_06_LV_DEN,DEN,-9.0,False,False,True,False,L,False
2021,2021_06_MIA_JAX,JAX,-3.0,False,False,True,False,W,True
2021,2021_06_MIN_CAR,MIN,2.0,True,False,False,False,W,True
2021,2021_06_SEA_PIT,SEA,-14.0,False,False,True,False,L,False
2021,2021_06_TB_PHI,PHI,-14.0,False,False,True,False,L,False
2021,2021_07_ATL_MIA,ATL,3.0,True,False,False,True,W,True
2021,2021_07_CAR_NYG,NYG,2.0,True,False,False,False,W,True
2021,2021_07_CHI_TB,TB,25.0,True,False,False,True,W,True
2021,2021_07_CIN_BAL,BAL,0.0,False,True,False,False,L,False
2021,2021_07_DEN_CLE,DEN,-10.0,False,False,True,False,L,False
2021,2021_07_DET_LA,LA,4.0,True,False,False,False,W,True
2021,2021_07_HOU_ARI,HOU,-9.0,False,False,True,False,L,False
2021,2021_07_IND_SF,IND,1.0,True,False,False,False,W,True
2021,2021_07_KC_TEN,KC,-24.0,False,False,True,False,L,False
2021,2021_07_NO_SEA,NO,3.0,True,False,False,False,W,True
2021,2021_07_NYJ_NE,NYJ,-23.0,False,False,True,False,L,False
2021,2021_07_PHI_LV,LV,7.0,True,False,False,True,W,True
2021,2021_07_WAS_GB,WAS,0.0,False,True,False,False,L,False
2021,2021_08_CAR_ATL,ATL,4.0,True,False,False,False,L,False
2021,2021_08_CIN_NYJ,CIN,10.0,True,False,False,False,L,False
2021,2021_08_DAL_MIN,DAL,-7.0,False,False,True,False,W,True
2021,2021_08_GB_ARI,ARI,-3.0,False,False,True,False,L,False
2021,2021_08_JAX_SEA,SEA,14.0,True,False,False,True,W,True
2021,2021_08_LA_HOU,HOU,-23.0,False,False,True,False,L,False
2021,2021_08_MIA_BUF,MIA,0.0,False,True,False,False,L,False
2021,2021_08_NE_LAC,NE,-4.0,False,False,True,True,W,True
2021,2021_08_NYG_KC,NYG,-4.0,False,False,True,False,L,False
2021,2021_08_PHI_DET,PHI,17.0,True,False,False,False,W,True
2021,2021_08_PIT_CLE,PIT,0.0,False,True,False,False,W,True
2021,2021_08_SF_CHI,CHI,7.0,True,False,False,False,L,False
2021,2021_08_TB_NO,NO,3.0,True,False,False,True,W,True
2021,2021_08_TEN_IND,TEN,0.0,False,True,False,False,W,True
2021,2021_08_WAS_DEN,DEN,7.0,True,False,False,False,W,True
2021,2021_09_ARI_SF,ARI,17.0,True,False,False,False,W,True
2021,2021_09_ATL_NO,NO,-3.0,False,False,True,False,L,False
2021,2021_09_BUF_JAX,BUF,0.0,False,True,False,False,L,False
2021,2021_09_CHI_PIT,PIT,14.0,True,False,False,False,W,True
2021,2021_09_CLE_CIN,CLE,17.0,True,False,False,False,W,True
2021,2021_09_DEN_DAL,DEN,16.0,True,False,False,False,W,True
2021,2021_09_GB_KC,KC,10.0,True,False,False,True,W,True
2021,2021_09_HOU_MIA,HOU,-10.0,False,False,True,False,L,False
2021,2021_09_LAC_PHI,LAC,0.0,False,True,False,False,W,True
2021,2021_09_LV_NYG,LV,0.0,False,True,False,True,L,False
2021,2021_09_MIN_BAL,MIN,14.0,True,False,False,False,L,False
2021,2021_09_NE_CAR,CAR,-1.0,False,False,True,False,L,False
2021,2021_09_NYJ_IND,IND,11.0,True,False,False,True,W,True
2021,2021_09_TEN_LA,TEN,18.0,True,False,False,False,W,True
2021,2021_10_ATL_DAL,ATL,-33.0,False,False,True,False,L,False
2021,2021_10_BAL_MIA,MIA,0.0,False,True,False,True,W,True
2021,2021_10_BUF_NYJ,BUF,14.0,True,False,False,False,W,True
2021,2021_10_CAR_ARI,CAR,20.0,True,False,False,True,W,True
2021,2021_10_CLE_NE,NE,14.0,True,False,False,True,W,True
2021,2021_10_DET_PIT,DET,-3.0,False,False,True,True,T,False
2021,2021_10_JAX_IND,JAX,-14.0,False,False,True,True,L,False
2021,2021_10_KC_LV,LV,-10.0,False,False,True,False,L,False
2021,2021_10_LA_SF,SF,14.0,True,False,False,False,W,True
2021,2021_10_MIN_LAC,LAC,-3.0,False,False,True,False,L,False
2021,2021_10_NO_TEN,NO,-7.0,False,False,True,False,L,False
2021,2021_10_PHI_DEN,DEN,-7.0,False,False,True,False,L,False
2021,2021_10_SEA_GB,SEA,-3.0,False,False,True,False,L,False
2021,2021_10_TB_WAS,WAS,13.0,True,False,False,False,W,True
2021,2021_11_ARI_SEA,ARI,7.0,True,False,False,False,W,True
2021,2021_11_BAL_CHI,CHI,-3.0,False,False,True,False,L,False
2021,2021_11_CIN_LV,LV,-4.0,False,False,True,False,L,False
2021,2021_11_DAL_KC,KC,13.0,True,False,False,False,W,True
2021,2021_11_DET_CLE,DET,-13.0,False,False,True,False,L,False
2021,2021_11_GB_MIN,MIN,7.0,True,False,False,False,W,True
2021,2021_11_HOU_TEN,HOU,12.0,True,False,False,False,W,True
2021,2021_11_IND_BUF,BUF,-17.0,False,False,True,False,L,False
2021,2021_11_MIA_NYJ,NYJ,0.0,False,True,False,False,L,False
2021,2021_11_NE_ATL,ATL,-10.0,False,False,True,False,L,False
2021,2021_11_NO_PHI,PHI,19.0,True,False,False,False,W,True
2021,2021_11_NYG_TB,NYG,-7.0,False,False,True,False,L,False
2021,2021_11_PIT_LAC,LAC,4.0,True,False,False,True,W,True
2021,2021_11_SF_JAX,JAX,-14.0,False,False,True,False,L,False
2021,2021_11_WAS_CAR,WAS,-7.0,False,False,True,True,W,True
2021,2021_12_ATL_JAX,JAX,-11.0,False,False,True,False,L,False
2021,2021_12_BUF_NO,BUF,10.0,True,False,False,False,W,True
2021,2021_12_CAR_MIA,CAR,-14.0,False,False,True,True,L,False
2021,2021_12_CHI_DET,DET,-3.0,False,False,True,False,L,False
2021,2021_12_CLE_BAL,BAL,3.0,True,False,False,False,W,True
2021,2021_12_LAC_DEN,LAC,-7.0,False,False,True,False,L,False
2021,2021_12_LA_GB,GB,3.0,True,False,False,False,W,True
2021,2021_12_LV_DAL,LV,11.0,True,False,False,False,W,True
2021,2021_12_MIN_SF,SF,-7.0,False,False,True,True,W,True
2021,2021_12_NYJ_HOU,NYJ,-3.0,False,False,True,False,W,True
2021,2021_12_PHI_NYG,PHI,-3.0,False,False,True,False,L,False
2021,2021_12_PIT_CIN,PIT,-27.0,False,False,True,False,L,False
2021,2021_12_SEA_WAS,SEA,0.0,False,True,False,False,L,False
2021,2021_12_TB_IND,IND,3.0,True,False,False,True,L,False
2021,2021_12_TEN_NE,NE,3.0,True,False,False,False,W,True
2021,2021_13_ARI_CHI,ARI,14.0,True,False,False,False,W,True
2021,2021_13_BAL_PIT,PIT,-4.0,False,False,True,False,W,True
2021,2021_13_DAL_NO,DAL,3.0,True,False,False,True,W,True
2021,2021_13_DEN_KC,KC,7.0,True,False,False,False,W,True
2021,2021_13_IND_HOU,IND,14.0,True,False,False,False,W,True
2021,2021_13_JAX_LA,JAX,-6.0,False,False,True,False,L,False
2021,2021_13_LAC_CIN,CIN,-11.0,False,False,True,False,L,False
2021,2021_13_MIN_DET,DET,11.0,True,False,False,True,W,True
2021,2021_13_NE_BUF,BUF,-4.0,False,False,True,False,L,False
2021,2021_13_NYG_MIA,MIA,6.0,True,False,False,False,W,True
2021,2021_13_PHI_NYJ,PHI,3.0,True,False,False,True,W,True
2021,2021_13_SF_SEA,SF,9.0,True,False,False,False,L,False
2021,2021_13_TB_ATL,ATL,-10.0,False,False,True,True,L,False
2021,2021_13_WAS_LV,LV,-7.0,False,False,True,True,L,False
2021,2021_14_ATL_CAR,CAR,-10.0,False,False,True,False,L,False
2021,2021_14_BAL_CLE,BAL,-21.0,False,False,True,True,L,False
2021,2021_14_BUF_TB,BUF,-21.0,False,False,True,False,L,False
2021,2021_14_CHI_GB,GB,-3.0,False,False,True,False,W,True
2021,2021_14_DAL_WAS,WAS,-21.0,False,False,True,False,L,False
2021,2021_14_DET_DEN,DET,-4.0,False,False,True,False,L,False
2021,2021_14_JAX_TEN,JAX,-10.0,False,False,True,False,L,False
2021,2021_14_LA_ARI,LA,3.0,True,False,False,False,W,True
2021,2021_14_LV_KC,KC,35.0,True,False,False,False,W,True
2021,2021_14_NO_NYJ,NO,7.0,True,False,False,False,W,True
2021,2021_14_NYG_LAC,LAC,10.0,True,False,False,True,W,True
2021,2021_14_PIT_MIN,PIT,-23.0,False,False,True,False,L,False
2021,2021_14_SEA_HOU,SEA,6.0,True,False,False,False,W,True
2021,2021_14_SF_CIN,CIN,-4.0,False,False,True,False,L,False
2021,2021_15_ARI_DET,ARI,-10.0,False,False,True,False,L,False
2021,2021_15_ATL_SF,ATL,-7.0,False,False,True,False,L,False
2021,2021_15_CAR_BUF,BUF,6.0,True,False,False,True,W,True
2021,2021_15_CIN_DEN,DEN,0.0,False,True,False,False,L,False
2021,2021_15_DAL_NYG,NYG,-9.0,False,False,True,False,L,False
2021,2021_15_GB_BAL,GB,0.0,False,True,False,False,W,True
2021,2021_15_HOU_JAX,JAX,-7.0,False,False,True,False,L,False
2021,2021_15_KC_LAC,KC,-4.0,False,False,True,False,W,True
2021,2021_15_LV_CLE,LV,10.0,True,False,False,False,W,True
2021,2021_15_MIN_CHI,CHI,-7.0,False,False,True,False,L,False
2021,2021_15_NE_IND,NE,-17.0,False,False,True,False,L,False
2021,2021_15_NO_TB,TB,-6.0,False,False,True,False,L,False
2021,2021_15_NYJ_MIA,NYJ,7.0,True,False,False,False,L,False
2021,2021_15_SEA_LA,SEA,-3.0,False,False,True,True,L,False
2021,2021_15_TEN_PIT,TEN,7.0,True,False,False,True,L,False
2021,2021_15_WAS_PHI,PHI,0.0,False,True,False,False,W,True
2021,2021_16_BAL_CIN,BAL,-10.0,False,False,True,False,L,False
2021,2021_16_BUF_NE,BUF,10.0,True,False,False,False,W,True
2021,2021_16_CHI_SEA,CHI,-7.0,False,False,True,False,W,True
2021,2021_16_CLE_GB,GB,2.0,True,False,False,True,W,True
2021,2021_16_DEN_LV,LV,1.0,True,False,False,False,W,True
2021,2021_16_DET_ATL,DET,0.0,False,True,False,False,L,False
2021,2021_16_IND_ARI,IND,3.0,True,False,False,True,W,True
2021,2021_16_JAX_NYJ,NYJ,1.0,True,False,False,False,W,True
2021,2021_16_LAC_HOU,HOU,4.0,True,False,False,False,W,True
2021,2021_16_LA_MIN,LA,7.0,True,False,False,True,W,True
2021,2021_16_MIA_NO,NO,-7.0,False,False,True,False,L,False
2021,2021_16_NYG_PHI,NYG,0.0,False,True,False,False,L,False
2021,2021_16_PIT_KC,KC,23.0,True,False,False,False,W,True
2021,2021_16_SF_TEN,TEN,-10.0,False,False,True,False,W,True
2021,2021_16_TB_CAR,CAR,-13.0,False,False,True,False,L,False
2021,2021_16_WAS_DAL,WAS,-28.0,False,False,True,False,L,False
2021,2021_17_ARI_DAL,ARI,3.0,True,False,False,True,W,True
2021,2021_17_ATL_BUF,BUF,2.0,True,False,False,False,W,True
2021,2021_17_CAR_NO,NO,-4.0,False,False,True,True,W,True
2021,2021_17_CLE_PIT,CLE,-10.0,False,False,True,False,L,False
2021,2021_17_DEN_LAC,DEN,-10.0,False,False,True,True,L,False
2021,2021_17_DET_SEA,DET,-17.0,False,False,True,False,L,False
2021,2021_17_HOU_SF,SF,-7.0,False,False,True,True,W,True
2021,2021_17_JAX_NE,NE,25.0,True,False,False,False,W,True
2021,2021_17_KC_CIN,CIN,-11.0,False,False,True,False,W,True
2021,2021_17_LA_BAL,LA,-3.0,False,False,True,False,W,True
2021,2021_17_LV_IND,IND,-10.0,False,False,True,True,L,False
2021,2021_17_MIA_TEN,TEN,14.0,True,False,False,False,W,True
2021,2021_17_MIN_GB,MIN,-20.0,False,False,True,True,L,False
2021,2021_17_NYG_CHI,CHI,16.0,True,False,False,True,W,True
2021,2021_17_PHI_WAS,PHI,-6.0,False,False,True,False,W,True
2021,2021_17_TB_NYJ,TB,-4.0,False,False,True,False,W,True
2021,2021_18_CAR_TB,TB,-4.0,False,False,True,True,W,True
2021,2021_18_CHI_MIN,MIN,-14.0,False,False,True,True,W,True
2021,2021_18_CIN_CLE,CLE,7.0,True,False,False,False,W,True
2021,2021_18_DAL_PHI,DAL,6.0,True,False,False,True,W,True
2021,2021_18_GB_DET,DET,1.0,True,False,False,True,W,True
2021,2021_18_IND_JAX,IND,-7.0,False,False,True,False,L,False
2021,2021_18_KC_DEN,KC,-4.0,False,False,True,False,W,True
2021,2021_18_LAC_LV,LAC,-3.0,False,False,True,False,L,False
2021,2021_18_NE_MIA,NE,-10.0,False,False,True,False,L,False
2021,2021_18_NO_ATL,ATL,-11.0,False,False,True,False,L,False
2021,2021_18_NYJ_BUF,NYJ,-3.0,False,False,True,False,L,False
2021,2021_18_PIT_BAL,BAL,-3.0,False,False,True,True,L,False
2021,2021_18_SEA_ARI,ARI,-7.0,False,False,True,False,L,False
2021,2021_18_SF_LA,SF,-17.0,False,False,True,True,W,True
2021,2021_18_TEN_HOU,TEN,14.0,True,False,False,True,W,True
2021,2021_18_WAS_NYG,NYG,-3.0,False,False,True,False,L,False
2021,2021_19_ARI_LA,LA,21.0,True,False,False,False,W,True
2021,2021_19_LV_CIN,CIN,14.0,True,False,False,False,W,True
2021,2021_19_NE_BUF,NE,-27.0,False,False,True,True,L,False
2021,2021_19_PHI_TB,PHI,-17.0,False,False,True,False,L,False
2021,2021_19_PIT_KC,KC,7.0,True,False,False,True,W,True
2021,2021_19_SF_DAL,DAL,-9.0,False,False,True,False,L,False
2021,2021_20_BUF_KC,KC,0.0,False,True,False,False,W,True
2021,2021_20_CIN_TEN,CIN,3.0,True,False,False,False,W,True
2021,2021_20_LA_TB,LA,17.0,True,False,False,False,W,True
2021,2021_20_SF_GB,SF,-7.0,False,False,True,False,W,True
2021,2021_21_CIN_KC,KC,11.0,True,False,False,False,L,False
2021,2021_21_SF_LA,SF,0.0,False,True,False,True,L,False
2021,2021_22_LA_CIN,CIN,-3.0,False,False,True,False,L,False
2022,2022_01_BAL_NYJ,BAL,10.0,True,False,False,False,W,True
2022,2022_01_BUF_LA,LA,-3.0,False,False,True,True,L,False
2022,2022_01_CLE_CAR,CLE,7.0,True,False,False,True,W,True
2022,2022_01_DEN_SEA,DEN,-7.0,False,False,True,True,L,False
2022,2022_01_GB_MIN,GB,-17.0,False,False,True,False,L,False
2022,2022_01_IND_HOU,HOU,7.0,True,False,False,False,T,False
2022,2022_01_JAX_WAS,WAS,11.0,True,False,False,False,W,True
2022,2022_01_KC_ARI,ARI,-13.0,False,False,True,False,L,False
2022,2022_01_LV_LAC,LV,-14.0,False,False,True,False,L,False
2022,2022_01_NE_MIA,MIA,10.0,True,False,False,True,W,True
2022,2022_01_NO_ATL,NO,-6.0,False,False,True,False,W,True
2022,2022_01_NYG_TEN,TEN,13.0,True,False,False,False,L,False
2022,2022_01_PHI_DET,PHI,7.0,True,False,False,True,W,True
2022,2022_01_PIT_CIN,CIN,-14.0,False,False,True,True,L,False
2022,2022_01_SF_CHI,SF,7.0,True,False,False,False,L,False
2022,2022_01_TB_DAL,TB,6.0,True,False,False,True,W,True
2022,2022_02_ARI_LV,ARI,-17.0,False,False,True,False,W,True
2022,2022_02_ATL_LA,LA,11.0,True,False,False,True,W,True
2022,2022_02_CAR_NYG,NYG,0.0,False,True,False,False,W,True
2022,2022_02_CHI_GB,CHI,-17.0,False,False,True,False,L,False
2022,2022_02_CIN_DAL,CIN,-11.0,False,False,True,False,L,False
2022,2022_02_HOU_DEN,DEN,-3.0,False,False,True,True,W,True
2022,2022_02_IND_JAX,JAX,17.0,True,False,False,False,W,True
2022,2022_02_LAC_KC,LAC,3.0,True,False,False,False,L,False
2022,2022_02_MIA_BAL,MIA,-20.0,False,False,True,False,W,True
2022,2022_02_MIN_PHI,MIN,-14.0,False,False,True,False,L,False
2022,2022_02_NE_PIT,NE,0.0,False,True,False,True,W,True
2022,2022_02_NYJ_CLE,CLE,7.0,True,False,False,False,L,False
2022,2022_02_SEA_SF,SEA,-20.0,False,False,True,False,L,False
2022,2022_02_TB_NO,TB,-3.0,False,False,True,False,W,True
2022,2022_02_TEN_BUF,TEN,-10.0,False,False,True,False,L,False
2022,2022_02_WAS_DET,WAS,-22.0,False,False,True,False,L,False
2022,2022_03_ATL_SEA,ATL,0.0,False,True,False,False,W,True
2022,2022_03_BAL_NE,NE,-3.0,False,False,True,True,L,False
2022,2022_03_BUF_MIA,MIA,0.0,False,True,False,False,W,True
2022,2022_03_CIN_NYJ,NYJ,-14.0,False,False,True,True,L,False
2022,2022_03_DAL_NYG,NYG,-3.0,False,False,True,False,L,False
2022,2022_03_DET_MIN,MIN,0.0,False,True,False,False,W,True
2022,2022_03_GB_TB,GB,11.0,True,False,False,False,W,True
2022,2022_03_HOU_CHI,HOU,1.0,True,False,False,False,L,False
2022,2022_03_JAX_LAC,LAC,-9.0,False,False,True,False,L,False
2022,2022_03_KC_IND,KC,4.0,True,False,False,False,L,False
2022,2022_03_LA_ARI,LA,10.0,True,False,False,False,W,True
2022,2022_03_LV_TEN,LV,-11.0,False,False,True,False,L,False
2022,2022_03_NO_CAR,NO,-13.0,False,False,True,False,L,False
2022,2022_03_PHI_WAS,PHI,17.0,True,False,False,True,W,True
2022,2022_03_PIT_CLE,PIT,1.0,True,False,False,False,L,False
2022,2022_03_SF_DEN,DEN,-4.0,False,False,True,False,W,True
2022,2022_04_ARI_CAR,CAR,4.0,True,False,False,True,L,False
2022,2022_04_BUF_BAL,BAL,17.0,True,False,False,False,L,False
2022,2022_04_CHI_NYG,CHI,-5.0,False,False,True,False,L,False
2022,2022_04_CLE_ATL,ATL,3.0,True,False,False,False,W,True
2022,2022_04_DEN_LV,DEN,0.0,False,True,False,False,L,False
2022,2022_04_JAX_PHI,PHI,0.0,False,True,False,True,W,True
2022,2022_04_KC_TB,KC,18.0,True,False,False,False,W,True
2022,2022_04_LAC_HOU,LAC,17.0,True,False,False,True,W,True
2022,2022_04_LA_SF,SF,8.0,True,False,False,False,W,True
2022,2022_04_MIA_CIN,MIA,-8.0,False,False,True,True,L,False
2022,2022_04_MIN_NO,NO,-3.0,False,False,True,False,L,False
2022,2022_04_NE_GB,GB,4.0,True,False,False,False,W,True
2022,2022_04_NYJ_PIT,NYJ,7.0,True,False,False,False,W,True
2022,2022_04_SEA_DET,DET,-15.0,False,False,True,True,L,False
2022,2022_04_TEN_IND,TEN,14.0,True,False,False,False,W,True
2022,2022_04_WAS_DAL,WAS,-5.0,False,False,True,False,L,False
2022,2022_05_ATL_TB,ATL,-10.0,False,False,True,False,L,False
2022,2022_05_CHI_MIN,CHI,-11.0,False,False,True,False,L,False
2022,2022_05_CIN_BAL,BAL,3.0,True,False,False,False,W,True
2022,2022_05_DAL_LA,DAL,6.0,True,False,False,False,W,True
2022,2022_05_DET_NE,NE,13.0,True,False,False,True,W,True
2022,2022_05_HOU_JAX,JAX,-3.0,False,False,True,True,L,False
2022,2022_05_IND_DEN,DEN,6.0,True,False,False,False,L,False
2022,2022_05_LAC_CLE,LAC,-4.0,False,False,True,False,W,True
2022,2022_05_LV_KC,KC,-10.0,False,False,True,True,W,True
2022,2022_05_MIA_NYJ,MIA,-12.0,False,False,True,True,L,False
2022,2022_05_NYG_GB,NYG,-7.0,False,False,True,False,W,True
2022,2022_05_PHI_ARI,PHI,7.0,True,False,False,False,W,True
2022,2022_05_PIT_BUF,PIT,-28.0,False,False,True,False,L,False
2022,2022_05_SEA_NO,SEA,-4.0,False,False,True,True,L,False
2022,2022_05_SF_CAR,CAR,-14.0,False,False,True,False,L,False
2022,2022_05_TEN_WAS,WAS,3.0,True,False,False,False,L,False
2022,2022_06_ARI_SEA,SEA,3.0,True,False,False,True,W,True
2022,2022_06_BAL_NYG,NYG,-3.0,False,False,True,False,W,True
2022,2022_06_BUF_KC,KC,4.0,True,False,False,True,L,False
2022,2022_06_CAR_LA,LA,-3.0,False,False,True,False,W,True
2022,2022_06_CIN_NO,NO,3.0,True,False,False,True,L,False
2022,2022_06_DAL_PHI,PHI,17.0,True,False,False,False,W,True
2022,2022_06_DEN_LAC,DEN,0.0,False,True,False,True,L,False
2022,2022_06_JAX_IND,JAX,4.0,True,False,False,False,L,False
2022,2022_06_MIN_MIA,MIA,-4.0,False,False,True,False,L,False
2022,2022_06_NE_CLE,NE,7.0,True,False,False,False,W,True
2022,2022_06_NYJ_GB,NYJ,3.0,True,False,False,False,W,True
2022,2022_06_SF_ATL,SF,-7.0,False,False,True,False,L,False
2022,2022_06_TB_PIT,PIT,4.0,True,False,False,False,W,True
2022,2022_06_WAS_CHI,WAS,3.0,True,False,False,False,W,True
2022,2022_07_ATL_CIN,ATL,-14.0,False,False,True,True,L,False
2022,2022_07_CHI_NE,CHI,3.0,True,False,False,True,W,True
2022,2022_07_CLE_BAL,BAL,3.0,True,False,False,False,W,True
2022,2022_07_DET_DAL,DET,3.0,True,False,False,False,L,False
2022,2022_07_GB_WAS,WAS,-4.0,False,False,True,False,W,True
2022,2022_07_HOU_LV,HOU,1.0,True,False,False,False,L,False
2022,2022_07_IND_TEN,IND,-13.0,False,False,True,False,L,False
2022,2022_07_KC_SF,KC,1.0,True,False,False,False,W,True
2022,2022_07_NO_ARI,ARI,14.0,True,False,False,False,W,True
2022,2022_07_NYG_JAX,JAX,-2.0,False,False,True,False,L,False
2022,2022_07_NYJ_DEN,DEN,2.0,True,False,False,False,L,False
2022,2022_07_PIT_MIA,PIT,-3.0,False,False,True,False,L,False
2022,2022_07_SEA_LAC,LAC,-10.0,False,False,True,False,L,False
2022,2022_07_TB_CAR,CAR,6.0,True,False,False,False,W,True
2022,2022_08_ARI_MIN,ARI,-4.0,False,False,True,False,L,False
2022,2022_08_BAL_TB,TB,7.0,True,False,False,False,L,False
2022,2022_08_CAR_ATL,CAR,-4.0,False,False,True,False,L,False
2022,2022_08_CHI_DAL,CHI,-14.0,False,False,True,True,L,False
2022,2022_08_CIN_CLE,CLE,8.0,True,False,False,True,W,True
2022,2022_08_DEN_JAX,JAX,3.0,True,False,False,False,L,False
2022,2022_08_GB_BUF,GB,-14.0,False,False,True,False,L,False
2022,2022_08_LV_NO,NO,17.0,True,False,False,False,W,True
2022,2022_08_MIA_DET,MIA,-7.0,False,False,True,False,W,True
2022,2022_08_NE_NYJ,NE,-7.0,False,False,True,True,W,True
2022,2022_08_NYG_SEA,NYG,-3.0,False,False,True,False,L,False
2022,2022_08_PIT_PHI,PHI,11.0,True,False,False,False,W,True
2022,2022_08_SF_LA,SF,-4.0,False,False,True,False,W,True
2022,2022_08_TEN_HOU,HOU,-4.0,False,False,True,False,L,False
2022,2022_08_WAS_IND,WAS,4.0,True,False,False,False,W,True
2022,2022_09_BAL_NO,BAL,14.0,True,False,False,False,W,True
2022,2022_09_BUF_NYJ,NYJ,-4.0,False,False,True,False,W,True
2022,2022_09_CAR_CIN,CAR,-28.0,False,False,True,False,L,False
2022,2022_09_GB_DET,GB,0.0,False,True,False,False,L,False
2022,2022_09_IND_NE,IND,-13.0,False,False,True,False,L,False
2022,2022_09_LAC_ATL,LAC,4.0,True,False,False,False,W,True
2022,2022_09_LA_TB,TB,-4.0,False,False,True,True,W,True
2022,2022_09_LV_JAX,JAX,-13.0,False,False,True,True,W,True
2022,2022_09_MIA_CHI,MIA,4.0,True,False,False,False,W,True
2022,2022_09_MIN_WAS,WAS,-4.0,False,False,True,False,L,False
2022,2022_09_PHI_HOU,PHI,0.0,False,True,False,False,W,True
2022,2022_09_SEA_ARI,ARI,-3.0,False,False,True,False,L,False
2022,2022_09_TEN_KC,TEN,5.0,True,False,False,False,L,False
2022,2022_10_ARI_LA,ARI,7.0,True,False,False,True,W,True
2022,2022_10_ATL_CAR,CAR,13.0,True,False,False,False,W,True
2022,2022_10_CLE_MIA,MIA,10.0,True,False,False,False,W,True
2022,2022_10_DAL_GB,GB,7.0,True,False,False,False,W,True
2022,2022_10_DEN_TEN,DEN,10.0,True,False,False,False,L,False
2022,2022_10_DET_CHI,DET,7.0,True,False,False,False,W,True
2022,2022_10_HOU_NYG,NYG,4.0,True,False,False,False,W,True
2022,2022_10_IND_LV,IND,3.0,True,False,False,True,W,True
2022,2022_10_JAX_KC,JAX,-20.0,False,False,True,True,L,False
2022,2022_10_LAC_SF,SF,-3.0,False,False,True,False,W,True
2022,2022_10_MIN_BUF,MIN,-13.0,False,False,True,False,W,True
2022,2022_10_NO_PIT,NO,-7.0,False,False,True,True,L,False
2022,2022_10_SEA_TB,SEA,-14.0,False,False,True,False,L,False
2022,2022_10_WAS_PHI,PHI,-3.0,False,False,True,False,L,False
2022,2022_11_CAR_BAL,CAR,0.0,False,True,False,False,L,False
2022,2022_11_CHI_ATL,CHI,3.0,True,False,False,False,L,False
2022,2022_11_CIN_PIT,PIT,0.0,False,True,False,True,L,False
2022,2022_11_CLE_BUF,BUF,-4.0,False,False,True,True,W,True
2022,2022_11_DAL_MIN,DAL,17.0,True,False,False,True,W,True
2022,2022_11_DET_NYG,DET,11.0,True,False,False,False,W,True
2022,2022_11_KC_LAC,LAC,4.0,True,False,False,True,L,False
2022,2022_11_LA_NO,NO,3.0,True,False,False,False,W,True
2022,2022_11_LV_DEN,DEN,3.0,True,False,False,False,L,False
2022,2022_11_NYJ_NE,NYJ,0.0,False,True,False,False,L,False
2022,2022_11_PHI_IND,PHI,-4.0,False,False,True,False,W,True
2022,2022_11_SF_ARI,SF,7.0,True,False,False,False,W,True
2022,2022_11_TEN_GB,GB,-8.0,False,False,True,False,L,False
2022,2022_11_WAS_HOU,HOU,-17.0,False,False,True,False,L,False
2022,2022_12_ATL_WAS,WAS,0.0,False,True,False,False,W,True
2022,2022_12_BAL_JAX,JAX,-2.0,False,False,True,True,W,True
2022,2022_12_BUF_DET,BUF,0.0,False,True,False,True,W,True
2022,2022_12_CHI_NYJ,CHI,-4.0,False,False,True,False,L,False
2022,2022_12_CIN_TEN,TEN,0.0,False,True,False,False,L,False
2022,2022_12_DEN_CAR,DEN,-7.0,False,False,True,False,L,False
2022,2022_12_GB_PHI,GB,0.0,False,True,False,False,L,False
2022,2022_12_HOU_MIA,MIA,27.0,True,False,False,True,W,True
2022,2022_12_LAC_ARI,ARI,-4.0,False,False,True,True,L,False
2022,2022_12_LA_KC,LA,-7.0,False,False,True,False,L,False
2022,2022_12_LV_SEA,SEA,-1.0,False,False,True,False,L,False
2022,2022_12_NE_MIN,NE,-3.0,False,False,True,True,L,False
2022,2022_12_NO_SF,SF,3.0,True,False,False,True,W,True
2022,2022_12_NYG_DAL,DAL,-3.0,False,False,True,False,W,True
2022,2022_12_PIT_IND,IND,-13.0,False,False,True,False,L,False
2022,2022_12_TB_CLE,TB,0.0,False,True,False,False,L,False
2022,2022_13_BUF_NE,BUF,10.0,True,False,False,False,W,True
2022,2022_13_CLE_HOU,CLE,2.0,True,False,False,False,W,True
2022,2022_13_DEN_BAL,BAL,-3.0,False,False,True,False,W,True
2022,2022_13_GB_CHI,GB,-13.0,False,False,True,True,W,True
2022,2022_13_IND_DAL,IND,-1.0,False,False,True,False,L,False
2022,2022_13_JAX_DET,DET,17.0,True,False,False,False,W,True
2022,2022_13_KC_CIN,KC,-4.0,False,False,True,False,L,False
2022,2022_13_LAC_LV,LAC,3.0,True,False,False,False,L,False
2022,2022_13_MIA_SF,SF,0.0,False,True,False,True,W,True
2022,2022_13_NO_TB,NO,4.0,True,False,False,True,L,False
2022,2022_13_NYJ_MIN,MIN,17.0,True,False,False,False,W,True
2022,2022_13_PIT_ATL,ATL,-10.0,False,False,True,False,L,False
2022,2022_13_SEA_LA,SEA,1.0,True,False,False,False,W,True
2022,2022_13_TEN_PHI,TEN,-11.0,False,False,True,False,L,False
2022,2022_13_WAS_NYG,WAS,3.0,True,False,False,False,T,False
2022,2022_14_BAL_PIT,PIT,-6.0,False,False,True,False,L,False
2022,2022_14_CAR_SEA,SEA,-13.0,False,False,True,True,L,False
2022,2022_14_CLE_CIN,CLE,-4.0,False,False,True,False,L,False
2022,2022_14_HOU_DAL,HOU,0.0,False,True,False,True,L,False
2022,2022_14_JAX_TEN,JAX,-1.0,False,False,True,True,W,True
2022,2022_14_KC_DEN,DEN,-20.0,False,False,True,True,L,False
2022,2022_14_LV_LA,LA,-10.0,False,False,True,False,W,True
2022,2022_14_MIA_LAC,LAC,3.0,True,False,False,True,W,True
2022,2022_14_MIN_DET,MIN,-7.0,False,False,True,False,L,False
2022,2022_14_NE_ARI,NE,-6.0,False,False,True,True,W,True
2022,2022_14_NYJ_BUF,NYJ,-6.0,False,False,True,False,L,False
2022,2022_14_PHI_NYG,PHI,17.0,True,False,False,False,W,True
2022,2022_14_TB_SF,TB,-21.0,False,False,True,False,L,False
2022,2022_15_ARI_DEN,ARI,0.0,False,True,False,True,L,False
2022,2022_15_ATL_NO,ATL,-11.0,False,False,True,False,L,False
2022,2022_15_BAL_CLE,BAL,-3.0,False,False,True,False,L,False
2022,2022_15_CIN_TB,TB,17.0,True,False,False,False,L,False
2022,2022_15_DAL_JAX,JAX,-14.0,False,False,True,False,W,True
2022,2022_15_DET_NYJ,NYJ,-3.0,False,False,True,True,L,False
2022,2022_15_IND_MIN,MIN,-30.0,False,False,True,False,W,True
2022,2022_15_KC_HOU,KC,-7.0,False,False,True,True,W,True
2022,2022_15_LA_GB,GB,4.0,True,False,False,False,W,True
2022,2022_15_MIA_BUF,BUF,1.0,True,False,False,True,W,True
2022,2022_15_NE_LV,NE,-7.0,False,False,True,False,L,False
2022,2022_15_NYG_WAS,NYG,11.0,True,False,False,False,W,True
2022,2022_15_PHI_CHI,PHI,4.0,True,False,False,False,W,True
2022,2022_15_PIT_CAR,PIT,7.0,True,False,False,False,W,True
2022,2022_15_SF_SEA,SF,11.0,True,False,False,False,W,True
2022,2022_15_TEN_LAC,LAC,0.0,False,True,False,False,W,True
2022,2022_16_ATL_BAL,ATL,-14.0,False,False,True,True,L,False
2022,2022_16_BUF_CHI,BUF,-4.0,False,False,True,False,W,True
2022,2022_16_CIN_NE,NE,-15.0,False,False,True,False,L,False
2022,2022_16_DEN_LA,DEN,-28.0,False,False,True,True,L,False
2022,2022_16_DET_CAR,DET,-14.0,False,False,True,False,L,False
2022,2022_16_GB_MIA,GB,-10.0,False,False,True,True,W,True
2022,2022_16_HOU_TEN,HOU,3.0,True,False,False,False,W,True
2022,2022_16_JAX_NYJ,NYJ,-10.0,False,False,True,False,L,False
2022,2022_16_LAC_IND,LAC,4.0,True,False,False,True,W,True
2022,2022_16_LV_PIT,PIT,-4.0,False,False,True,False,W,True
2022,2022_16_NO_CLE,NO,-10.0,False,False,True,True,W,True
2022,2022_16_NYG_MIN,NYG,-3.0,False,False,True,False,L,False
2022,2022_16_PHI_DAL,DAL,0.0,False,True,False,False,W,True
2022,2022_16_SEA_KC,SEA,-17.0,False,False,True,True,L,False
2022,2022_16_TB_ARI,ARI,-3.0,False,False,True,True,L,False
2022,2022_16_WAS_SF,SF,7.0,True,False,False,False,W,True
2022,2022_17_ARI_ATL,ATL,4.0,True,False,False,False,W,True
2022,2022_17_CAR_TB,TB,-4.0,False,False,True,False,W,True
2022,2022_17_CHI_DET,DET,11.0,True,False,False,True,W,True
2022,2022_17_CLE_WAS,WAS,-3.0,False,False,True,True,L,False
2022,2022_17_DAL_TEN,TEN,-7.0,False,False,True,True,L,False
2022,2022_17_DEN_KC,KC,3.0,True,False,False,False,W,True
2022,2022_17_IND_NYG,NYG,18.0,True,False,False,True,W,True
2022,2022_17_JAX_HOU,JAX,21.0,True,False,False,False,W,True
2022,2022_17_LA_LAC,LAC,4.0,True,False,False,True,W,True
2022,2022_17_MIA_NE,NE,0.0,False,True,False,False,W,True
2022,2022_17_MIN_GB,GB,21.0,True,False,False,True,W,True
2022,2022_17_NO_PHI,PHI,-13.0,False,False,True,False,L,False
2022,2022_17_NYJ_SEA,NYJ,-11.0,False,False,True,False,L,False
2022,2022_17_PIT_BAL,BAL,0.0,False,True,False,True,L,False
2022,2022_17_SF_LV,SF,4.0,True,False,False,False,W,True
2022,2022_18_ARI_SF,SF,1.0,True,False,False,True,W,True
2022,2022_18_BAL_CIN,CIN,16.0,True,False,False,False,W,True
2022,2022_18_CAR_NO,CAR,-7.0,False,False,True,False,W,True
2022,2022_18_CLE_PIT,PIT,3.0,True,False,False,False,W,True
2022,2022_18_DAL_WAS,WAS,13.0,True,False,False,False,W,True
2022,2022_18_DET_GB,DET,-6.0,False,False,True,True,W,True
2022,2022_18_HOU_IND,IND,-10.0,False,False,True,False,L,False
2022,2022_18_KC_LV,LV,-18.0,False,False,True,False,L,False
2022,2022_18_LAC_DEN,DEN,-7.0,False,False,True,True,W,True
2022,2022_18_LA_SEA,LA,7.0,True,False,False,False,L,False
2022,2022_18_MIN_CHI,MIN,10.0,True,False,False,False,W,True
2022,2022_18_NE_BUF,NE,0.0,False,True,False,False,L,False
2022,2022_18_NYG_PHI,PHI,16.0,True,False,False,False,W,True
2022,2022_18_NYJ_MIA,NYJ,0.0,False,True,False,False,L,False
2022,2022_18_TB_ATL,ATL,-7.0,False,False,True,False,W,True
2022,2022_18_TEN_JAX,JAX,-3.0,False,False,True,False,W,True
2022,2022_19_BAL_CIN,BAL,-2.0,False,False,True,True,L,False
2022,2022_19_DAL_TB,TB,-18.0,False,False,True,False,L,False
2022,2022_19_LAC_JAX,LAC,27.0,True,False,False,False,L,False
2022,2022_19_MIA_BUF,MIA,0.0,False,True,False,False,L,False
2022,2022_19_NYG_MIN,NYG,3.0,True,False,False,False,W,True
2022,2022_19_SEA_SF,SF,-1.0,False,False,True,True,W,True
2022,2022_20_CIN_BUF,BUF,-10.0,False,False,True,False,L,False
2022,2022_20_DAL_SF,DAL,0.0,False,True,False,False,L,False
2022,2022_20_JAX_KC,KC,7.0,True,False,False,False,W,True
2022,2022_20_NYG_PHI,NYG,-28.0,False,False,True,False,L,False
2022,2022_21_CIN_KC,KC,10.0,True,False,False,False,W,True
2022,2022_21_SF_PHI,SF,-7.0,False,False,True,False,L,False
2022,2022_22_KC_PHI,KC,-7.0,False,False,True,False,W,True
2023,2023_01_ARI_WAS,ARI,6.0,True,False,False,False,L,False
2023,2023_01_BUF_NYJ,NYJ,-7.0,False,False,True,False,W,True
2023,2023_01_CAR_ATL,CAR,0.0,False,True,False,False,L,False
2023,2023_01_CIN_CLE,CLE,3.0,True,False,False,True,W,True
2023,2023_01_DAL_NYG,DAL,26.0,True,False,False,False,W,True
2023,2023_01_DET_KC,KC,7.0,True,False,False,False,L,False
2023,2023_01_GB_CHI,GB,1.0,True,False,False,True,W,True
2023,2023_01_HOU_BAL,HOU,-4.0,False,False,True,True,L,False
2023,2023_01_JAX_IND,JAX,7.0,True,False,False,False,W,True
2023,2023_01_LA_SEA,LA,-6.0,False,False,True,False,W,True
2023,2023_01_LV_DEN,DEN,-4.0,False,False,True,True,L,False
2023,2023_01_MIA_LAC,LAC,-3.0,False,False,True,True,L,False
2023,2023_01_PHI_NE,NE,-9.0,False,False,True,True,L,False
2023,2023_01_SF_PIT,SF,20.0,True,False,False,False,W,True
2023,2023_01_TB_MIN,TB,0.0,False,True,False,False,W,True
2023,2023_01_TEN_NO,TEN,3.0,True,False,False,False,L,False
2023,2023_02_BAL_CIN,CIN,0.0,False,True,False,False,L,False
2023,2023_02_CHI_TB,CHI,0.0,False,True,False,False,L,False
2023,2023_02_CLE_PIT,PIT,5.0,True,False,False,False,W,True
2023,2023_02_GB_ATL,ATL,-7.0,False,False,True,True,W,True
2023,2023_02_IND_HOU,HOU,-11.0,False,False,True,False,L,False
2023,2023_02_KC_JAX,KC,-3.0,False,False,True,True,W,True
2023,2023_02_LAC_TEN,TEN,-7.0,False,False,True,True,W,True
2023,2023_02_LV_BUF,BUF,4.0,True,False,False,True,W,True
2023,2023_02_MIA_NE,MIA,7.0,True,False,False,True,W,True
2023,2023_02_MIN_PHI,MIN,-3.0,False,False,True,False,L,False
2023,2023_02_NO_CAR,CAR,-3.0,False,False,True,False,L,False
2023,2023_02_NYG_ARI,NYG,-20.0,False,False,True,False,W,True
2023,2023_02_NYJ_DAL,NYJ,-11.0,False,False,True,True,L,False
2023,2023_02_SEA_DET,DET,7.0,True,False,False,False,L,False
2023,2023_02_SF_LA,LA,7.0,True,False,False,False,L,False
2023,2023_02_WAS_DEN,DEN,10.0,True,False,False,False,L,False
2023,2023_03_ATL_DET,DET,10.0,True,False,False,False,W,True
2023,2023_03_BUF_WAS,WAS,-13.0,False,False,True,False,L,False
2023,2023_03_CAR_SEA,CAR,1.0,True,False,False,False,L,False
2023,2023_03_CHI_KC,CHI,-31.0,False,False,True,False,L,False
2023,2023_03_DAL_ARI,DAL,-8.0,False,False,True,False,L,False
2023,2023_03_DEN_MIA,DEN,-25.0,False,False,True,True,L,False
2023,2023_03_HOU_JAX,JAX,-14.0,False,False,True,False,L,False
2023,2023_03_IND_BAL,BAL,-3.0,False,False,True,False,L,False
2023,2023_03_LAC_MIN,MIN,-4.0,False,False,True,False,L,False
2023,2023_03_LA_CIN,LA,3.0,True,False,False,False,L,False
2023,2023_03_NE_NYJ,NE,7.0,True,False,False,False,W,True
2023,2023_03_NO_GB,GB,-14.0,False,False,True,False,W,True
2023,2023_03_NYG_SF,NYG,-14.0,False,False,True,True,L,False
2023,2023_03_PHI_TB,PHI,7.0,True,False,False,True,W,True
2023,2023_03_PIT_LV,LV,-6.0,False,False,True,False,L,False
2023,2023_03_TEN_CLE,TEN,-10.0,False,False,True,False,L,False
2023,2023_04_ARI_SF,SF,18.0,True,False,False,False,W,True
2023,2023_04_ATL_JAX,ATL,-17.0,False,False,True,False,L,False
2023,2023_04_BAL_CLE,CLE,-11.0,False,False,True,False,L,False
2023,2023_04_CIN_TEN,TEN,14.0,True,False,False,True,W,True
2023,2023_04_DEN_CHI,DEN,-14.0,False,False,True,False,W,True
2023,2023_04_DET_GB,GB,-24.0,False,False,True,False,L,False
2023,2023_04_KC_NYJ,NYJ,-8.0,False,False,True,False,L,False
2023,2023_04_LA_IND,IND,-20.0,False,False,True,False,L,False
2023,2023_04_LV_LAC,LV,-17.0,False,False,True,False,L,False
2023,2023_04_MIA_BUF,MIA,-17.0,False,False,True,False,L,False
2023,2023_04_MIN_CAR,CAR,3.0,True,False,False,True,L,False
2023,2023_04_NE_DAL,NE,-25.0,False,False,True,False,L,False
2023,2023_04_PIT_HOU,PIT,-13.0,False,False,True,False,L,False
2023,2023_04_SEA_NYG,SEA,11.0,True,False,False,False,W,True
2023,2023_04_TB_NO,TB,4.0,True,False,False,True,W,True
2023,2023_04_WAS_PHI,PHI,-10.0,False,False,True,True,W,True
2023,2023_05_BAL_PIT,PIT,-7.0,False,False,True,False,W,True
2023,2023_05_CAR_DET,DET,21.0,True,False,False,False,W,True
2023,2023_05_CHI_WAS,WAS,-17.0,False,False,True,False,L,False
2023,2023_05_CIN_ARI,CIN,3.0,True,False,False,False,W,True
2023,2023_05_DAL_SF,DAL,-14.0,False,False,True,False,L,False
2023,2023_05_GB_LV,LV,7.0,True,False,False,False,W,True
2023,2023_05_HOU_ATL,HOU,-1.0,False,False,True,True,L,False
2023,2023_05_JAX_BUF,BUF,-4.0,False,False,True,False,L,False
2023,2023_05_KC_MIN,KC,-3.0,False,False,True,True,W,True
2023,2023_05_NO_NE,NE,-21.0,False,False,True,False,L,False
2023,2023_05_NYG_MIA,MIA,4.0,True,False,False,True,W,True
2023,2023_05_NYJ_DEN,DEN,5.0,True,False,False,False,L,False
2023,2023_05_PHI_LA,LA,4.0,True,False,False,False,L,False
2023,2023_05_TEN_IND,TEN,-4.0,False,False,True,False,L,False
2023,2023_06_ARI_LA,LA,-6.0,False,False,True,True,W,True
2023,2023_06_BAL_TEN,TEN,-12.0,False,False,True,False,L,False
2023,2023_06_CAR_MIA,MIA,7.0,True,False,False,False,W,True
2023,2023_06_DAL_LAC,LAC,0.0,False,True,False,False,L,False
2023,2023_06_DEN_KC,KC,10.0,True,False,False,True,W,True
2023,2023_06_DET_TB,DET,7.0,True,False,False,False,W,True
2023,2023_06_IND_JAX,JAX,18.0,True,False,False,False,W,True
2023,2023_06_MIN_CHI,MIN,0.0,False,True,False,True,W,True
2023,2023_06_NE_LV,NE,-7.0,False,False,True,False,L,False
2023,2023_06_NO_HOU,NO,-10.0,False,False,True,True,L,False
2023,2023_06_NYG_BUF,NYG,6.0,True,False,False,False,L,False
2023,2023_06_PHI_NYJ,PHI,8.0,True,False,False,False,L,False
2023,2023_06_SEA_CIN,CIN,4.0,True,False,False,False,W,True
2023,2023_06_SF_CLE,CLE,-3.0,False,False,True,False,W,True
2023,2023_06_WAS_ATL,ATL,-7.0,False,False,True,False,L,False
2023,2023_07_ARI_SEA,SEA,4.0,True,False,False,False,W,True
2023,2023_07_ATL_TB,ATL,0.0,False,True,False,False,W,True
2023,2023_07_BUF_NE,BUF,-10.0,False,False,True,False,L,False
2023,2023_07_CLE_IND,IND,-3.0,False,False,True,False,L,False
2023,2023_07_DET_BAL,DET,-28.0,False,False,True,False,L,False
2023,2023_07_GB_DEN,GB,-6.0,False,False,True,False,L,False
2023,2023_07_JAX_NO,NO,-11.0,False,False,True,False,L,False
2023,2023_07_LAC_KC,KC,0.0,False,True,False,True,W,True
2023,2023_07_LV_CHI,LV,-11.0,False,False,True,False,L,False
2023,2023_07_MIA_PHI,MIA,-7.0,False,False,True,False,L,False
2023,2023_07_PIT_LA,LA,0.0,False,True,False,True,L,False
2023,2023_07_SF_MIN,SF,-3.0,False,False,True,False,L,False
2023,2023_07_WAS_NYG,WAS,-14.0,False,False,True,False,L,False
2023,2023_08_ATL_TEN,ATL,-11.0,False,False,True,False,L,False
2023,2023_08_BAL_ARI,BAL,0.0,False,True,False,True,W,True
2023,2023_08_CHI_LAC,LAC,10.0,True,False,False,True,W,True
2023,2023_08_CIN_SF,CIN,4.0,True,False,False,False,W,True
2023,2023_08_CLE_SEA,SEA,3.0,True,False,False,False,W,True
2023,2023_08_HOU_CAR,CAR,-1.0,False,False,True,False,W,True
2023,2023_08_JAX_PIT,JAX,6.0,True,False,False,False,W,True
2023,2023_08_KC_DEN,DEN,8.0,True,False,False,False,W,True
2023,2023_08_LA_DAL,LA,-30.0,False,False,True,True,L,False
2023,2023_08_LV_DET,LV,-8.0,False,False,True,False,L,False
2023,2023_08_MIN_GB,MIN,10.0,True,False,False,False,W,True
2023,2023_08_NE_MIA,MIA,7.0,True,False,False,True,W,True
2023,2023_08_NO_IND,NO,4.0,True,False,False,False,W,True
2023,2023_08_NYJ_NYG,NYG,-4.0,False,False,True,False,L,False
2023,2023_08_PHI_WAS,PHI,-4.0,False,False,True,False,W,True
2023,2023_08_TB_BUF,BUF,7.0,True,False,False,False,W,True
2023,2023_09_ARI_CLE,CLE,10.0,True,False,False,True,W,True
2023,2023_09_BUF_CIN,BUF,-14.0,False,False,True,False,L,False
2023,2023_09_CHI_NO,NO,0.0,False,True,False,False,W,True
2023,2023_09_DAL_PHI,PHI,-3.0,False,False,True,False,W,True
2023,2023_09_IND_CAR,IND,16.0,True,False,False,False,W,True
2023,2023_09_LAC_NYJ,NYJ,-11.0,False,False,True,False,L,False
2023,2023_09_LA_GB,GB,4.0,True,False,False,False,W,True
2023,2023_09_MIA_KC,MIA,-21.0,False,False,True,False,L,False
2023,2023_09_MIN_ATL,MIN,-1.0,False,False,True,False,W,True
2023,2023_09_NYG_LV,LV,21.0,True,False,False,True,W,True
2023,2023_09_SEA_BAL,BAL,11.0,True,False,False,True,W,True
2023,2023_09_TB_HOU,TB,7.0,True,False,False,False,L,False
2023,2023_09_TEN_PIT,TEN,0.0,False,True,False,True,L,False
2023,2023_09_WAS_NE,NE,4.0,True,False,False,False,L,False
2023,2023_10_ATL_ARI,ATL,8.0,True,False,False,False,L,False
2023,2023_10_CAR_CHI,CAR,4.0,True,False,False,False,L,False
2023,2023_10_CLE_BAL,BAL,8.0,True,False,False,False,L,False
2023,2023_10_DEN_BUF,DEN,4.0,True,False,False,True,W,True
2023,2023_10_DET_LAC,DET,14.0,True,False,False,False,W,True
2023,2023_10_GB_PIT,GB,-4.0,False,False,True,False,L,False
2023,2023_10_HOU_CIN,HOU,0.0,False,True,False,True,W,True
2023,2023_10_IND_NE,IND,4.0,True,False,False,False,W,True
2023,2023_10_NO_MIN,NO,-14.0,False,False,True,False,L,False
2023,2023_10_NYG_DAL,NYG,-21.0,False,False,True,False,L,False
2023,2023_10_NYJ_LV,NYJ,6.0,True,False,False,False,L,False
2023,2023_10_SF_JAX,SF,7.0,True,False,False,True,W,True
2023,2023_10_TEN_TB,TB,4.0,True,False,False,False,W,True
2023,2023_10_WAS_SEA,SEA,0.0,False,True,False,False,W,True
2023,2023_11_ARI_HOU,HOU,10.0,True,False,False,False,W,True
2023,2023_11_CHI_DET,DET,-3.0,False,False,True,True,W,True
2023,2023_11_CIN_BAL,CIN,-4.0,False,False,True,False,L,False
2023,2023_11_DAL_CAR,CAR,-7.0,False,False,True,False,L,False
2023,2023_11_LAC_GB,LAC,3.0,True,False,False,False,L,False
2023,2023_11_LV_MIA,MIA,4.0,True,False,False,False,W,True
2023,2023_11_MIN_DEN,DEN,-4.0,False,False,True,True,W,True
2023,2023_11_NYG_WAS,WAS,-5.0,False,False,True,False,L,False
2023,2023_11_NYJ_BUF,BUF,10.0,True,False,False,False,W,True
2023,2023_11_PHI_KC,PHI,-7.0,False,False,True,False,W,True
2023,2023_11_PIT_CLE,PIT,-7.0,False,False,True,False,L,False
2023,2023_11_SEA_LA,SEA,13.0,True,False,False,False,L,False
2023,2023_11_TB_SF,TB,-3.0,False,False,True,False,L,False
2023,2023_11_TEN_JAX,JAX,10.0,True,False,False,True,W,True
2023,2023_12_BAL_LAC,BAL,7.0,True,False,False,False,W,True
2023,2023_12_BUF_PHI,PHI,-3.0,False,False,True,False,W,True
2023,2023_12_CAR_TEN,CAR,-11.0,False,False,True,False,L,False
2023,2023_12_CHI_MIN,MIN,-3.0,False,False,True,True,L,False
2023,2023_12_CLE_DEN,DEN,11.0,True,False,False,False,W,True
2023,2023_12_GB_DET,DET,-17.0,False,False,True,False,L,False
2023,2023_12_JAX_HOU,JAX,6.0,True,False,False,False,W,True
2023,2023_12_KC_LV,KC,-7.0,False,False,True,True,W,True
2023,2023_12_LA_ARI,ARI,-13.0,False,False,True,False,L,False
2023,2023_12_MIA_NYJ,MIA,4.0,True,False,False,True,W,True
2023,2023_12_NE_NYG,NE,-7.0,False,False,True,False,L,False
2023,2023_12_NO_ATL,ATL,5.0,True,False,False,False,W,True
2023,2023_12_PIT_CIN,CIN,4.0,True,False,False,False,L,False
2023,2023_12_SF_SEA,SEA,-21.0,False,False,True,False,L,False
2023,2023_12_TB_IND,IND,7.0,True,False,False,False,W,True
2023,2023_12_WAS_DAL,DAL,4.0,True,False,False,True,W,True
2023,2023_13_ARI_PIT,ARI,0.0,False,True,False,True,W,True
2023,2023_13_ATL_NYJ,NYJ,-2.0,False,False,True,False,L,False
2023,2023_13_CAR_TB,CAR,-4.0,False,False,True,False,L,False
2023,2023_13_CIN_JAX,JAX,0.0,False,True,False,False,L,False
2023,2023_13_CLE_LA,LA,0.0,False,True,False,True,W,True
2023,2023_13_DEN_HOU,DEN,-10.0,False,False,True,False,L,False
2023,2023_13_DET_NO,NO,-14.0,False,False,True,False,L,False
2023,2023_13_IND_TEN,IND,-7.0,False,False,True,True,W,True
2023,2023_13_KC_GB,KC,-8.0,False,False,True,False,L,False
2023,2023_13_LAC_NE,LAC,6.0,True,False,False,False,W,True
2023,2023_13_MIA_WAS,MIA,17.0,True,False,False,True,W,True
2023,2023_13_SEA_DAL,SEA,-6.0,False,False,True,True,L,False
2023,2023_13_SF_PHI,SF,8.0,True,False,False,False,W,True
2023,2023_14_BUF_KC,BUF,7.0,True,False,False,False,W,True
2023,2023_14_CAR_NO,NO,11.0,True,False,False,False,W,True
2023,2023_14_DEN_LAC,DEN,7.0,True,False,False,True,W,True
2023,2023_14_DET_CHI,DET,-4.0,False,False,True,True,L,False
2023,2023_14_GB_NYG,NYG,0.0,False,True,False,False,W,True
2023,2023_14_HOU_NYJ,NYJ,0.0,False,True,False,False,W,True
2023,2023_14_IND_CIN,CIN,0.0,False,True,False,False,W,True
2023,2023_14_JAX_CLE,JAX,-7.0,False,False,True,False,L,False
2023,2023_14_LA_BAL,LA,6.0,True,False,False,False,L,False
2023,2023_14_MIN_LV,MIN,0.0,False,True,False,False,W,True
2023,2023_14_NE_PIT,PIT,-11.0,False,False,True,False,L,False
2023,2023_14_PHI_DAL,PHI,-11.0,False,False,True,False,L,False
2023,2023_14_SEA_SF,SEA,-4.0,False,False,True,False,L,False
2023,2023_14_TB_ATL,ATL,-2.0,False,False,True,False,L,False
2023,2023_14_TEN_MIA,MIA,0.0,False,True,False,False,L,False
2023,2023_15_ATL_CAR,CAR,-7.0,False,False,True,True,W,True
2023,2023_15_BAL_JAX,BAL,10.0,True,False,False,False,W,True
2023,2023_15_CHI_CLE,CHI,0.0,False,True,False,False,L,False
2023,2023_15_DAL_BUF,DAL,-18.0,False,False,True,False,L,False
2023,2023_15_DEN_DET,DEN,-14.0,False,False,True,False,L,False
2023,2023_15_HOU_TEN,TEN,13.0,True,False,False,False,L,False
2023,2023_15_KC_NE,KC,4.0,True,False,False,False,W,True
2023,2023_15_LAC_LV,LV,42.0,True,False,False,False,W,True
2023,2023_15_MIN_CIN,MIN,4.0,True,False,False,False,L,False
2023,2023_15_NYG_NO,NO,4.0,True,False,False,False,W,True
2023,2023_15_NYJ_MIA,NYJ,-24.0,False,False,True,False,L,False
2023,2023_15_PHI_SEA,SEA,-7.0,False,False,True,False,W,True
2023,2023_15_PIT_IND,IND,-6.0,False,False,True,True,W,True
2023,2023_15_SF_ARI,SF,8.0,True,False,False,False,W,True
2023,2023_15_TB_GB,GB,0.0,False,True,False,False,L,False
2023,2023_15_WAS_LA,LA,10.0,True,False,False,True,W,True
2023,2023_16_ARI_CHI,ARI,-14.0,False,False,True,False,L,False
2023,2023_16_BAL_SF,SF,-1.0,False,False,True,False,L,False
2023,2023_16_BUF_LAC,LAC,-4.0,False,False,True,False,L,False
2023,2023_16_CIN_PIT,PIT,21.0,True,False,False,True,W,True
2023,2023_16_CLE_HOU,HOU,-15.0,False,False,True,False,L,False
2023,2023_16_DAL_MIA,MIA,-1.0,False,False,True,True,W,True
2023,2023_16_DET_MIN,MIN,-4.0,False,False,True,False,L,False
2023,2023_16_GB_CAR,GB,13.0,True,False,False,False,W,True
2023,2023_16_IND_ATL,ATL,3.0,True,False,False,True,W,True
2023,2023_16_JAX_TB,JAX,-20.0,False,False,True,False,L,False
2023,2023_16_LV_KC,LV,10.0,True,False,False,False,W,True
2023,2023_16_NE_DEN,DEN,4.0,True,False,False,False,L,False
2023,2023_16_NO_LA,LA,3.0,True,False,False,True,W,True
2023,2023_16_NYG_PHI,PHI,14.0,True,False,False,True,W,True
2023,2023_16_SEA_TEN,SEA,-7.0,False,False,True,False,W,True
2023,2023_16_WAS_NYJ,NYJ,20.0,True,False,False,False,W,True
2023,2023_17_ARI_PHI,ARI,-8.0,False,False,True,False,W,True
2023,2023_17_ATL_CHI,CHI,14.0,True,False,False,False,W,True
2023,2023_17_CAR_JAX,CAR,-9.0,False,False,True,False,L,False
2023,2023_17_CIN_KC,KC,-4.0,False,False,True,False,W,True
2023,2023_17_DET_DAL,DAL,4.0,True,False,False,False,W,True
2023,2023_17_GB_MIN,MIN,-14.0,False,False,True,False,L,False
2023,2023_17_LAC_DEN,DEN,10.0,True,False,False,False,W,True
2023,2023_17_LA_NYG,NYG,-7.0,False,False,True,True,L,False
2023,2023_17_LV_IND,LV,-11.0,False,False,True,False,L,False
2023,2023_17_MIA_BAL,BAL,15.0,True,False,False,False,W,True
2023,2023_17_NE_BUF,BUF,6.0,True,False,False,False,W,True
2023,2023_17_NO_TB,TB,-14.0,False,False,True,False,L,False
2023,2023_17_NYJ_CLE,NYJ,-20.0,False,False,True,True,L,False
2023,2023_17_PIT_SEA,SEA,-3.0,False,False,True,False,L,False
2023,2023_17_SF_WAS,WAS,0.0,False,True,False,False,L,False
2023,2023_17_TEN_HOU,HOU,20.0,True,False,False,False,W,True
2023,2023_18_ATL_NO,ATL,-3.0,False,False,True,True,L,False
2023,2023_18_BUF_MIA,BUF,-7.0,False,False,True,False,W,True
2023,2023_18_CHI_GB,GB,1.0,True,False,False,False,W,True
2023,2023_18_CLE_CIN,CIN,24.0,True,False,False,False,W,True
2023,2023_18_DAL_WAS,DAL,4.0,True,False,False,True,W,True
2023,2023_18_DEN_LV,LV,3.0,True,False,False,True,W,True
2023,2023_18_HOU_IND,HOU,8.0,True,False,False,False,W,True
2023,2023_18_JAX_TEN,TEN,11.0,True,False,False,False,W,True
2023,2023_18_KC_LAC,LAC,-7.0,False,False,True,True,L,False
2023,2023_18_LA_SF,LA,-7.0,False,False,True,False,W,True
2023,2023_18_MIN_DET,MIN,-10.0,False,False,True,True,L,False
2023,2023_18_NYJ_NE,NYJ,3.0,True,False,False,False,W,True
2023,2023_18_PHI_NYG,PHI,-24.0,False,False,True,False,L,False
2023,2023_18_PIT_BAL,BAL,0.0,False,True,False,False,L,False
2023,2023_18_SEA_ARI,SEA,4.0,True,False,False,True,W,True
2023,2023_18_TB_CAR,CAR,-3.0,False,False,True,False,L,False
2023,2023_19_CLE_HOU,HOU,10.0,True,False,False,False,W,True
2023,2023_19_GB_DAL,DAL,-27.0,False,False,True,True,L,False
2023,2023_19_LA_DET,LA,-4.0,False,False,True,False,L,False
2023,2023_19_MIA_KC,MIA,-6.0,False,False,True,False,L,False
2023,2023_19_PHI_TB,PHI,-7.0,False,False,True,False,L,False
2023,2023_19_PIT_BUF,BUF,14.0,True,False,False,False,W,True
2023,2023_20_GB_SF,SF,1.0,True,False,False,False,W,True
2023,2023_20_HOU_BAL,BAL,0.0,False,True,False,False,W,True
2023,2023_20_KC_BUF,KC,3.0,True,False,False,False,W,True
2023,2023_20_TB_DET,TB,-7.0,False,False,True,True,L,False
2023,2023_21_DET_SF,SF,-14.0,False,False,True,False,W,True
2023,2023_21_KC_BAL,KC,7.0,True,False,False,True,W,True
2023,2023_22_SF_KC,KC,-10.0,False,False,True,True,W,True
2024,2024_01_ARI_BUF,BUF,-14.0,False,False,True,True,W,True
2024,2024_01_BAL_KC,KC,6.0,True,False,False,False,W,True
2024,2024_01_CAR_NO,CAR,-30.0,False,False,True,True,L,False
2024,2024_01_DAL_CLE,CLE,-17.0,False,False,True,False,L,False
2024,2024_01_DEN_SEA,DEN,1.0,True,False,False,True,L,False
2024,2024_01_GB_PHI,PHI,-5.0,False,False,True,True,W,True
2024,2024_01_HOU_IND,HOU,5.0,True,False,False,False,W,True
2024,2024_01_JAX_MIA,JAX,7.0,True,False,False,True,L,False
2024,2024_01_LA_DET,DET,7.0,True,False,False,False,W,True
2024,2024_01_LV_LAC,LV,4.0,True,False,False,False,L,False
2024,2024_01_MIN_NYG,MIN,11.0,True,False,False,False,W,True
2024,2024_01_NE_CIN,NE,7.0,True,False,False,True,W,True
2024,2024_01_NYJ_SF,SF,6.0,True,False,False,True,W,True
2024,2024_01_PIT_ATL,PIT,-4.0,False,False,True,True,W,True
2024,2024_01_TEN_CHI,CHI,-17.0,False,False,True,True,W,True
2024,2024_01_WAS_TB,WAS,-6.0,False,False,True,False,L,False
2024,2024_02_ATL_PHI,ATL,-4.0,False,False,True,True,W,True
2024,2024_02_BUF_MIA,BUF,17.0,True,False,False,False,W,True
2024,2024_02_CHI_HOU,CHI,-3.0,False,False,True,False,L,False
2024,2024_02_CIN_KC,KC,-6.0,False,False,True,False,W,True
2024,2024_02_CLE_JAX,CLE,10.0,True,False,False,False,W,True
2024,2024_02_IND_GB,IND,-10.0,False,False,True,False,L,False
2024,2024_02_LAC_CAR,CAR,-20.0,False,False,True,False,L,False
2024,2024_02_LA_ARI,ARI,21.0,True,False,False,False,W,True
2024,2024_02_LV_BAL,BAL,0.0,False,True,False,True,L,False
2024,2024_02_NO_DAL,DAL,-22.0,False,False,True,True,L,False
2024,2024_02_NYG_WAS,NYG,-3.0,False,False,True,True,L,False
2024,2024_02_NYJ_TEN,NYJ,0.0,False,True,False,False,W,True
2024,2024_02_PIT_DEN,PIT,7.0,True,False,False,True,W,True
2024,2024_02_SEA_NE,SEA,1.0,True,False,False,True,W,True
2024,2024_02_SF_MIN,MIN,3.0,True,False,False,True,W,True
2024,2024_02_TB_DET,DET,-7.0,False,False,True,False,L,False
2024,2024_03_BAL_DAL,BAL,17.0,True,False,False,False,W,True
2024,2024_03_CAR_LV,LV,-13.0,False,False,True,False,L,False
2024,2024_03_CHI_IND,IND,7.0,True,False,False,False,W,True
2024,2024_03_DEN_TB,TB,-10.0,False,False,True,False,L,False
2024,2024_03_DET_ARI,ARI,-12.0,False,False,True,True,L,False
2024,2024_03_GB_TEN,TEN,-10.0,False,False,True,False,L,False
2024,2024_03_HOU_MIN,MIN,14.0,True,False,False,False,W,True
2024,2024_03_JAX_BUF,JAX,-24.0,False,False,True,False,L,False
2024,2024_03_KC_ATL,KC,-4.0,False,False,True,True,W,True
2024,2024_03_LAC_PIT,PIT,-3.0,False,False,True,False,W,True
2024,2024_03_MIA_SEA,MIA,-14.0,False,False,True,False,L,False
2024,2024_03_NE_NYJ,NE,-11.0,False,False,True,False,L,False
2024,2024_03_NYG_CLE,CLE,-7.0,False,False,True,False,L,False
2024,2024_03_PHI_NO,PHI,-3.0,False,False,True,False,W,True
2024,2024_03_SF_LA,LA,-7.0,False,False,True,False,W,True
2024,2024_03_WAS_CIN,WAS,11.0,True,False,False,False,W,True
2024,2024_04_BUF_BAL,BAL,18.0,True,False,False,False,W,True
2024,2024_04_CIN_CAR,CIN,0.0,False,True,False,True,W,True
2024,2024_04_CLE_LV,LV,0.0,False,True,False,False,W,True
2024,2024_04_DAL_NYG,NYG,-5.0,False,False,True,False,L,False
2024,2024_04_DEN_NYJ,DEN,-3.0,False,False,True,False,W,True
2024,2024_04_JAX_HOU,HOU,1.0,True,False,False,True,W,True
2024,2024_04_KC_LAC,LAC,3.0,True,False,False,False,L,False
2024,2024_04_LA_CHI,LA,-1.0,False,False,True,False,L,False
2024,2024_04_MIN_GB,GB,-28.0,False,False,True,True,L,False
2024,2024_04_NE_SF,SF,20.0,True,False,False,False,W,True
2024,2024_04_NO_ATL,NO,-3.0,False,False,True,False,L,False
2024,2024_04_PHI_TB,PHI,-17.0,False,False,True,False,L,False
2024,2024_04_PIT_IND,PIT,-17.0,False,False,True,True,L,False
2024,2024_04_SEA_DET,SEA,-14.0,False,False,True,False,L,False
2024,2024_04_TEN_MIA,MIA,-3.0,False,False,True,False,L,False
2024,2024_04_WAS_ARI,WAS,7.0,True,False,False,True,W,True
2024,2024_05_ARI_SF,ARI,-10.0,False,False,True,False,W,True
2024,2024_05_BAL_CIN,CIN,-5.0,False,False,True,True,L,False
2024,2024_05_BUF_HOU,HOU,11.0,True,False,False,True,W,True
2024,2024_05_CAR_CHI,CHI,14.0,True,False,False,True,W,True
2024,2024_05_CLE_WAS,WAS,21.0,True,False,False,False,W,True
2024,2024_05_DAL_PIT,PIT,-3.0,False,False,True,False,L,False
2024,2024_05_GB_LA,LA,6.0,True,False,False,False,L,False
2024,2024_05_IND_JAX,JAX,0.0,False,True,False,True,W,True
2024,2024_05_LV_DEN,DEN,0.0,False,True,False,True,W,True
2024,2024_05_MIA_NE,NE,4.0,True,False,False,False,L,False
2024,2024_05_NO_KC,KC,6.0,True,False,False,True,W,True
2024,2024_05_NYG_SEA,NYG,0.0,False,True,False,True,W,True
2024,2024_05_NYJ_MIN,MIN,10.0,True,False,False,False,W,True
2024,2024_05_TB_ATL,TB,7.0,True,False,False,False,L,False
2024,2024_06_ARI_GB,ARI,-17.0,False,False,True,True,L,False
2024,2024_06_ATL_CAR,ATL,12.0,True,False,False,False,W,True
2024,2024_06_BUF_NYJ,BUF,3.0,True,False,False,True,W,True
2024,2024_06_CIN_NYG,NYG,-7.0,False,False,True,False,L,False
2024,2024_06_CLE_PHI,CLE,-7.0,False,False,True,True,L,False
2024,2024_06_DET_DAL,DET,24.0,True,False,False,False,W,True
2024,2024_06_HOU_NE,NE,-14.0,False,False,True,True,L,False
2024,2024_06_IND_TEN,TEN,3.0,True,False,False,False,L,False
2024,2024_06_JAX_CHI,JAX,-4.0,False,False,True,False,L,False
2024,2024_06_LAC_DEN,LAC,20.0,True,False,False,False,W,True
2024,2024_06_PIT_LV,LV,-5.0,False,False,True,False,L,False
2024,2024_06_SF_SEA,SF,16.0,True,False,False,False,W,True
2024,2024_06_TB_NO,NO,3.0,True,False,False,False,L,False
2024,2024_06_WAS_BAL,WAS,-7.0,False,False,True,False,L,False
2024,2024_07_BAL_TB,BAL,4.0,True,False,False,True,W,True
2024,2024_07_CAR_WAS,WAS,20.0,True,False,False,True,W,True
2024,2024_07_CIN_CLE,CLE,-1.0,False,False,True,False,L,False
2024,2024_07_DEN_NO,NO,-10.0,False,False,True,False,L,False
2024,2024_07_DET_MIN,MIN,-4.0,False,False,True,False,L,False
2024,2024_07_HOU_GB,HOU,5.0,True,False,False,False,L,False
2024,2024_07_KC_SF,KC,11.0,True,False,False,False,W,True
2024,2024_07_LAC_ARI,LAC,-4.0,False,False,True,True,L,False
2024,2024_07_LV_LA,LA,11.0,True,False,False,False,W,True
2024,2024_07_MIA_IND,MIA,7.0,True,False,False,True,L,False
2024,2024_07_NE_JAX,JAX,12.0,True,False,False,False,W,True
2024,2024_07_NYJ_PIT,NYJ,3.0,True,False,False,False,L,False
2024,2024_07_PHI_NYG,PHI,14.0,True,False,False,False,W,True
2024,2024_07_SEA_ATL,ATL,-3.0,False,False,True,False,L,False
2024,2024_07_TEN_BUF,TEN,3.0,True,False,False,False,L,False
2024,2024_08_ARI_MIA,ARI,-3.0,False,False,True,False,W,True
2024,2024_08_ATL_TB,ATL,4.0,True,False,False,True,W,True
2024,2024_08_BAL_CLE,CLE,-3.0,False,False,True,False,W,True
2024,2024_08_BUF_SEA,BUF,4.0,True,False,False,True,W,True
2024,2024_08_CAR_DEN,CAR,-14.0,False,False,True,False,L,False
2024,2024_08_CHI_WAS,WAS,9.0,True,False,False,False,W,True
2024,2024_08_DAL_SF,SF,-4.0,False,False,True,False,W,True
2024,2024_08_GB_JAX,JAX,-6.0,False,False,True,True,L,False
2024,2024_08_IND_HOU,IND,0.0,False,True,False,False,L,False
2024,2024_08_KC_LV,LV,-4.0,False,False,True,False,L,False
2024,2024_08_MIN_LA,LA,0.0,False,True,False,False,W,True
2024,2024_08_NO_LAC,NO,-7.0,False,False,True,True,L,False
2024,2024_08_NYG_PIT,NYG,-3.0,False,False,True,True,L,False
2024,2024_08_NYJ_NE,NYJ,6.0,True,False,False,False,L,False
2024,2024_08_PHI_CIN,PHI,-7.0,False,False,True,True,W,True
2024,2024_08_TEN_DET,TEN,-21.0,False,False,True,False,L,False
2024,2024_09_CHI_ARI,CHI,-8.0,False,False,True,True,L,False
2024,2024_09_DAL_ATL,DAL,-4.0,False,False,True,False,L,False
2024,2024_09_DEN_BAL,BAL,7.0,True,False,False,True,W,True
2024,2024_09_DET_GB,DET,14.0,True,False,False,False,W,True
2024,2024_09_HOU_NYJ,NYJ,-7.0,False,False,True,False,W,True
2024,2024_09_IND_MIN,MIN,-7.0,False,False,True,False,W,True
2024,2024_09_JAX_PHI,JAX,-10.0,False,False,True,False,L,False
2024,2024_09_LAC_CLE,CLE,-17.0,False,False,True,False,L,False
2024,2024_09_LA_SEA,LA,-3.0,False,False,True,False,W,True
2024,2024_09_LV_CIN,CIN,7.0,True,False,False,False,W,True
2024,2024_09_MIA_BUF,MIA,7.0,True,False,False,False,L,False
2024,2024_09_NE_TEN,NE,-4.0,False,False,True,False,L,False
2024,2024_09_NO_CAR,CAR,-3.0,False,False,True,False,W,True
2024,2024_09_TB_KC,TB,-3.0,False,False,True,False,L,False
2024,2024_09_WAS_NYG,WAS,7.0,True,False,False,True,W,True
2024,2024_10_ATL_NO,NO,10.0,True,False,False,False,W,True
2024,2024_10_BUF_IND,IND,-4.0,False,False,True,False,L,False
2024,2024_10_CIN_BAL,BAL,-6.0,False,False,True,False,W,True
2024,2024_10_DEN_KC,KC,-4.0,False,False,True,False,W,True
2024,2024_10_DET_HOU,HOU,9.0,True,False,False,True,L,False
2024,2024_10_MIA_LA,LA,-7.0,False,False,True,True,L,False
2024,2024_10_MIN_JAX,MIN,-4.0,False,False,True,False,W,True
2024,2024_10_NE_CHI,CHI,-7.0,False,False,True,False,L,False
2024,2024_10_NYG_CAR,NYG,-10.0,False,False,True,False,L,False
2024,2024_10_NYJ_ARI,NYJ,-15.0,False,False,True,False,L,False
2024,2024_10_PHI_DAL,PHI,1.0,True,False,False,True,W,True
2024,2024_10_PIT_WAS,WAS,-4.0,False,False,True,True,L,False
2024,2024_10_SF_TB,TB,-7.0,False,False,True,False,L,False
2024,2024_10_TEN_LAC,TEN,-6.0,False,False,True,False,L,False
2024,2024_11_ATL_DEN,ATL,-8.0,False,False,True,False,L,False
2024,2024_11_BAL_PIT,PIT,-1.0,False,False,True,True,W,True
2024,2024_11_CIN_LAC,LAC,15.0,True,False,False,True,W,True
2024,2024_11_CLE_NO,NO,8.0,True,False,False,False,W,True
2024,2024_11_GB_CHI,CHI,-4.0,False,False,True,True,L,False
2024,2024_11_HOU_DAL,DAL,-7.0,False,False,True,False,L,False
2024,2024_11_IND_NYJ,IND,6.0,True,False,False,False,W,True
2024,2024_11_JAX_DET,DET,25.0,True,False,False,False,W,True
2024,2024_11_KC_BUF,BUF,-1.0,False,False,True,True,W,True
2024,2024_11_LA_NE,LA,4.0,True,False,False,False,W,True
2024,2024_11_LV_MIA,LV,-4.0,False,False,True,False,L,False
2024,2024_11_MIN_TEN,MIN,13.0,True,False,False,False,W,True
2024,2024_11_SEA_SF,SEA,-1.0,False,False,True,False,W,True
2024,2024_11_WAS_PHI,WAS,7.0,True,False,False,False,L,False
2024,2024_12_ARI_SEA,SEA,4.0,True,False,False,False,W,True
2024,2024_12_BAL_LAC,BAL,3.0,True,False,False,False,W,True
2024,2024_12_DAL_WAS,WAS,3.0,True,False,False,False,L,False
2024,2024_12_DEN_LV,DEN,-1.0,False,False,True,False,W,True
2024,2024_12_DET_IND,DET,8.0,True,False,False,False,W,True
2024,2024_12_KC_CAR,CAR,-14.0,False,False,True,True,L,False
2024,2024_12_MIN_CHI,MIN,7.0,True,False,False,False,W,True
2024,2024_12_NE_MIA,MIA,21.0,True,False,False,True,W,True
2024,2024_12_PHI_LA,PHI,6.0,True,False,False,False,W,True
2024,2024_12_PIT_CLE,CLE,7.0,True,False,False,False,W,True
2024,2024_12_SF_GB,SF,-10.0,False,False,True,False,L,False
2024,2024_12_TB_NYG,NYG,-17.0,False,False,True,False,L,False
2024,2024_12_TEN_HOU,TEN,0.0,False,True,False,True,W,True
2024,2024_13_ARI_MIN,MIN,0.0,False,True,False,False,W,True
2024,2024_13_CHI_DET,CHI,-16.0,False,False,True,False,L,False
2024,2024_13_CLE_DEN,CLE,-11.0,False,False,True,True,L,False
2024,2024_13_HOU_JAX,HOU,6.0,True,False,False,False,W,True
2024,2024_13_IND_NE,IND,-2.0,False,False,True,False,W,True
2024,2024_13_LAC_ATL,LAC,2.0,True,False,False,False,W,True
2024,2024_13_LA_NO,LA,-3.0,False,False,True,False,W,True
2024,2024_13_LV_KC,LV,-7.0,False,False,True,False,L,False
2024,2024_13_MIA_GB,MIA,-18.0,False,False,True,False,L,False
2024,2024_13_NYG_DAL,NYG,-3.0,False,False,True,False,L,False
2024,2024_13_PHI_BAL,BAL,-5.0,False,False,True,True,L,False
2024,2024_13_PIT_CIN,PIT,3.0,True,False,False,True,W,True
2024,2024_13_SEA_NYJ,NYJ,5.0,True,False,False,False,L,False
2024,2024_13_SF_BUF,SF,-18.0,False,False,True,False,L,False
2024,2024_13_TB_CAR,TB,0.0,False,True,False,False,W,True
2024,2024_13_TEN_WAS,WAS,28.0,True,False,False,False,W,True
2024,2024_14_ATL_MIN,MIN,7.0,True,False,False,False,W,True
2024,2024_14_BUF_LA,BUF,-10.0,False,False,True,False,L,False
2024,2024_14_CAR_PHI,PHI,-3.0,False,False,True,True,W,True
2024,2024_14_CHI_SF,CHI,-24.0,False,False,True,False,L,False
2024,2024_14_CIN_DAL,DAL,-7.0,False,False,True,False,L,False
2024,2024_14_CLE_PIT,CLE,-6.0,False,False,True,False,L,False
2024,2024_14_GB_DET,GB,-3.0,False,False,True,False,L,False
2024,2024_14_JAX_TEN,JAX,-3.0,False,False,True,False,W,True
2024,2024_14_LAC_KC,LAC,-13.0,False,False,True,False,L,False
2024,2024_14_LV_TB,LV,-4.0,False,False,True,False,L,False
2024,2024_14_NO_NYG,NYG,-4.0,False,False,True,False,L,False
2024,2024_14_NYJ_MIA,NYJ,1.0,True,False,False,False,L,False
2024,2024_14_SEA_ARI,SEA,14.0,True,False,False,False,W,True
2024,2024_15_ATL_LV,ATL,6.0,True,False,False,False,W,True
2024,2024_15_BAL_NYG,NYG,-14.0,False,False,True,False,L,False
2024,2024_15_BUF_DET,BUF,7.0,True,False,False,False,W,True
2024,2024_15_CHI_MIN,MIN,10.0,True,False,False,True,W,True
2024,2024_15_CIN_TEN,TEN,-7.0,False,False,True,False,L,False
2024,2024_15_DAL_CAR,CAR,-3.0,False,False,True,False,L,False
2024,2024_15_GB_SEA,SEA,-14.0,False,False,True,False,L,False
2024,2024_15_IND_DEN,DEN,-3.0,False,False,True,False,W,True
2024,2024_15_KC_CLE,CLE,-14.0,False,False,True,False,L,False
2024,2024_15_LA_SF,LA,0.0,False,True,False,False,W,True
2024,2024_15_MIA_HOU,HOU,4.0,True,False,False,True,W,True
2024,2024_15_NE_ARI,ARI,7.0,True,False,False,True,W,True
2024,2024_15_NYJ_JAX,NYJ,-3.0,False,False,True,False,W,True
2024,2024_15_PIT_PHI,PHI,4.0,True,False,False,False,W,True
2024,2024_15_TB_LAC,LAC,4.0,True,False,False,False,L,False
2024,2024_15_WAS_NO,WAS,14.0,True,False,False,False,W,True
2024,2024_16_ARI_CAR,CAR,10.0,True,False,False,False,W,True
2024,2024_16_CLE_CIN,CIN,14.0,True,False,False,True,W,True
2024,2024_16_DEN_LAC,DEN,11.0,True,False,False,False,L,False
2024,2024_16_DET_CHI,DET,13.0,True,False,False,False,W,True
2024,2024_16_HOU_KC,KC,4.0,True,False,False,True,W,True
2024,2024_16_JAX_LV,LV,6.0,True,False,False,False,W,True
2024,2024_16_LA_NYJ,NYJ,0.0,False,True,False,True,L,False
2024,2024_16_MIN_SEA,SEA,-10.0,False,False,True,True,L,False
2024,2024_16_NE_BUF,BUF,-7.0,False,False,True,False,W,True
2024,2024_16_NO_GB,NO,-21.0,False,False,True,False,L,False
2024,2024_16_NYG_ATL,NYG,-10.0,False,False,True,False,L,False
2024,2024_16_PHI_WAS,PHI,7.0,True,False,False,False,L,False
2024,2024_16_PIT_BAL,PIT,-10.0,False,False,True,True,L,False
2024,2024_16_SF_MIA,MIA,3.0,True,False,False,False,W,True
2024,2024_16_TB_DAL,TB,-6.0,False,False,True,False,L,False
2024,2024_16_TEN_IND,IND,10.0,True,False,False,True,W,True
2024,2024_17_ARI_LA,ARI,-10.0,False,False,True,False,L,False
2024,2024_17_ATL_WAS,WAS,-7.0,False,False,True,False,W,True
2024,2024_17_BAL_HOU,HOU,-15.0,False,False,True,False,L,False
2024,2024_17_CAR_TB,CAR,-13.0,False,False,True,False,L,False
2024,2024_17_DAL_PHI,PHI,10.0,True,False,False,True,W,True
2024,2024_17_DEN_CIN,CIN,4.0,True,False,False,False,W,True
2024,2024_17_DET_SF,DET,-8.0,False,False,True,False,W,True
2024,2024_17_GB_MIN,MIN,7.0,True,False,False,True,W,True
2024,2024_17_IND_NYG,NYG,15.0,True,False,False,False,W,True
2024,2024_17_KC_PIT,KC,6.0,True,False,False,False,W,True
2024,2024_17_LAC_NE,NE,-10.0,False,False,True,False,L,False
2024,2024_17_LV_NO,NO,-6.0,False,False,True,True,L,False
2024,2024_17_MIA_CLE,CLE,0.0,False,True,False,False,L,False
2024,2024_17_NYJ_BUF,NYJ,-9.0,False,False,True,False,L,False
2024,2024_17_SEA_CHI,CHI,0.0,False,True,False,False,L,False
2024,2024_17_TEN_JAX,TEN,-13.0,False,False,True,True,L,False
2024,2024_18_BUF_NE,BUF,-4.0,False,False,True,False,L,False
2024,2024_18_CAR_ATL,CAR,0.0,False,True,False,False,W,True
2024,2024_18_CHI_GB,CHI,1.0,True,False,False,False,W,True
2024,2024_18_CIN_PIT,PIT,-3.0,False,False,True,False,L,False
2024,2024_18_CLE_BAL,BAL,11.0,True,False,False,False,W,True
2024,2024_18_HOU_TEN,TEN,-10.0,False,False,True,False,L,False
2024,2024_18_JAX_IND,JAX,-4.0,False,False,True,False,L,False
2024,2024_18_KC_DEN,KC,-21.0,False,False,True,False,L,False
2024,2024_18_LAC_LV,LAC,-1.0,False,False,True,True,W,True
2024,2024_18_MIA_NYJ,NYJ,9.0,True,False,False,False,W,True
2024,2024_18_MIN_DET,MIN,-4.0,False,False,True,True,L,False
2024,2024_18_NO_TB,TB,-7.0,False,False,True,False,W,True
2024,2024_18_NYG_PHI,PHI,10.0,True,False,False,False,W,True
2024,2024_18_SEA_LA,SEA,7.0,True,False,False,False,W,True
2024,2024_18_SF_ARI,ARI,7.0,True,False,False,True,W,True
2024,2024_18_WAS_DAL,DAL,3.0,True,False,False,False,L,False
2024,2024_19_DEN_BUF,BUF,3.0,True,False,False,False,W,True
2024,2024_19_GB_PHI,PHI,10.0,True,False,False,False,W,True
2024,2024_19_LAC_HOU,HOU,1.0,True,False,False,True,W,True
2024,2024_19_MIN_LA,MIN,-14.0,False,False,True,False,L,False
2024,2024_19_PIT_BAL,BAL,14.0,True,False,False,True,W,True
2024,2024_19_WAS_TB,WAS,7.0,True,False,False,False,W,True
2024,2024_20_BAL_BUF,BUF,4.0,True,False,False,True,W,True
2024,2024_20_HOU_KC,HOU,-10.0,False,False,True,True,L,False
2024,2024_20_LA_PHI,LA,-3.0,False,False,True,False,L,False
2024,2024_20_WAS_DET,WAS,10.0,True,False,False,False,W,True
2024,2024_21_BUF_KC,KC,11.0,True,False,False,False,W,True
2024,2024_21_WAS_PHI,PHI,15.0,True,False,False,False,W,True
2024,2024_22_KC_PHI,KC,-24.0,False,False,True,False,L,False
2025,2025_01_ARI_NO,NO,-6.0,False,False,True,False,L,False
2025,2025_01_BAL_BUF,BAL,10.0,True,False,False,False,L,False
2025,2025_01_CAR_JAX,CAR,-14.0,False,False,True,False,L,False
2025,2025_01_CIN_CLE,CLE,-7.0,False,False,True,True,L,False
2025,2025_01_DAL_PHI,PHI,4.0,True,False,False,False,W,True
2025,2025_01_DET_GB,DET,-14.0,False,False,True,False,L,False
2025,2025_01_HOU_LA,LA,1.0,True,False,False,False,W,True
2025,2025_01_KC_LAC,LAC,10.0,True,False,False,False,W,True
2025,2025_01_LV_NE,NE,3.0,True,False,False,False,L,False
2025,2025_01_MIA_IND,MIA,-17.0,False,False,True,False,L,False
2025,2025_01_MIN_CHI,CHI,4.0,True,False,False,True,L,False
2025,2025_01_NYG_WAS,NYG,-11.0,False,False,True,False,L,False
2025,2025_01_PIT_NYJ,PIT,-2.0,False,False,True,False,W,True
2025,2025_01_SF_SEA,SF,0.0,False,True,False,False,W,True
2025,2025_01_TB_ATL,TB,0.0,False,True,False,False,W,True
2025,2025_01_TEN_DEN,DEN,-3.0,False,False,True,True,W,True
2025,2025_02_ATL_MIN,MIN,-3.0,False,False,True,True,L,False
2025,2025_02_BUF_NYJ,BUF,17.0,True,False,False,False,W,True
2025,2025_02_CAR_ARI,ARI,10.0,True,False,False,True,W,True
2025,2025_02_CHI_DET,CHI,-7.0,False,False,True,False,L,False
2025,2025_02_CLE_BAL,BAL,7.0,True,False,False,False,W,True
2025,2025_02_DEN_IND,DEN,1.0,True,False,False,False,L,False
2025,2025_02_JAX_CIN,CIN,-7.0,False,False,True,False,W,True
2025,2025_02_LAC_LV,LAC,11.0,True,False,False,False,W,True
2025,2025_02_LA_TEN,LA,0.0,False,True,False,False,W,True
2025,2025_02_NE_MIA,MIA,-1.0,False,False,True,False,L,False
2025,2025_02_NYG_DAL,DAL,-3.0,False,False,True,False,W,True
2025,2025_02_PHI_KC,KC,3.0,True,False,False,False,L,False
2025,2025_02_SEA_PIT,PIT,7.0,True,False,False,False,L,False
2025,2025_02_SF_NO,SF,2.0,True,False,False,True,W,True
2025,2025_02_TB_HOU,TB,4.0,True,False,False,False,W,True
2025,2025_02_WAS_GB,WAS,-11.0,False,False,True,False,L,False
2025,2025_03_ARI_SF,SF,0.0,False,True,False,True,W,True
2025,2025_03_ATL_CAR,CAR,10.0,True,False,False,False,W,True
2025,2025_03_CIN_MIN,CIN,-28.0,False,False,True,False,L,False
2025,2025_03_DAL_CHI,DAL,-3.0,False,False,True,False,L,False
2025,2025_03_DEN_LAC,DEN,-3.0,False,False,True,False,L,False
2025,2025_03_DET_BAL,BAL,-7.0,False,False,True,True,L,False
2025,2025_03_GB_CLE,GB,3.0,True,False,False,False,L,False
2025,2025_03_HOU_JAX,JAX,4.0,True,False,False,False,W,True
2025,2025_03_IND_TEN,IND,11.0,True,False,False,True,W,True
2025,2025_03_KC_NYG,KC,0.0,False,True,False,True,W,True
2025,2025_03_LA_PHI,PHI,-9.0,False,False,True,False,W,True
2025,2025_03_LV_WAS,LV,-7.0,False,False,True,False,L,False
2025,2025_03_MIA_BUF,BUF,7.0,True,False,False,False,W,True
2025,2025_03_NO_SEA,SEA,35.0,True,False,False,False,W,True
2025,2025_03_NYJ_TB,TB,7.0,True,False,False,True,W,True
2025,2025_03_PIT_NE,PIT,7.0,True,False,False,False,W,True
2025,2025_04_BAL_KC,KC,13.0,True,False,False,False,W,True
2025,2025_04_CAR_NE,NE,22.0,True,False,False,False,W,True
2025,2025_04_CHI_LV,LV,5.0,True,False,False,False,L,False
2025,2025_04_CIN_DEN,DEN,11.0,True,False,False,True,W,True
2025,2025_04_CLE_DET,CLE,-10.0,False,False,True,False,L,False
2025,2025_04_GB_DAL,DAL,-4.0,False,False,True,True,T,False
2025,2025_04_IND_LA,LA,-4.0,False,False,True,True,W,True
2025,2025_04_JAX_SF,JAX,8.0,True,False,False,True,W,True
2025,2025_04_LAC_NYG,NYG,4.0,True,False,False,False,W,True
2025,2025_04_MIN_PIT,MIN,-11.0,False,False,True,True,L,False
2025,2025_04_NO_BUF,NO,-4.0,False,False,True,False,L,False
2025,2025_04_NYJ_MIA,NYJ,-10.0,False,False,True,True,L,False
2025,2025_04_PHI_TB,PHI,21.0,True,False,False,False,W,True
2025,2025_04_SEA_ARI,SEA,11.0,True,False,False,False,W,True
2025,2025_04_TEN_HOU,HOU,6.0,True,False,False,False,W,True
2025,2025_04_WAS_ATL,WAS,-7.0,False,False,True,False,L,False
2025,2025_05_DAL_NYJ,DAL,14.0,True,False,False,True,W,True
2025,2025_05_DEN_PHI,PHI,7.0,True,False,False,False,L,False
2025,2025_05_DET_CIN,CIN,-14.0,False,False,True,True,L,False
2025,2025_05_HOU_BAL,BAL,-20.0,False,False,True,False,L,False
2025,2025_05_KC_JAX,KC,7.0,True,False,False,False,L,False
2025,2025_05_LV_IND,LV,-11.0,False,False,True,False,L,False
2025,2025_05_MIA_CAR,CAR,-10.0,False,False,True,True,W,True
2025,2025_05_MIN_CLE,MIN,0.0,False,True,False,False,W,True
2025,2025_05_NE_BUF,BUF,0.0,False,True,False,False,L,False
2025,2025_05_NYG_NO,NYG,1.0,True,False,False,False,L,False
2025,2025_05_SF_LA,LA,-7.0,False,False,True,False,L,False
2025,2025_05_TB_SEA,SEA,-13.0,False,False,True,True,L,False
2025,2025_05_TEN_ARI,TEN,-15.0,False,False,True,False,W,True
2025,2025_05_WAS_LAC,WAS,-3.0,False,False,True,True,W,True
2025,2025_06_ARI_IND,ARI,-4.0,False,False,True,False,L,False
2025,2025_06_BUF_ATL,BUF,-14.0,False,False,True,False,L,False
2025,2025_06_CHI_WAS,WAS,-6.0,False,False,True,False,L,False
2025,2025_06_CIN_GB,CIN,-10.0,False,False,True,False,L,False
2025,2025_06_CLE_PIT,CLE,-9.0,False,False,True,True,L,False
2025,2025_06_DAL_CAR,CAR,-7.0,False,False,True,True,W,True
2025,2025_06_DEN_NYJ,NYJ,-4.0,False,False,True,False,L,False
2025,2025_06_DET_KC,KC,3.0,True,False,False,False,W,True
2025,2025_06_LAC_MIA,LAC,-1.0,False,False,True,False,W,True
2025,2025_06_LA_BAL,LA,0.0,False,True,False,False,W,True
2025,2025_06_NE_NO,NE,6.0,True,False,False,False,W,True
2025,2025_06_PHI_NYG,NYG,3.0,True,False,False,False,W,True
2025,2025_06_SEA_JAX,SEA,4.0,True,False,False,True,W,True
2025,2025_06_SF_TB,SF,-7.0,False,False,True,True,L,False
2025,2025_06_TEN_LV,LV,10.0,True,False,False,False,W,True
2025,2025_07_ATL_SF,SF,7.0,True,False,False,False,W,True
2025,2025_07_CAR_NYJ,CAR,7.0,True,False,False,False,W,True
2025,2025_07_GB_ARI,GB,-3.0,False,False,True,True,W,True
2025,2025_07_HOU_SEA,HOU,-11.0,False,False,True,True,L,False
2025,2025_07_IND_LAC,LAC,-17.0,False,False,True,False,L,False
2025,2025_07_LA_JAX,LA,21.0,True,False,False,False,W,True
2025,2025_07_LV_KC,KC,14.0,True,False,False,True,W,True
2025,2025_07_MIA_CLE,MIA,-14.0,False,False,True,True,L,False
2025,2025_07_NE_TEN,NE,4.0,True,False,False,False,W,True
2025,2025_07_NO_CHI,NO,-20.0,False,False,True,True,L,False
2025,2025_07_NYG_DEN,DEN,-13.0,False,False,True,False,W,True
2025,2025_07_PHI_MIN,MIN,-8.0,False,False,True,False,L,False
2025,2025_07_PIT_CIN,CIN,4.0,True,False,False,True,W,True
2025,2025_07_TB_DET,TB,-14.0,False,False,True,True,L,False
2025,2025_07_WAS_DAL,WAS,-5.0,False,False,True,False,L,False
2025,2025_08_BUF_CAR,BUF,16.0,True,False,False,False,W,True
2025,2025_08_CHI_BAL,BAL,4.0,True,False,False,False,W,True
2025,2025_08_CLE_NE,CLE,1.0,True,False,False,False,L,False
2025,2025_08_DAL_DEN,DAL,-17.0,False,False,True,False,L,False
2025,2025_08_GB_PIT,PIT,9.0,True,False,False,False,L,False
2025,2025_08_MIA_ATL,ATL,-7.0,False,False,True,False,L,False
2025,2025_08_MIN_LAC,LAC,18.0,True,False,False,False,W,True
2025,2025_08_NYG_PHI,NYG,-4.0,False,False,True,False,L,False
2025,2025_08_NYJ_CIN,NYJ,-14.0,False,False,True,True,W,True
2025,2025_08_SF_HOU,SF,-16.0,False,False,True,True,L,False
2025,2025_08_TB_NO,TB,7.0,True,False,False,False,W,True
2025,2025_08_TEN_IND,TEN,-10.0,False,False,True,False,L,False
2025,2025_08_WAS_KC,KC,0.0,False,True,False,False,W,True
2025,2025_09_ARI_DAL,ARI,10.0,True,False,False,False,W,True
2025,2025_09_ATL_NE,NE,14.0,True,False,False,False,W,True
2025,2025_09_BAL_MIA,BAL,8.0,True,False,False,False,W,True
2025,2025_09_CAR_GB,GB,-4.0,False,False,True,True,L,False
2025,2025_09_CHI_CIN,CHI,-3.0,False,False,True,False,W,True
2025,2025_09_DEN_HOU,DEN,-2.0,False,False,True,False,W,True
2025,2025_09_IND_PIT,IND,-7.0,False,False,True,False,L,False
2025,2025_09_JAX_LV,LV,6.0,True,False,False,False,L,False
2025,2025_09_KC_BUF,KC,-11.0,False,False,True,True,L,False
2025,2025_09_LAC_TEN,LAC,0.0,False,True,False,True,W,True
2025,2025_09_MIN_DET,MIN,3.0,True,False,False,False,W,True
2025,2025_09_NO_LA,LA,17.0,True,False,False,False,W,True
2025,2025_09_SEA_WAS,SEA,21.0,True,False,False,True,W,True
2025,2025_09_SF_NYG,SF,10.0,True,False,False,False,W,True
2025,2025_10_ARI_SEA,ARI,-31.0,False,False,True,False,L,False
2025,2025_10_ATL_IND,ATL,1.0,True,False,False,False,L,False
2025,2025_10_BAL_MIN,MIN,4.0,True,False,False,False,L,False
2025,2025_10_BUF_MIA,BUF,-16.0,False,False,True,False,L,False
2025,2025_10_CLE_NYJ,NYJ,3.0,True,False,False,False,W,True
2025,2025_10_DET_WAS,DET,12.0,True,False,False,True,W,True
2025,2025_10_JAX_HOU,JAX,10.0,True,False,False,False,L,False
2025,2025_10_LA_SF,SF,-14.0,False,False,True,False,L,False
2025,2025_10_LV_DEN,DEN,0.0,False,True,False,False,W,True
2025,2025_10_NE_TB,NE,-3.0,False,False,True,True,W,True
2025,2025_10_NO_CAR,NO,3.0,True,False,False,False,W,True
2025,2025_10_NYG_CHI,NYG,0.0,False,True,False,True,L,False
2025,2025_10_PHI_GB,PHI,0.0,False,True,False,False,W,True
2025,2025_10_PIT_LAC,LAC,2.0,True,False,False,True,W,True
2025,2025_11_BAL_CLE,BAL,-6.0,False,False,True,False,W,True
2025,2025_11_CAR_ATL,CAR,-14.0,False,False,True,True,W,True
2025,2025_11_CHI_MIN,CHI,7.0,True,False,False,False,W,True
2025,2025_11_CIN_PIT,CIN,-1.0,False,False,True,False,L,False
2025,2025_11_DAL_LV,LV,-18.0,False,False,True,True,L,False
2025,2025_11_DET_PHI,DET,0.0,False,True,False,False,L,False
2025,2025_11_GB_NYG,GB,0.0,False,True,False,False,W,True
2025,2025_11_HOU_TEN,TEN,3.0,True,False,False,False,L,False
2025,2025_11_KC_DEN,KC,0.0,False,True,False,False,L,False
2025,2025_11_LAC_JAX,JAX,8.0,True,False,False,False,W,True
2025,2025_11_NYJ_NE,NE,7.0,True,False,False,False,W,True
2025,2025_11_SEA_LA,SEA,-8.0,False,False,True,True,L,False
2025,2025_11_SF_ARI,ARI,-12.0,False,False,True,False,L,False
2025,2025_11_TB_BUF,BUF,4.0,True,False,False,False,W,True
2025,2025_11_WAS_MIA,WAS,-3.0,False,False,True,True,L,False
2025,2025_12_ATL_NO,NO,-6.0,False,False,True,False,L,False
2025,2025_12_BUF_HOU,BUF,3.0,True,False,False,False,L,False
2025,2025_12_CAR_SF,CAR,-7.0,False,False,True,False,L,False
2025,2025_12_CLE_LV,LV,-11.0,False,False,True,False,L,False
2025,2025_12_IND_KC,KC,-8.0,False,False,True,True,W,True
2025,2025_12_JAX_ARI,JAX,-4.0,False,False,True,False,W,True
2025,2025_12_MIN_GB,GB,7.0,True,False,False,False,W,True
2025,2025_12_NE_CIN,CIN,-7.0,False,False,True,True,L,False
2025,2025_12_NYG_DET,DET,-6.0,False,False,True,True,W,True
2025,2025_12_NYJ_BAL,BAL,-4.0,False,False,True,False,W,True
2025,2025_12_PHI_DAL,PHI,21.0,True,False,False,False,L,False
2025,2025_12_PIT_CHI,PIT,7.0,True,False,False,False,L,False
2025,2025_12_SEA_TEN,SEA,10.0,True,False,False,True,W,True
2025,2025_12_TB_LA,LA,24.0,True,False,False,False,W,True
2025,2025_13_ARI_TB,ARI,-10.0,False,False,True,True,L,False
2025,2025_13_ATL_NYJ,NYJ,7.0,True,False,False,False,W,True
2025,2025_13_BUF_PIT,PIT,4.0,True,False,False,False,L,False
2025,2025_13_CHI_PHI,PHI,-7.0,False,False,True,False,L,False
2025,2025_13_CIN_BAL,BAL,-2.0,False,False,True,False,L,False
2025,2025_13_DEN_WAS,WAS,1.0,True,False,False,False,L,False
2025,2025_13_GB_DET,DET,-4.0,False,False,True,False,L,False
2025,2025_13_HOU_IND,HOU,4.0,True,False,False,False,W,True
2025,2025_13_JAX_TEN,TEN,-12.0,False,False,True,False,L,False
2025,2025_13_KC_DAL,KC,-3.0,False,False,True,False,L,False
2025,2025_13_LA_CAR,CAR,-4.0,False,False,True,False,W,True
2025,2025_13_LV_LAC,LAC,0.0,False,True,False,False,W,True
2025,2025_13_MIN_SEA,SEA,10.0,True,False,False,True,W,True
2025,2025_13_NO_MIA,NO,-13.0,False,False,True,False,L,False
2025,2025_13_NYG_NE,NYG,-20.0,False,False,True,False,L,False
2025,2025_13_SF_CLE,CLE,1.0,True,False,False,False,L,False
2025,2025_14_CHI_GB,GB,11.0,True,False,False,False,W,True
2025,2025_14_CIN_BUF,BUF,-10.0,False,False,True,False,W,True
2025,2025_14_DAL_DET,DAL,-8.0,False,False,True,False,L,False
2025,2025_14_DEN_LV,LV,-7.0,False,False,True,False,L,False
2025,2025_14_HOU_KC,HOU,10.0,True,False,False,False,W,True
2025,2025_14_IND_JAX,IND,-11.0,False,False,True,False,L,False
2025,2025_14_LA_ARI,LA,7.0,True,False,False,True,W,True
2025,2025_14_MIA_NYJ,NYJ,-17.0,False,False,True,False,L,False
2025,2025_14_NO_TB,TB,3.0,True,False,False,False,L,False
2025,2025_14_PHI_LAC,LAC,4.0,True,False,False,False,W,True
2025,2025_14_PIT_BAL,PIT,14.0,True,False,False,False,W,True
2025,2025_14_SEA_ATL,SEA,-3.0,False,False,True,True,W,True
2025,2025_14_TEN_CLE,CLE,3.0,True,False,False,False,L,False
2025,2025_14_WAS_MIN,WAS,-14.0,False,False,True,False,L,False
2025,2025_15_ARI_HOU,ARI,-16.0,False,False,True,False,L,False
2025,2025_15_ATL_TB,ATL,4.0,True,False,False,False,W,True
2025,2025_15_BAL_CIN,CIN,-7.0,False,False,True,False,L,False
2025,2025_15_BUF_NE,BUF,-14.0,False,False,True,False,W,True
2025,2025_15_CAR_NO,CAR,0.0,False,True,False,True,L,False
2025,2025_15_CLE_CHI,CLE,-14.0,False,False,True,False,L,False
2025,2025_15_DET_LA,LA,-9.0,False,False,True,True,W,True
2025,2025_15_GB_DEN,GB,-1.0,False,False,True,True,L,False
2025,2025_15_IND_SEA,SEA,-10.0,False,False,True,True,W,True
2025,2025_15_LAC_KC,LAC,-10.0,False,False,True,True,W,True
2025,2025_15_LV_PHI,LV,-17.0,False,False,True,False,L,False
2025,2025_15_MIA_PIT,PIT,-3.0,False,False,True,True,W,True
2025,2025_15_MIN_DAL,DAL,-3.0,False,False,True,True,L,False
2025,2025_15_NYJ_JAX,NYJ,-14.0,False,False,True,False,L,False
2025,2025_15_TEN_SF,SF,7.0,True,False,False,False,W,True
2025,2025_15_WAS_NYG,NYG,-12.0,False,False,True,False,L,False
2025,2025_16_ATL_ARI,ATL,-6.0,False,False,True,True,W,True
2025,2025_16_BUF_CLE,BUF,10.0,True,False,False,False,W,True
2025,2025_16_CIN_MIA,MIA,-3.0,False,False,True,False,L,False
2025,2025_16_GB_CHI,CHI,-6.0,False,False,True,False,W,True
2025,2025_16_JAX_DEN,DEN,-4.0,False,False,True,False,L,False
2025,2025_16_KC_TEN,TEN,6.0,True,False,False,False,W,True
2025,2025_16_LAC_DAL,LAC,-3.0,False,False,True,True,W,True
2025,2025_16_LA_SEA,SEA,-6.0,False,False,True,False,W,True
2025,2025_16_LV_HOU,HOU,6.0,True,False,False,False,W,True
2025,2025_16_MIN_NYG,NYG,-10.0,False,False,True,True,L,False
2025,2025_16_NE_BAL,NE,0.0,False,True,False,False,W,True
2025,2025_16_NYJ_NO,NYJ,-3.0,False,False,True,False,L,False
2025,2025_16_PHI_WAS,WAS,3.0,True,False,False,False,L,False
2025,2025_16_PIT_DET,PIT,-7.0,False,False,True,True,W,True
2025,2025_16_SF_IND,SF,10.0,True,False,False,False,W,True
2025,2025_16_TB_CAR,TB,4.0,True,False,False,False,L,False
2025,2025_17_ARI_CIN,ARI,-16.0,False,False,True,False,L,False
2025,2025_17_BAL_GB,GB,-6.0,False,False,True,False,L,False
2025,2025_17_CHI_SF,CHI,-7.0,False,False,True,False,L,False
2025,2025_17_DAL_WAS,WAS,-11.0,False,False,True,False,L,False
2025,2025_17_DEN_KC,KC,4.0,True,False,False,False,L,False
2025,2025_17_DET_MIN,DET,0.0,False,True,False,False,L,False
2025,2025_17_HOU_LAC,LAC,-11.0,False,False,True,False,L,False
2025,2025_17_JAX_IND,JAX,-3.0,False,False,True,False,W,True
2025,2025_17_LA_ATL,LA,-21.0,False,False,True,False,L,False
2025,2025_17_NE_NYJ,NYJ,-32.0,False,False,True,False,L,False
2025,2025_17_NO_TEN,NO,-3.0,False,False,True,False,W,True
2025,2025_17_NYG_LV,LV,-11.0,False,False,True,False,L,False
2025,2025_17_PHI_BUF,BUF,-10.0,False,False,True,False,L,False
2025,2025_17_PIT_CLE,PIT,-7.0,False,False,True,True,L,False
2025,2025_17_SEA_CAR,SEA,0.0,False,True,False,False,W,True
2025,2025_17_TB_MIA,TB,-10.0,False,False,True,False,L,False
2025,2025_18_ARI_LA,LA,7.0,True,False,False,True,W,True
2025,2025_18_BAL_PIT,PIT,-7.0,False,False,True,False,W,True
2025,2025_18_CAR_TB,CAR,-3.0,False,False,True,False,L,False
2025,2025_18_CLE_CIN,CLE,2.0,True,False,False,False,W,True
2025,2025_18_DAL_NYG,DAL,-5.0,False,False,True,False,L,False
2025,2025_18_DET_CHI,CHI,-13.0,False,False,True,False,L,False
2025,2025_18_GB_MIN,GB,-6.0,False,False,True,False,L,False
2025,2025_18_IND_HOU,IND,-3.0,False,False,True,False,L,False
2025,2025_18_KC_LV,LV,3.0,True,False,False,False,W,True
2025,2025_18_LAC_DEN,DEN,10.0,True,False,False,False,W,True
2025,2025_18_MIA_NE,MIA,-4.0,False,False,True,False,L,False
2025,2025_18_NO_ATL,NO,-3.0,False,False,True,False,L,False
2025,2025_18_NYJ_BUF,NYJ,-21.0,False,False,True,False,L,False
2025,2025_18_SEA_SF,SF,-7.0,False,False,True,False,L,False
2025,2025_18_TEN_JAX,TEN,-21.0,False,False,True,False,L,False
2025,2025_18_WAS_PHI,WAS,0.0,False,True,False,True,W,True
2025,2025_19_BUF_JAX,BUF,3.0,True,False,False,False,W,True
2025,2025_19_GB_CHI,GB,18.0,True,False,False,False,L,False
2025,2025_19_HOU_PIT,HOU,1.0,True,False,False,False,W,True
2025,2025_19_LAC_NE,LAC,0.0,False,True,False,False,L,False
2025,2025_19_LA_CAR,LA,3.0,True,False,False,False,W,True
2025,2025_19_SF_PHI,PHI,3.0,True,False,False,False,L,False
2025,2025_20_BUF_DEN,BUF,0.0,False,True,False,False,L,False
2025,2025_20_HOU_NE,HOU,-11.0,False,False,True,False,L,False
2025,2025_20_LA_CHI,LA,-3.0,False,False,True,True,W,True
2025,2025_20_SF_SEA,SF,-18.0,False,False,True,False,L,False
2025,2025_21_LA_SEA,SEA,-3.0,False,False,True,True,W,True
2025,2025_21_NE_DEN,NE,0.0,False,True,False,False,W,True
2025,2025_22_SEA_NE,NE,-6.0,False,False,True,False,L,False
