season,game_id,h2_recv,sandwich,result,won
2015,2015_01_BAL_DEN,DEN,True,W,True
2015,2015_01_CAR_JAX,CAR,False,W,True
2015,2015_01_CIN_OAK,CIN,True,W,True
2015,2015_01_CLE_NYJ,CLE,False,L,False
2015,2015_01_DET_SD,LAC,False,W,True
2015,2015_01_GB_CHI,GB,False,W,True
2015,2015_01_IND_BUF,BUF,True,W,True
2015,2015_01_KC_HOU,HOU,True,L,False
2015,2015_01_MIA_WAS,MIA,False,W,True
2015,2015_01_MIN_SF,MIN,False,L,False
2015,2015_01_NO_ARI,NO,False,L,False
2015,2015_01_NYG_DAL,NYG,True,L,False
2015,2015_01_PHI_ATL,ATL,False,W,True
2015,2015_01_PIT_NE,NE,False,W,True
2015,2015_01_SEA_STL,LA,False,W,True
2015,2015_01_TEN_TB,TB,False,L,False
2015,2015_02_ARI_CHI,CHI,True,L,False
2015,2015_02_ATL_NYG,NYG,True,L,False
2015,2015_02_BAL_OAK,BAL,True,L,False
2015,2015_02_DAL_PHI,PHI,False,L,False
2015,2015_02_DEN_KC,KC,False,L,False
2015,2015_02_DET_MIN,DET,False,L,False
2015,2015_02_HOU_CAR,HOU,False,L,False
2015,2015_02_MIA_JAX,MIA,False,L,False
2015,2015_02_NE_BUF,NE,False,W,True
2015,2015_02_NYJ_IND,IND,False,L,False
2015,2015_02_SD_CIN,LAC,False,L,False
2015,2015_02_SEA_GB,SEA,False,L,False
2015,2015_02_SF_PIT,SF,False,L,False
2015,2015_02_STL_WAS,WAS,False,W,True
2015,2015_02_TB_NO,TB,True,W,True
2015,2015_02_TEN_CLE,CLE,False,W,True
2015,2015_03_ATL_DAL,ATL,True,W,True
2015,2015_03_BUF_MIA,BUF,True,W,True
2015,2015_03_CHI_SEA,SEA,True,W,True
2015,2015_03_CIN_BAL,CIN,False,W,True
2015,2015_03_DEN_DET,DEN,True,W,True
2015,2015_03_IND_TEN,IND,False,W,True
2015,2015_03_JAX_NE,NE,True,W,True
2015,2015_03_KC_GB,KC,False,L,False
2015,2015_03_NO_CAR,CAR,True,W,True
2015,2015_03_OAK_CLE,CLE,False,L,False
2015,2015_03_PHI_NYJ,PHI,False,W,True
2015,2015_03_PIT_STL,LA,False,L,False
2015,2015_03_SD_MIN,LAC,False,L,False
2015,2015_03_SF_ARI,SF,False,L,False
2015,2015_03_TB_HOU,TB,False,L,False
2015,2015_03_WAS_NYG,NYG,False,W,True
2015,2015_04_BAL_PIT,BAL,False,W,True
2015,2015_04_CAR_TB,CAR,False,W,True
2015,2015_04_CLE_SD,LAC,False,W,True
2015,2015_04_DAL_NO,DAL,False,L,False
2015,2015_04_DET_SEA,SEA,False,W,True
2015,2015_04_GB_SF,SF,False,L,False
2015,2015_04_HOU_ATL,HOU,False,L,False
2015,2015_04_JAX_IND,JAX,True,L,False
2015,2015_04_KC_CIN,KC,True,L,False
2015,2015_04_MIN_DEN,DEN,False,W,True
2015,2015_04_NYG_BUF,NYG,False,W,True
2015,2015_04_NYJ_MIA,NYJ,False,W,True
2015,2015_04_OAK_CHI,LV,False,L,False
2015,2015_04_PHI_WAS,PHI,False,L,False
2015,2015_04_STL_ARI,LA,False,W,True
2015,2015_05_ARI_DET,ARI,False,W,True
2015,2015_05_BUF_TEN,BUF,False,W,True
2015,2015_05_CHI_KC,KC,True,L,False
2015,2015_05_CLE_BAL,CLE,True,W,True
2015,2015_05_DEN_OAK,DEN,False,W,True
2015,2015_05_IND_HOU,IND,False,W,True
2015,2015_05_JAX_TB,JAX,False,L,False
2015,2015_05_NE_DAL,NE,True,W,True
2015,2015_05_NO_PHI,NO,False,L,False
2015,2015_05_PIT_SD,LAC,False,L,False
2015,2015_05_SEA_CIN,SEA,True,L,False
2015,2015_05_SF_NYG,NYG,False,W,True
2015,2015_05_STL_GB,GB,False,W,True
2015,2015_05_WAS_ATL,ATL,False,W,True
2015,2015_06_ARI_PIT,PIT,False,W,True
2015,2015_06_ATL_NO,ATL,False,L,False
2015,2015_06_BAL_SF,BAL,False,L,False
2015,2015_06_CAR_SEA,CAR,False,W,True
2015,2015_06_CHI_DET,CHI,False,L,False
2015,2015_06_CIN_BUF,CIN,False,W,True
2015,2015_06_DEN_CLE,CLE,False,L,False
2015,2015_06_HOU_JAX,JAX,False,L,False
2015,2015_06_KC_MIN,KC,False,L,False
2015,2015_06_MIA_TEN,TEN,False,L,False
2015,2015_06_NE_IND,NE,True,W,True
2015,2015_06_NYG_PHI,PHI,True,W,True
2015,2015_06_SD_GB,GB,False,W,True
2015,2015_06_WAS_NYJ,NYJ,False,W,True
2015,2015_07_ATL_TEN,ATL,False,W,True
2015,2015_07_BAL_ARI,BAL,False,L,False
2015,2015_07_BUF_JAX,JAX,False,W,True
2015,2015_07_CLE_STL,CLE,False,L,False
2015,2015_07_DAL_NYG,DAL,False,L,False
2015,2015_07_HOU_MIA,MIA,False,W,True
2015,2015_07_MIN_DET,MIN,True,W,True
2015,2015_07_NO_IND,IND,False,L,False
2015,2015_07_NYJ_NE,NE,False,W,True
2015,2015_07_OAK_SD,LV,False,W,True
2015,2015_07_PHI_CAR,CAR,False,W,True
2015,2015_07_PIT_KC,KC,False,W,True
2015,2015_07_SEA_SF,SEA,False,W,True
2015,2015_07_TB_WAS,TB,False,L,False
2015,2015_08_ARI_CLE,CLE,False,L,False
2015,2015_08_CIN_PIT,CIN,False,W,True
2015,2015_08_DET_KC,KC,False,W,True
2015,2015_08_GB_DEN,GB,False,L,False
2015,2015_08_IND_CAR,CAR,False,W,True
2015,2015_08_MIA_NE,MIA,False,L,False
2015,2015_08_MIN_CHI,CHI,False,L,False
2015,2015_08_NYG_NO,NYG,True,L,False
2015,2015_08_NYJ_OAK,LV,False,W,True
2015,2015_08_SD_BAL,BAL,False,W,True
2015,2015_08_SEA_DAL,DAL,False,L,False
2015,2015_08_SF_STL,LA,True,W,True
2015,2015_08_TB_ATL,TB,False,W,True
2015,2015_08_TEN_HOU,TEN,False,L,False
2015,2015_09_ATL_SF,ATL,True,L,False
2015,2015_09_CHI_SD,LAC,True,L,False
2015,2015_09_CLE_CIN,CIN,False,W,True
2015,2015_09_DEN_IND,IND,False,W,True
2015,2015_09_GB_CAR,GB,False,L,False
2015,2015_09_JAX_NYJ,JAX,True,L,False
2015,2015_09_MIA_BUF,MIA,False,L,False
2015,2015_09_NYG_TB,TB,True,L,False
2015,2015_09_OAK_PIT,LV,False,L,False
2015,2015_09_PHI_DAL,DAL,False,L,False
2015,2015_09_STL_MIN,MIN,False,W,True
2015,2015_09_TEN_NO,NO,False,L,False
2015,2015_09_WAS_NE,WAS,True,L,False
2015,2015_10_ARI_SEA,SEA,False,L,False
2015,2015_10_BUF_NYJ,BUF,True,W,True
2015,2015_10_CAR_TEN,CAR,False,W,True
2015,2015_10_CHI_STL,CHI,False,W,True
2015,2015_10_CLE_PIT,CLE,False,L,False
2015,2015_10_DAL_TB,TB,False,W,True
2015,2015_10_DET_GB,DET,True,W,True
2015,2015_10_HOU_CIN,HOU,False,W,True
2015,2015_10_JAX_BAL,BAL,False,L,False
2015,2015_10_KC_DEN,KC,True,W,True
2015,2015_10_MIA_PHI,PHI,False,L,False
2015,2015_10_MIN_OAK,LV,False,L,False
2015,2015_10_NE_NYG,NYG,True,L,False
2015,2015_10_NO_WAS,NO,False,L,False
2015,2015_11_BUF_NE,NE,True,W,True
2015,2015_11_CIN_ARI,CIN,False,L,False
2015,2015_11_DAL_MIA,DAL,False,W,True
2015,2015_11_DEN_CHI,DEN,True,W,True
2015,2015_11_GB_MIN,GB,True,W,True
2015,2015_11_IND_ATL,ATL,False,L,False
2015,2015_11_KC_SD,LAC,False,L,False
2015,2015_11_NYJ_HOU,NYJ,False,L,False
2015,2015_11_OAK_DET,LV,False,L,False
2015,2015_11_SF_SEA,SEA,False,W,True
2015,2015_11_STL_BAL,BAL,True,W,True
2015,2015_11_TB_PHI,TB,False,W,True
2015,2015_11_TEN_JAX,JAX,False,W,True
2015,2015_11_WAS_CAR,WAS,False,L,False
2015,2015_12_ARI_SF,ARI,False,W,True
2015,2015_12_BAL_CLE,CLE,True,L,False
2015,2015_12_BUF_KC,KC,False,W,True
2015,2015_12_CAR_DAL,CAR,True,W,True
2015,2015_12_CHI_GB,CHI,False,W,True
2015,2015_12_MIA_NYJ,MIA,False,L,False
2015,2015_12_MIN_ATL,ATL,False,L,False
2015,2015_12_NE_DEN,NE,False,L,False
2015,2015_12_NO_HOU,HOU,False,W,True
2015,2015_12_NYG_WAS,WAS,False,W,True
2015,2015_12_OAK_TEN,LV,False,W,True
2015,2015_12_PHI_DET,DET,True,W,True
2015,2015_12_PIT_SEA,SEA,False,W,True
2015,2015_12_SD_JAX,LAC,False,W,True
2015,2015_12_STL_CIN,CIN,False,W,True
2015,2015_12_TB_IND,TB,False,L,False
2015,2015_13_ARI_STL,LA,False,L,False
2015,2015_13_ATL_TB,ATL,True,L,False
2015,2015_13_BAL_MIA,BAL,False,L,False
2015,2015_13_CAR_NO,CAR,False,W,True
2015,2015_13_CIN_CLE,CLE,True,L,False
2015,2015_13_DAL_WAS,DAL,False,W,True
2015,2015_13_DEN_SD,LAC,False,L,False
2015,2015_13_GB_DET,DET,False,L,False
2015,2015_13_HOU_BUF,BUF,False,W,True
2015,2015_13_IND_PIT,IND,False,L,False
2015,2015_13_JAX_TEN,TEN,True,W,True
2015,2015_13_KC_OAK,KC,False,W,True
2015,2015_13_NYJ_NYG,NYG,False,L,False
2015,2015_13_PHI_NE,NE,False,L,False
2015,2015_13_SEA_MIN,MIN,False,L,False
2015,2015_13_SF_CHI,CHI,False,L,False
2015,2015_14_ATL_CAR,ATL,False,L,False
2015,2015_14_BUF_PHI,PHI,True,W,True
2015,2015_14_DAL_GB,DAL,False,L,False
2015,2015_14_DET_STL,DET,False,L,False
2015,2015_14_IND_JAX,IND,False,L,False
2015,2015_14_MIN_ARI,MIN,True,L,False
2015,2015_14_NE_HOU,NE,True,W,True
2015,2015_14_NO_TB,NO,False,W,True
2015,2015_14_NYG_MIA,NYG,False,W,True
2015,2015_14_OAK_DEN,LV,False,W,True
2015,2015_14_PIT_CIN,CIN,False,L,False
2015,2015_14_SD_KC,KC,True,W,True
2015,2015_14_SEA_BAL,SEA,False,W,True
2015,2015_14_SF_CLE,SF,False,L,False
2015,2015_14_TEN_NYJ,TEN,False,L,False
2015,2015_14_WAS_CHI,CHI,True,L,False
2015,2015_15_ARI_PHI,PHI,False,L,False
2015,2015_15_ATL_JAX,JAX,False,L,False
2015,2015_15_BUF_WAS,BUF,False,L,False
2015,2015_15_CAR_NYG,CAR,True,W,True
2015,2015_15_CHI_MIN,MIN,False,W,True
2015,2015_15_CIN_SF,CIN,False,W,True
2015,2015_15_CLE_SEA,SEA,True,W,True
2015,2015_15_DEN_PIT,DEN,False,L,False
2015,2015_15_DET_NO,DET,False,W,True
2015,2015_15_GB_OAK,LV,True,L,False
2015,2015_15_HOU_IND,IND,False,L,False
2015,2015_15_KC_BAL,BAL,True,L,False
2015,2015_15_MIA_SD,LAC,False,W,True
2015,2015_15_NYJ_DAL,NYJ,False,W,True
2015,2015_15_TB_STL,TB,False,L,False
2015,2015_15_TEN_NE,NE,False,W,True
2015,2015_16_CAR_ATL,ATL,False,W,True
2015,2015_16_CHI_TB,TB,False,L,False
2015,2015_16_CIN_DEN,DEN,True,W,True
2015,2015_16_CLE_KC,CLE,False,L,False
2015,2015_16_DAL_BUF,BUF,False,W,True
2015,2015_16_GB_ARI,GB,False,L,False
2015,2015_16_HOU_TEN,HOU,False,W,True
2015,2015_16_IND_MIA,MIA,False,L,False
2015,2015_16_JAX_NO,JAX,False,L,False
2015,2015_16_NE_NYJ,NE,False,L,False
2015,2015_16_NYG_MIN,NYG,False,L,False
2015,2015_16_PIT_BAL,BAL,False,W,True
2015,2015_16_SD_OAK,LAC,False,L,False
2015,2015_16_SF_DET,DET,True,W,True
2015,2015_16_STL_SEA,SEA,True,L,False
2015,2015_16_WAS_PHI,WAS,False,W,True
2015,2015_17_BAL_CIN,BAL,True,L,False
2015,2015_17_DET_CHI,CHI,False,L,False
2015,2015_17_JAX_HOU,HOU,True,W,True
2015,2015_17_MIN_GB,GB,False,L,False
2015,2015_17_NE_MIA,NE,False,L,False
2015,2015_17_NO_ATL,ATL,True,L,False
2015,2015_17_NYJ_BUF,BUF,True,W,True
2015,2015_17_OAK_KC,LV,False,L,False
2015,2015_17_PHI_NYG,NYG,True,L,False
2015,2015_17_PIT_CLE,CLE,True,L,False
2015,2015_17_SD_DEN,LAC,False,L,False
2015,2015_17_SEA_ARI,SEA,False,W,True
2015,2015_17_STL_SF,SF,False,W,True
2015,2015_17_TB_CAR,TB,False,L,False
2015,2015_17_TEN_IND,TEN,False,L,False
2015,2015_17_WAS_DAL,WAS,False,W,True
2015,2015_18_GB_WAS,WAS,False,L,False
2015,2015_18_KC_HOU,HOU,False,L,False
2015,2015_18_PIT_CIN,CIN,False,L,False
2015,2015_18_SEA_MIN,SEA,False,W,True
2015,2015_19_GB_ARI,GB,False,L,False
2015,2015_19_KC_NE,KC,True,L,False
2015,2015_19_PIT_DEN,DEN,True,W,True
2015,2015_19_SEA_CAR,SEA,False,L,False
2015,2015_20_ARI_CAR,CAR,False,W,True
2015,2015_20_NE_DEN,DEN,False,W,True
2015,2015_21_CAR_DEN,CAR,False,L,False
2016,2016_01_BUF_BAL,BUF,False,L,False
2016,2016_01_CAR_DEN,CAR,True,L,False
2016,2016_01_CHI_HOU,CHI,True,L,False
2016,2016_01_CIN_NYJ,NYJ,False,L,False
2016,2016_01_CLE_PHI,CLE,False,L,False
2016,2016_01_DET_IND,DET,False,W,True
2016,2016_01_GB_JAX,GB,True,W,True
2016,2016_01_LA_SF,SF,False,W,True
2016,2016_01_MIA_SEA,MIA,False,L,False
2016,2016_01_MIN_TEN,MIN,False,W,True
2016,2016_01_NE_ARI,NE,False,W,True
2016,2016_01_NYG_DAL,NYG,True,W,True
2016,2016_01_OAK_NO,LV,False,W,True
2016,2016_01_PIT_WAS,PIT,False,W,True
2016,2016_01_SD_KC,LAC,False,L,False
2016,2016_01_TB_ATL,TB,True,W,True
2016,2016_02_ATL_OAK,LV,False,L,False
2016,2016_02_BAL_CLE,BAL,True,W,True
2016,2016_02_CIN_PIT,CIN,True,L,False
2016,2016_02_DAL_WAS,WAS,False,L,False
2016,2016_02_GB_MIN,GB,False,L,False
2016,2016_02_IND_DEN,IND,False,L,False
2016,2016_02_JAX_SD,JAX,False,L,False
2016,2016_02_KC_HOU,KC,False,L,False
2016,2016_02_MIA_NE,MIA,True,L,False
2016,2016_02_NO_NYG,NYG,False,W,True
2016,2016_02_NYJ_BUF,BUF,True,L,False
2016,2016_02_PHI_CHI,PHI,True,W,True
2016,2016_02_SEA_LA,SEA,False,L,False
2016,2016_02_SF_CAR,SF,False,L,False
2016,2016_02_TB_ARI,TB,False,L,False
2016,2016_02_TEN_DET,DET,False,L,False
2016,2016_03_ARI_BUF,ARI,False,L,False
2016,2016_03_ATL_NO,ATL,False,W,True
2016,2016_03_BAL_JAX,BAL,True,W,True
2016,2016_03_CHI_DAL,CHI,False,L,False
2016,2016_03_CLE_MIA,CLE,False,L,False
2016,2016_03_DEN_CIN,CIN,False,L,False
2016,2016_03_DET_GB,DET,False,L,False
2016,2016_03_HOU_NE,NE,False,W,True
2016,2016_03_LA_TB,TB,False,L,False
2016,2016_03_MIN_CAR,MIN,False,W,True
2016,2016_03_NYJ_KC,KC,False,W,True
2016,2016_03_OAK_TEN,LV,False,W,True
2016,2016_03_PIT_PHI,PHI,False,W,True
2016,2016_03_SD_IND,LAC,False,L,False
2016,2016_03_SF_SEA,SF,False,L,False
2016,2016_03_WAS_NYG,WAS,False,W,True
2016,2016_04_BUF_NE,BUF,False,W,True
2016,2016_04_CAR_ATL,ATL,False,W,True
2016,2016_04_CLE_WAS,CLE,True,L,False
2016,2016_04_DAL_SF,SF,False,L,False
2016,2016_04_DEN_TB,DEN,True,W,True
2016,2016_04_DET_CHI,DET,False,L,False
2016,2016_04_IND_JAX,JAX,True,W,True
2016,2016_04_KC_PIT,PIT,False,W,True
2016,2016_04_LA_ARI,LA,False,W,True
2016,2016_04_MIA_CIN,MIA,False,L,False
2016,2016_04_NO_SD,LAC,True,L,False
2016,2016_04_NYG_MIN,MIN,False,W,True
2016,2016_04_OAK_BAL,BAL,True,L,False
2016,2016_04_SEA_NYJ,SEA,False,W,True
2016,2016_04_TEN_HOU,TEN,False,L,False
2016,2016_05_ARI_SF,SF,False,L,False
2016,2016_05_ATL_DEN,DEN,False,L,False
2016,2016_05_BUF_LA,BUF,True,W,True
2016,2016_05_CHI_IND,IND,True,W,True
2016,2016_05_CIN_DAL,CIN,False,L,False
2016,2016_05_HOU_MIN,HOU,False,L,False
2016,2016_05_NE_CLE,NE,False,W,True
2016,2016_05_NYG_GB,NYG,False,L,False
2016,2016_05_NYJ_PIT,PIT,False,W,True
2016,2016_05_PHI_DET,PHI,True,L,False
2016,2016_05_SD_OAK,LAC,False,L,False
2016,2016_05_TB_CAR,CAR,False,L,False
2016,2016_05_TEN_MIA,MIA,False,L,False
2016,2016_05_WAS_BAL,WAS,False,W,True
2016,2016_06_ATL_SEA,ATL,False,L,False
2016,2016_06_BAL_NYG,NYG,False,W,True
2016,2016_06_CAR_NO,CAR,False,L,False
2016,2016_06_CIN_NE,CIN,False,L,False
2016,2016_06_CLE_TEN,CLE,False,L,False
2016,2016_06_DAL_GB,GB,False,L,False
2016,2016_06_DEN_SD,DEN,False,L,False
2016,2016_06_IND_HOU,IND,False,L,False
2016,2016_06_JAX_CHI,JAX,False,W,True
2016,2016_06_KC_OAK,KC,False,W,True
2016,2016_06_LA_DET,LA,False,L,False
2016,2016_06_NYJ_ARI,NYJ,False,L,False
2016,2016_06_PHI_WAS,WAS,True,W,True
2016,2016_06_PIT_MIA,MIA,True,W,True
2016,2016_06_SF_BUF,BUF,True,W,True
2016,2016_07_BAL_NYJ,NYJ,False,W,True
2016,2016_07_BUF_MIA,BUF,False,L,False
2016,2016_07_CHI_GB,GB,True,W,True
2016,2016_07_CLE_CIN,CLE,False,L,False
2016,2016_07_HOU_DEN,DEN,False,W,True
2016,2016_07_IND_TEN,IND,False,W,True
2016,2016_07_MIN_PHI,MIN,False,L,False
2016,2016_07_NE_PIT,NE,False,W,True
2016,2016_07_NO_KC,NO,False,L,False
2016,2016_07_NYG_LA,LA,False,L,False
2016,2016_07_OAK_JAX,JAX,False,L,False
2016,2016_07_SD_ATL,ATL,False,L,False
2016,2016_07_SEA_ARI,SEA,False,T,False
2016,2016_07_TB_SF,TB,False,W,True
2016,2016_07_WAS_DET,WAS,True,L,False
2016,2016_08_ARI_CAR,CAR,False,W,True
2016,2016_08_DET_HOU,HOU,False,W,True
2016,2016_08_GB_ATL,GB,True,L,False
2016,2016_08_JAX_TEN,JAX,False,L,False
2016,2016_08_KC_IND,IND,False,L,False
2016,2016_08_MIN_CHI,CHI,False,W,True
2016,2016_08_NE_BUF,NE,True,W,True
2016,2016_08_NYJ_CLE,NYJ,False,W,True
2016,2016_08_OAK_TB,LV,False,W,True
2016,2016_08_PHI_DAL,PHI,True,L,False
2016,2016_08_SD_DEN,LAC,False,L,False
2016,2016_08_SEA_NO,SEA,False,L,False
2016,2016_08_WAS_CIN,CIN,False,T,False
2016,2016_09_ATL_TB,ATL,False,W,True
2016,2016_09_BUF_SEA,BUF,False,L,False
2016,2016_09_CAR_LA,CAR,False,W,True
2016,2016_09_DAL_CLE,DAL,False,W,True
2016,2016_09_DEN_OAK,LV,False,W,True
2016,2016_09_DET_MIN,DET,True,W,True
2016,2016_09_IND_GB,GB,False,L,False
2016,2016_09_JAX_KC,KC,False,W,True
2016,2016_09_NO_SF,SF,False,L,False
2016,2016_09_NYJ_MIA,MIA,False,W,True
2016,2016_09_PHI_NYG,PHI,False,L,False
2016,2016_09_PIT_BAL,BAL,True,W,True
2016,2016_09_TEN_SD,TEN,True,L,False
2016,2016_10_ATL_PHI,PHI,False,W,True
2016,2016_10_CHI_TB,TB,False,W,True
2016,2016_10_CIN_NYG,CIN,False,L,False
2016,2016_10_CLE_BAL,CLE,False,L,False
2016,2016_10_DAL_PIT,PIT,False,L,False
2016,2016_10_DEN_NO,DEN,False,W,True
2016,2016_10_GB_TEN,TEN,False,W,True
2016,2016_10_HOU_JAX,HOU,False,W,True
2016,2016_10_KC_CAR,KC,True,W,True
2016,2016_10_LA_NYJ,NYJ,False,L,False
2016,2016_10_MIA_SD,MIA,False,W,True
2016,2016_10_MIN_WAS,WAS,False,W,True
2016,2016_10_SEA_NE,SEA,True,W,True
2016,2016_10_SF_ARI,SF,False,L,False
2016,2016_11_ARI_MIN,MIN,False,W,True
2016,2016_11_BAL_DAL,BAL,False,L,False
2016,2016_11_BUF_CIN,BUF,False,W,True
2016,2016_11_CHI_NYG,NYG,False,W,True
2016,2016_11_GB_WAS,WAS,False,W,True
2016,2016_11_HOU_OAK,LV,False,W,True
2016,2016_11_JAX_DET,JAX,False,L,False
2016,2016_11_MIA_LA,MIA,False,W,True
2016,2016_11_NE_SF,NE,False,W,True
2016,2016_11_NO_CAR,CAR,True,W,True
2016,2016_11_PHI_SEA,PHI,False,L,False
2016,2016_11_PIT_CLE,PIT,True,W,True
2016,2016_11_TB_KC,TB,True,W,True
2016,2016_11_TEN_IND,IND,False,W,True
2016,2016_12_ARI_ATL,ATL,False,W,True
2016,2016_12_CAR_OAK,LV,False,W,True
2016,2016_12_CIN_BAL,CIN,False,L,False
2016,2016_12_GB_PHI,PHI,True,L,False
2016,2016_12_JAX_BUF,BUF,True,W,True
2016,2016_12_KC_DEN,KC,False,W,True
2016,2016_12_LA_NO,NO,False,W,True
2016,2016_12_MIN_DET,MIN,False,L,False
2016,2016_12_NE_NYJ,NYJ,False,L,False
2016,2016_12_NYG_CLE,CLE,True,L,False
2016,2016_12_PIT_IND,PIT,False,W,True
2016,2016_12_SD_HOU,HOU,False,L,False
2016,2016_12_SEA_TB,SEA,False,L,False
2016,2016_12_SF_MIA,SF,False,L,False
2016,2016_12_TEN_CHI,TEN,False,W,True
2016,2016_12_WAS_DAL,WAS,True,L,False
2016,2016_13_BUF_OAK,BUF,False,L,False
2016,2016_13_CAR_SEA,SEA,True,W,True
2016,2016_13_DAL_MIN,MIN,False,L,False
2016,2016_13_DEN_JAX,JAX,False,L,False
2016,2016_13_DET_NO,DET,False,W,True
2016,2016_13_HOU_GB,GB,False,W,True
2016,2016_13_IND_NYJ,IND,False,W,True
2016,2016_13_KC_ATL,KC,False,W,True
2016,2016_13_LA_NE,LA,False,L,False
2016,2016_13_MIA_BAL,MIA,False,L,False
2016,2016_13_NYG_PIT,NYG,False,L,False
2016,2016_13_PHI_CIN,CIN,True,W,True
2016,2016_13_SF_CHI,CHI,False,W,True
2016,2016_13_TB_SD,TB,False,W,True
2016,2016_13_WAS_ARI,WAS,False,L,False
2016,2016_14_ARI_MIA,MIA,False,W,True
2016,2016_14_ATL_LA,ATL,False,W,True
2016,2016_14_BAL_NE,BAL,True,L,False
2016,2016_14_CHI_DET,CHI,False,L,False
2016,2016_14_CIN_CLE,CLE,False,L,False
2016,2016_14_DAL_NYG,DAL,False,L,False
2016,2016_14_DEN_TEN,TEN,False,W,True
2016,2016_14_HOU_IND,IND,False,L,False
2016,2016_14_MIN_JAX,JAX,True,L,False
2016,2016_14_NO_TB,NO,True,L,False
2016,2016_14_NYJ_SF,SF,False,L,False
2016,2016_14_OAK_KC,KC,False,W,True
2016,2016_14_PIT_BUF,BUF,False,L,False
2016,2016_14_SD_CAR,CAR,False,W,True
2016,2016_14_SEA_GB,SEA,False,L,False
2016,2016_14_WAS_PHI,WAS,False,W,True
2016,2016_15_CAR_WAS,WAS,False,L,False
2016,2016_15_CLE_BUF,BUF,False,W,True
2016,2016_15_DET_NYG,DET,False,L,False
2016,2016_15_GB_CHI,CHI,False,L,False
2016,2016_15_IND_MIN,MIN,False,L,False
2016,2016_15_JAX_HOU,JAX,False,L,False
2016,2016_15_LA_SEA,SEA,False,W,True
2016,2016_15_MIA_NYJ,MIA,False,W,True
2016,2016_15_NE_DEN,DEN,False,L,False
2016,2016_15_NO_ARI,NO,False,W,True
2016,2016_15_OAK_SD,LV,True,W,True
2016,2016_15_PHI_BAL,BAL,True,W,True
2016,2016_15_PIT_CIN,PIT,True,W,True
2016,2016_15_SF_ATL,ATL,False,W,True
2016,2016_15_TB_DAL,TB,False,L,False
2016,2016_15_TEN_KC,KC,True,L,False
2016,2016_16_ARI_SEA,SEA,True,L,False
2016,2016_16_ATL_CAR,CAR,False,L,False
2016,2016_16_BAL_PIT,PIT,False,W,True
2016,2016_16_CIN_HOU,HOU,False,W,True
2016,2016_16_DEN_KC,KC,False,W,True
2016,2016_16_DET_DAL,DET,False,L,False
2016,2016_16_IND_OAK,LV,True,W,True
2016,2016_16_MIA_BUF,MIA,False,W,True
2016,2016_16_MIN_GB,MIN,False,L,False
2016,2016_16_NYG_PHI,PHI,False,W,True
2016,2016_16_NYJ_NE,NE,False,W,True
2016,2016_16_SD_CLE,CLE,False,W,True
2016,2016_16_SF_LA,LA,False,L,False
2016,2016_16_TB_NO,TB,False,L,False
2016,2016_16_TEN_JAX,TEN,False,L,False
2016,2016_16_WAS_CHI,CHI,False,L,False
2016,2016_17_ARI_LA,LA,False,L,False
2016,2016_17_BAL_CIN,CIN,True,W,True
2016,2016_17_BUF_NYJ,NYJ,True,W,True
2016,2016_17_CAR_TB,CAR,False,L,False
2016,2016_17_CHI_MIN,CHI,True,L,False
2016,2016_17_CLE_PIT,PIT,False,W,True
2016,2016_17_DAL_PHI,PHI,True,W,True
2016,2016_17_GB_DET,GB,True,W,True
2016,2016_17_HOU_TEN,HOU,False,L,False
2016,2016_17_JAX_IND,JAX,False,L,False
2016,2016_17_KC_SD,KC,True,W,True
2016,2016_17_NE_MIA,MIA,False,L,False
2016,2016_17_NO_ATL,ATL,False,W,True
2016,2016_17_NYG_WAS,NYG,False,W,True
2016,2016_17_OAK_DEN,LV,False,L,False
2016,2016_17_SEA_SF,SEA,False,W,True
2016,2016_18_DET_SEA,SEA,False,W,True
2016,2016_18_MIA_PIT,MIA,False,L,False
2016,2016_18_NYG_GB,GB,True,W,True
2016,2016_18_OAK_HOU,LV,False,L,False
2016,2016_19_GB_DAL,GB,False,W,True
2016,2016_19_HOU_NE,NE,True,W,True
2016,2016_19_PIT_KC,KC,False,L,False
2016,2016_19_SEA_ATL,ATL,False,W,True
2016,2016_20_GB_ATL,GB,False,L,False
2016,2016_20_PIT_NE,PIT,False,L,False
2016,2016_21_NE_ATL,ATL,False,L,False
2017,2017_01_ARI_DET,DET,True,W,True
2017,2017_01_ATL_CHI,CHI,True,L,False
2017,2017_01_BAL_CIN,BAL,False,W,True
2017,2017_01_CAR_SF,SF,False,L,False
2017,2017_01_IND_LA,IND,False,L,False
2017,2017_01_JAX_HOU,HOU,False,L,False
2017,2017_01_KC_NE,KC,True,W,True
2017,2017_01_LAC_DEN,LAC,False,L,False
2017,2017_01_NO_MIN,MIN,True,W,True
2017,2017_01_NYG_DAL,NYG,False,L,False
2017,2017_01_NYJ_BUF,NYJ,False,L,False
2017,2017_01_OAK_TEN,TEN,False,L,False
2017,2017_01_PHI_WAS,PHI,True,W,True
2017,2017_01_PIT_CLE,PIT,False,W,True
2017,2017_01_SEA_GB,GB,False,W,True
2017,2017_02_ARI_IND,IND,False,L,False
2017,2017_02_BUF_CAR,BUF,False,L,False
2017,2017_02_CHI_TB,CHI,False,L,False
2017,2017_02_CLE_BAL,BAL,True,W,True
2017,2017_02_DAL_DEN,DEN,False,W,True
2017,2017_02_DET_NYG,NYG,False,L,False
2017,2017_02_GB_ATL,GB,False,L,False
2017,2017_02_HOU_CIN,CIN,True,L,False
2017,2017_02_MIA_LAC,MIA,False,W,True
2017,2017_02_MIN_PIT,MIN,False,L,False
2017,2017_02_NE_NO,NO,False,L,False
2017,2017_02_NYJ_OAK,NYJ,False,L,False
2017,2017_02_PHI_KC,PHI,False,L,False
2017,2017_02_SF_SEA,SF,True,L,False
2017,2017_02_TEN_JAX,JAX,False,L,False
2017,2017_02_WAS_LA,WAS,False,W,True
2017,2017_03_ATL_DET,DET,False,L,False
2017,2017_03_BAL_JAX,JAX,False,W,True
2017,2017_03_CIN_GB,GB,False,W,True
2017,2017_03_CLE_IND,IND,False,W,True
2017,2017_03_DAL_ARI,DAL,False,W,True
2017,2017_03_DEN_BUF,BUF,True,W,True
2017,2017_03_HOU_NE,NE,False,W,True
2017,2017_03_KC_LAC,KC,False,W,True
2017,2017_03_LA_SF,LA,False,W,True
2017,2017_03_MIA_NYJ,MIA,False,L,False
2017,2017_03_NO_CAR,NO,True,W,True
2017,2017_03_NYG_PHI,NYG,False,L,False
2017,2017_03_OAK_WAS,WAS,False,W,True
2017,2017_03_PIT_CHI,CHI,True,W,True
2017,2017_03_SEA_TEN,SEA,False,L,False
2017,2017_03_TB_MIN,TB,False,L,False
2017,2017_04_BUF_ATL,BUF,False,W,True
2017,2017_04_CAR_NE,CAR,False,W,True
2017,2017_04_CHI_GB,CHI,True,L,False
2017,2017_04_CIN_CLE,CIN,False,W,True
2017,2017_04_DET_MIN,MIN,False,L,False
2017,2017_04_IND_SEA,SEA,False,W,True
2017,2017_04_JAX_NYJ,JAX,False,L,False
2017,2017_04_LA_DAL,LA,True,W,True
2017,2017_04_NO_MIA,NO,True,W,True
2017,2017_04_NYG_TB,TB,False,W,True
2017,2017_04_OAK_DEN,LV,False,L,False
2017,2017_04_PHI_LAC,PHI,False,W,True
2017,2017_04_PIT_BAL,PIT,False,W,True
2017,2017_04_SF_ARI,SF,False,L,False
2017,2017_04_TEN_HOU,HOU,False,W,True
2017,2017_04_WAS_KC,KC,False,W,True
2017,2017_05_ARI_PHI,PHI,False,W,True
2017,2017_05_BAL_OAK,LV,False,L,False
2017,2017_05_BUF_CIN,BUF,False,L,False
2017,2017_05_CAR_DET,CAR,False,W,True
2017,2017_05_GB_DAL,GB,False,W,True
2017,2017_05_JAX_PIT,PIT,True,L,False
2017,2017_05_KC_HOU,HOU,False,L,False
2017,2017_05_LAC_NYG,NYG,False,L,False
2017,2017_05_MIN_CHI,MIN,False,W,True
2017,2017_05_NE_TB,TB,False,L,False
2017,2017_05_NYJ_CLE,CLE,False,L,False
2017,2017_05_SEA_LA,LA,False,L,False
2017,2017_05_SF_IND,SF,True,L,False
2017,2017_05_TEN_MIA,MIA,False,W,True
2017,2017_06_CHI_BAL,CHI,False,W,True
2017,2017_06_CLE_HOU,CLE,False,L,False
2017,2017_06_DET_NO,DET,False,L,False
2017,2017_06_GB_MIN,MIN,False,W,True
2017,2017_06_IND_TEN,IND,True,L,False
2017,2017_06_LAC_OAK,LV,True,L,False
2017,2017_06_LA_JAX,JAX,False,L,False
2017,2017_06_MIA_ATL,MIA,False,W,True
2017,2017_06_NE_NYJ,NE,True,W,True
2017,2017_06_NYG_DEN,NYG,False,W,True
2017,2017_06_PHI_CAR,CAR,False,L,False
2017,2017_06_PIT_KC,KC,False,L,False
2017,2017_06_SF_WAS,SF,True,L,False
2017,2017_06_TB_ARI,TB,False,L,False
2017,2017_07_ARI_LA,LA,True,W,True
2017,2017_07_ATL_NE,ATL,False,L,False
2017,2017_07_BAL_MIN,MIN,False,W,True
2017,2017_07_CAR_CHI,CHI,False,W,True
2017,2017_07_CIN_PIT,CIN,False,L,False
2017,2017_07_DAL_SF,SF,False,L,False
2017,2017_07_DEN_LAC,LAC,False,W,True
2017,2017_07_JAX_IND,IND,False,L,False
2017,2017_07_KC_OAK,LV,False,W,True
2017,2017_07_NO_GB,NO,False,W,True
2017,2017_07_NYJ_MIA,MIA,False,W,True
2017,2017_07_SEA_NYG,NYG,False,L,False
2017,2017_07_TB_BUF,BUF,False,W,True
2017,2017_07_TEN_CLE,CLE,False,L,False
2017,2017_07_WAS_PHI,PHI,True,W,True
2017,2017_08_ATL_NYJ,ATL,True,W,True
2017,2017_08_CAR_TB,CAR,True,W,True
2017,2017_08_CHI_NO,CHI,False,L,False
2017,2017_08_DAL_WAS,WAS,False,L,False
2017,2017_08_DEN_KC,KC,False,W,True
2017,2017_08_HOU_SEA,SEA,False,W,True
2017,2017_08_IND_CIN,CIN,False,W,True
2017,2017_08_LAC_NE,NE,True,W,True
2017,2017_08_MIA_BAL,BAL,False,W,True
2017,2017_08_MIN_CLE,CLE,False,L,False
2017,2017_08_OAK_BUF,BUF,False,W,True
2017,2017_08_PIT_DET,DET,True,L,False
2017,2017_08_SF_PHI,PHI,False,W,True
2017,2017_09_ARI_SF,SF,False,L,False
2017,2017_09_ATL_CAR,CAR,False,W,True
2017,2017_09_BAL_TEN,BAL,False,L,False
2017,2017_09_BUF_NYJ,BUF,False,L,False
2017,2017_09_CIN_JAX,CIN,False,L,False
2017,2017_09_DEN_PHI,PHI,False,W,True
2017,2017_09_DET_GB,DET,False,W,True
2017,2017_09_IND_HOU,IND,False,W,True
2017,2017_09_KC_DAL,KC,True,L,False
2017,2017_09_LA_NYG,LA,False,W,True
2017,2017_09_OAK_MIA,MIA,False,L,False
2017,2017_09_TB_NO,TB,False,L,False
2017,2017_09_WAS_SEA,SEA,False,L,False
2017,2017_10_CIN_TEN,TEN,True,W,True
2017,2017_10_CLE_DET,CLE,False,L,False
2017,2017_10_DAL_ATL,ATL,False,W,True
2017,2017_10_GB_CHI,GB,False,W,True
2017,2017_10_HOU_LA,LA,True,W,True
2017,2017_10_LAC_JAX,JAX,False,W,True
2017,2017_10_MIA_CAR,CAR,True,W,True
2017,2017_10_MIN_WAS,MIN,True,W,True
2017,2017_10_NE_DEN,DEN,False,L,False
2017,2017_10_NO_BUF,NO,False,W,True
2017,2017_10_NYG_SF,NYG,False,L,False
2017,2017_10_NYJ_TB,TB,False,W,True
2017,2017_10_PIT_IND,IND,False,L,False
2017,2017_10_SEA_ARI,ARI,False,L,False
2017,2017_11_ARI_HOU,HOU,True,W,True
2017,2017_11_ATL_SEA,SEA,False,L,False
2017,2017_11_BAL_GB,BAL,True,W,True
2017,2017_11_BUF_LAC,LAC,True,W,True
2017,2017_11_CIN_DEN,CIN,False,W,True
2017,2017_11_DET_CHI,DET,True,W,True
2017,2017_11_JAX_CLE,JAX,False,W,True
2017,2017_11_KC_NYG,NYG,False,W,True
2017,2017_11_LA_MIN,MIN,False,W,True
2017,2017_11_NE_OAK,NE,True,W,True
2017,2017_11_PHI_DAL,PHI,False,W,True
2017,2017_11_TB_MIA,MIA,False,L,False
2017,2017_11_TEN_PIT,TEN,False,L,False
2017,2017_11_WAS_NO,WAS,False,L,False
2017,2017_12_BUF_KC,KC,False,L,False
2017,2017_12_CAR_NYJ,NYJ,False,L,False
2017,2017_12_CHI_PHI,CHI,False,L,False
2017,2017_12_CLE_CIN,CIN,False,W,True
2017,2017_12_DEN_OAK,DEN,False,L,False
2017,2017_12_GB_PIT,GB,False,L,False
2017,2017_12_HOU_BAL,HOU,False,L,False
2017,2017_12_JAX_ARI,ARI,False,W,True
2017,2017_12_LAC_DAL,LAC,False,W,True
2017,2017_12_MIA_NE,MIA,False,L,False
2017,2017_12_MIN_DET,MIN,False,W,True
2017,2017_12_NO_LA,NO,False,L,False
2017,2017_12_NYG_WAS,WAS,True,W,True
2017,2017_12_SEA_SF,SF,True,L,False
2017,2017_12_TB_ATL,ATL,True,W,True
2017,2017_12_TEN_IND,TEN,False,W,True
2017,2017_13_CAR_NO,CAR,False,L,False
2017,2017_13_CLE_LAC,LAC,True,W,True
2017,2017_13_DEN_MIA,DEN,False,L,False
2017,2017_13_DET_BAL,DET,False,L,False
2017,2017_13_HOU_TEN,TEN,True,W,True
2017,2017_13_IND_JAX,JAX,False,W,True
2017,2017_13_KC_NYJ,NYJ,True,W,True
2017,2017_13_LA_ARI,ARI,False,L,False
2017,2017_13_MIN_ATL,ATL,False,L,False
2017,2017_13_NE_BUF,NE,True,W,True
2017,2017_13_NYG_OAK,LV,False,W,True
2017,2017_13_PHI_SEA,PHI,False,L,False
2017,2017_13_PIT_CIN,CIN,False,L,False
2017,2017_13_SF_CHI,CHI,False,L,False
2017,2017_13_TB_GB,GB,False,W,True
2017,2017_13_WAS_DAL,WAS,False,L,False
2017,2017_14_BAL_PIT,PIT,True,W,True
2017,2017_14_CHI_CIN,CHI,False,W,True
2017,2017_14_DAL_NYG,NYG,False,L,False
2017,2017_14_DET_TB,TB,False,L,False
2017,2017_14_GB_CLE,CLE,False,L,False
2017,2017_14_IND_BUF,IND,False,L,False
2017,2017_14_MIN_CAR,CAR,False,W,True
2017,2017_14_NE_MIA,NE,True,L,False
2017,2017_14_NO_ATL,ATL,False,W,True
2017,2017_14_NYJ_DEN,NYJ,False,L,False
2017,2017_14_OAK_KC,KC,False,W,True
2017,2017_14_PHI_LA,LA,False,L,False
2017,2017_14_SEA_JAX,SEA,False,L,False
2017,2017_14_SF_HOU,HOU,False,L,False
2017,2017_14_TEN_ARI,ARI,False,W,True
2017,2017_14_WAS_LAC,WAS,False,L,False
2017,2017_15_ARI_WAS,WAS,False,W,True
2017,2017_15_ATL_TB,TB,False,L,False
2017,2017_15_BAL_CLE,CLE,True,L,False
2017,2017_15_CHI_DET,CHI,True,L,False
2017,2017_15_CIN_MIN,CIN,False,L,False
2017,2017_15_DAL_OAK,LV,False,L,False
2017,2017_15_DEN_IND,IND,False,L,False
2017,2017_15_GB_CAR,CAR,False,W,True
2017,2017_15_HOU_JAX,JAX,True,W,True
2017,2017_15_LAC_KC,KC,False,W,True
2017,2017_15_LA_SEA,LA,False,W,True
2017,2017_15_MIA_BUF,MIA,False,L,False
2017,2017_15_NE_PIT,NE,False,W,True
2017,2017_15_NYJ_NO,NYJ,True,L,False
2017,2017_15_PHI_NYG,PHI,False,W,True
2017,2017_15_TEN_SF,TEN,False,L,False
2017,2017_16_ATL_NO,NO,True,W,True
2017,2017_16_BUF_NE,BUF,True,L,False
2017,2017_16_CLE_CHI,CHI,False,W,True
2017,2017_16_DEN_WAS,WAS,False,W,True
2017,2017_16_DET_CIN,DET,False,L,False
2017,2017_16_IND_BAL,BAL,False,W,True
2017,2017_16_JAX_SF,JAX,True,L,False
2017,2017_16_LAC_NYJ,NYJ,False,L,False
2017,2017_16_LA_TEN,TEN,True,L,False
2017,2017_16_MIA_KC,KC,True,W,True
2017,2017_16_MIN_GB,MIN,False,W,True
2017,2017_16_NYG_ARI,ARI,False,W,True
2017,2017_16_OAK_PHI,LV,False,L,False
2017,2017_16_PIT_HOU,HOU,False,L,False
2017,2017_16_SEA_DAL,SEA,False,W,True
2017,2017_16_TB_CAR,CAR,False,W,True
2017,2017_17_ARI_SEA,SEA,False,L,False
2017,2017_17_BUF_MIA,BUF,False,W,True
2017,2017_17_CAR_ATL,CAR,False,L,False
2017,2017_17_CHI_MIN,MIN,False,W,True
2017,2017_17_CIN_BAL,BAL,True,L,False
2017,2017_17_CLE_PIT,CLE,False,L,False
2017,2017_17_DAL_PHI,DAL,False,W,True
2017,2017_17_GB_DET,GB,False,L,False
2017,2017_17_HOU_IND,HOU,False,L,False
2017,2017_17_JAX_TEN,TEN,True,W,True
2017,2017_17_KC_DEN,DEN,False,L,False
2017,2017_17_NO_TB,NO,False,L,False
2017,2017_17_NYJ_NE,NYJ,False,L,False
2017,2017_17_OAK_LAC,LAC,True,W,True
2017,2017_17_SF_LA,LA,True,L,False
2017,2017_17_WAS_NYG,WAS,True,L,False
2017,2017_18_ATL_LA,ATL,False,W,True
2017,2017_18_BUF_JAX,JAX,True,W,True
2017,2017_18_CAR_NO,CAR,True,L,False
2017,2017_18_TEN_KC,TEN,False,W,True
2017,2017_19_ATL_PHI,ATL,False,L,False
2017,2017_19_JAX_PIT,PIT,False,L,False
2017,2017_19_NO_MIN,MIN,False,W,True
2017,2017_19_TEN_NE,TEN,False,L,False
2017,2017_20_JAX_NE,JAX,False,L,False
2017,2017_20_MIN_PHI,PHI,True,W,True
2017,2017_21_PHI_NE,NE,False,L,False
2018,2018_01_ATL_PHI,PHI,False,W,True
2018,2018_01_BUF_BAL,BUF,False,L,False
2018,2018_01_CHI_GB,CHI,False,L,False
2018,2018_01_CIN_IND,IND,True,L,False
2018,2018_01_DAL_CAR,CAR,True,W,True
2018,2018_01_HOU_NE,HOU,False,L,False
2018,2018_01_JAX_NYG,NYG,True,L,False
2018,2018_01_KC_LAC,KC,False,W,True
2018,2018_01_LA_OAK,LA,False,W,True
2018,2018_01_NYJ_DET,DET,True,L,False
2018,2018_01_PIT_CLE,CLE,False,T,False
2018,2018_01_SEA_DEN,SEA,False,L,False
2018,2018_01_SF_MIN,SF,False,L,False
2018,2018_01_TB_NO,TB,False,W,True
2018,2018_01_TEN_MIA,MIA,False,W,True
2018,2018_01_WAS_ARI,ARI,False,L,False
2018,2018_02_ARI_LA,ARI,False,L,False
2018,2018_02_BAL_CIN,CIN,False,W,True
2018,2018_02_CAR_ATL,ATL,True,W,True
2018,2018_02_CLE_NO,NO,False,W,True
2018,2018_02_DET_SF,SF,False,W,True
2018,2018_02_HOU_TEN,TEN,False,W,True
2018,2018_02_IND_WAS,WAS,False,L,False
2018,2018_02_KC_PIT,KC,False,W,True
2018,2018_02_LAC_BUF,BUF,False,L,False
2018,2018_02_MIA_NYJ,NYJ,False,L,False
2018,2018_02_MIN_GB,MIN,False,T,False
2018,2018_02_NE_JAX,JAX,True,W,True
2018,2018_02_NYG_DAL,NYG,False,L,False
2018,2018_02_OAK_DEN,DEN,False,W,True
2018,2018_02_PHI_TB,PHI,False,L,False
2018,2018_02_SEA_CHI,CHI,False,W,True
2018,2018_03_BUF_MIN,MIN,False,L,False
2018,2018_03_CHI_ARI,CHI,False,W,True
2018,2018_03_CIN_CAR,CIN,False,L,False
2018,2018_03_DAL_SEA,SEA,True,W,True
2018,2018_03_DEN_BAL,DEN,False,L,False
2018,2018_03_GB_WAS,GB,False,L,False
2018,2018_03_IND_PHI,PHI,False,W,True
2018,2018_03_LAC_LA,LAC,False,L,False
2018,2018_03_NE_DET,DET,False,W,True
2018,2018_03_NO_ATL,ATL,False,L,False
2018,2018_03_NYG_HOU,NYG,False,W,True
2018,2018_03_NYJ_CLE,NYJ,False,L,False
2018,2018_03_OAK_MIA,MIA,False,W,True
2018,2018_03_PIT_TB,TB,False,L,False
2018,2018_03_SF_KC,KC,False,W,True
2018,2018_03_TEN_JAX,TEN,False,W,True
2018,2018_04_BAL_PIT,PIT,False,L,False
2018,2018_04_BUF_GB,GB,True,W,True
2018,2018_04_CIN_ATL,CIN,False,W,True
2018,2018_04_CLE_OAK,CLE,False,L,False
2018,2018_04_DET_DAL,DAL,False,W,True
2018,2018_04_HOU_IND,HOU,False,W,True
2018,2018_04_KC_DEN,KC,False,W,True
2018,2018_04_MIA_NE,NE,True,W,True
2018,2018_04_MIN_LA,LA,False,W,True
2018,2018_04_NO_NYG,NYG,False,L,False
2018,2018_04_NYJ_JAX,JAX,False,W,True
2018,2018_04_PHI_TEN,PHI,True,L,False
2018,2018_04_SEA_ARI,ARI,False,L,False
2018,2018_04_SF_LAC,SF,False,L,False
2018,2018_04_TB_CHI,TB,False,L,False
2018,2018_05_ARI_SF,ARI,False,W,True
2018,2018_05_ATL_PIT,ATL,False,L,False
2018,2018_05_BAL_CLE,CLE,False,W,True
2018,2018_05_DAL_HOU,HOU,False,W,True
2018,2018_05_DEN_NYJ,NYJ,False,W,True
2018,2018_05_GB_DET,GB,False,L,False
2018,2018_05_IND_NE,IND,False,L,False
2018,2018_05_JAX_KC,KC,False,W,True
2018,2018_05_LA_SEA,SEA,False,L,False
2018,2018_05_MIA_CIN,CIN,False,W,True
2018,2018_05_MIN_PHI,PHI,False,L,False
2018,2018_05_NYG_CAR,CAR,False,W,True
2018,2018_05_OAK_LAC,LV,False,L,False
2018,2018_05_TEN_BUF,BUF,False,W,True
2018,2018_05_WAS_NO,NO,False,W,True
2018,2018_06_ARI_MIN,MIN,True,W,True
2018,2018_06_BAL_TEN,BAL,False,W,True
2018,2018_06_BUF_HOU,HOU,False,W,True
2018,2018_06_CAR_WAS,WAS,False,W,True
2018,2018_06_CHI_MIA,CHI,False,L,False
2018,2018_06_IND_NYJ,NYJ,True,W,True
2018,2018_06_JAX_DAL,DAL,False,W,True
2018,2018_06_KC_NE,KC,False,L,False
2018,2018_06_LAC_CLE,LAC,False,W,True
2018,2018_06_LA_DEN,LA,False,W,True
2018,2018_06_PHI_NYG,PHI,False,W,True
2018,2018_06_PIT_CIN,CIN,True,L,False
2018,2018_06_SEA_OAK,LV,False,L,False
2018,2018_06_SF_GB,GB,False,W,True
2018,2018_06_TB_ATL,ATL,True,W,True
2018,2018_07_BUF_IND,BUF,False,L,False
2018,2018_07_CAR_PHI,CAR,False,W,True
2018,2018_07_CIN_KC,KC,True,W,True
2018,2018_07_CLE_TB,TB,False,W,True
2018,2018_07_DAL_WAS,WAS,False,W,True
2018,2018_07_DEN_ARI,DEN,True,W,True
2018,2018_07_DET_MIA,DET,False,W,True
2018,2018_07_HOU_JAX,HOU,False,W,True
2018,2018_07_LA_SF,SF,True,L,False
2018,2018_07_MIN_NYJ,NYJ,False,L,False
2018,2018_07_NE_CHI,CHI,False,L,False
2018,2018_07_NO_BAL,BAL,True,L,False
2018,2018_07_NYG_ATL,NYG,False,L,False
2018,2018_07_TEN_LAC,LAC,False,W,True
2018,2018_08_BAL_CAR,CAR,True,W,True
2018,2018_08_CLE_PIT,PIT,True,W,True
2018,2018_08_DEN_KC,KC,False,W,True
2018,2018_08_GB_LA,LA,True,W,True
2018,2018_08_IND_OAK,LV,False,L,False
2018,2018_08_MIA_HOU,HOU,False,W,True
2018,2018_08_NE_BUF,BUF,False,L,False
2018,2018_08_NO_MIN,MIN,False,L,False
2018,2018_08_NYJ_CHI,CHI,False,W,True
2018,2018_08_PHI_JAX,JAX,False,L,False
2018,2018_08_SEA_DET,DET,False,L,False
2018,2018_08_SF_ARI,ARI,False,W,True
2018,2018_08_TB_CIN,TB,True,L,False
2018,2018_08_WAS_NYG,NYG,False,L,False
2018,2018_09_ATL_WAS,ATL,False,W,True
2018,2018_09_CHI_BUF,BUF,False,L,False
2018,2018_09_DET_MIN,DET,False,L,False
2018,2018_09_GB_NE,GB,False,L,False
2018,2018_09_HOU_DEN,DEN,False,L,False
2018,2018_09_KC_CLE,KC,False,W,True
2018,2018_09_LAC_SEA,LAC,False,W,True
2018,2018_09_LA_NO,LA,True,L,False
2018,2018_09_NYJ_MIA,NYJ,True,L,False
2018,2018_09_OAK_SF,SF,True,W,True
2018,2018_09_PIT_BAL,PIT,False,W,True
2018,2018_09_TB_CAR,CAR,False,W,True
2018,2018_09_TEN_DAL,TEN,False,W,True
2018,2018_10_ARI_KC,ARI,False,L,False
2018,2018_10_ATL_CLE,ATL,False,L,False
2018,2018_10_BUF_NYJ,NYJ,True,L,False
2018,2018_10_CAR_PIT,PIT,False,W,True
2018,2018_10_DAL_PHI,DAL,True,W,True
2018,2018_10_DET_CHI,DET,False,L,False
2018,2018_10_JAX_IND,JAX,True,L,False
2018,2018_10_LAC_OAK,LAC,True,W,True
2018,2018_10_MIA_GB,GB,False,W,True
2018,2018_10_NE_TEN,NE,False,L,False
2018,2018_10_NO_CIN,CIN,False,L,False
2018,2018_10_NYG_SF,SF,True,L,False
2018,2018_10_SEA_LA,LA,False,W,True
2018,2018_10_WAS_TB,WAS,True,W,True
2018,2018_11_CAR_DET,DET,False,W,True
2018,2018_11_CIN_BAL,BAL,True,W,True
2018,2018_11_DAL_ATL,DAL,False,W,True
2018,2018_11_DEN_LAC,LAC,False,L,False
2018,2018_11_GB_SEA,GB,False,L,False
2018,2018_11_HOU_WAS,HOU,False,W,True
2018,2018_11_KC_LA,KC,True,L,False
2018,2018_11_MIN_CHI,CHI,False,W,True
2018,2018_11_OAK_ARI,LV,False,W,True
2018,2018_11_PHI_NO,NO,False,W,True
2018,2018_11_PIT_JAX,PIT,False,W,True
2018,2018_11_TB_NYG,TB,False,L,False
2018,2018_11_TEN_IND,IND,False,W,True
2018,2018_12_ARI_LAC,LAC,True,W,True
2018,2018_12_ATL_NO,ATL,False,L,False
2018,2018_12_CHI_DET,CHI,False,W,True
2018,2018_12_CLE_CIN,CIN,False,L,False
2018,2018_12_GB_MIN,GB,False,L,False
2018,2018_12_JAX_BUF,JAX,False,L,False
2018,2018_12_MIA_IND,IND,False,W,True
2018,2018_12_NE_NYJ,NE,False,W,True
2018,2018_12_NYG_PHI,PHI,False,W,True
2018,2018_12_OAK_BAL,BAL,False,W,True
2018,2018_12_PIT_DEN,PIT,True,L,False
2018,2018_12_SEA_CAR,CAR,True,L,False
2018,2018_12_SF_TB,SF,False,L,False
2018,2018_12_TEN_HOU,HOU,True,W,True
2018,2018_12_WAS_DAL,WAS,False,L,False
2018,2018_13_ARI_GB,ARI,False,W,True
2018,2018_13_BAL_ATL,BAL,True,W,True
2018,2018_13_BUF_MIA,BUF,False,L,False
2018,2018_13_CAR_TB,CAR,False,L,False
2018,2018_13_CHI_NYG,NYG,True,W,True
2018,2018_13_CLE_HOU,CLE,False,L,False
2018,2018_13_DEN_CIN,CIN,True,L,False
2018,2018_13_IND_JAX,IND,False,L,False
2018,2018_13_KC_OAK,LV,False,L,False
2018,2018_13_LAC_PIT,PIT,True,L,False
2018,2018_13_LA_DET,DET,False,L,False
2018,2018_13_MIN_NE,NE,False,W,True
2018,2018_13_NO_DAL,NO,False,L,False
2018,2018_13_NYJ_TEN,NYJ,False,L,False
2018,2018_13_SF_SEA,SEA,False,W,True
2018,2018_13_WAS_PHI,WAS,True,L,False
2018,2018_14_ATL_GB,GB,True,W,True
2018,2018_14_BAL_KC,BAL,False,L,False
2018,2018_14_CAR_CLE,CLE,False,W,True
2018,2018_14_CIN_LAC,CIN,True,L,False
2018,2018_14_DEN_SF,DEN,False,L,False
2018,2018_14_DET_ARI,ARI,False,L,False
2018,2018_14_IND_HOU,HOU,False,L,False
2018,2018_14_JAX_TEN,JAX,False,L,False
2018,2018_14_LA_CHI,LA,False,L,False
2018,2018_14_MIN_SEA,SEA,False,W,True
2018,2018_14_NE_MIA,MIA,False,W,True
2018,2018_14_NO_TB,NO,False,W,True
2018,2018_14_NYG_WAS,NYG,True,W,True
2018,2018_14_NYJ_BUF,NYJ,False,W,True
2018,2018_14_PHI_DAL,PHI,False,L,False
2018,2018_14_PIT_OAK,PIT,True,L,False
2018,2018_15_ARI_ATL,ARI,False,L,False
2018,2018_15_CLE_DEN,CLE,False,W,True
2018,2018_15_DAL_IND,IND,True,W,True
2018,2018_15_DET_BUF,DET,False,L,False
2018,2018_15_GB_CHI,GB,False,L,False
2018,2018_15_HOU_NYJ,HOU,False,W,True
2018,2018_15_LAC_KC,KC,False,L,False
2018,2018_15_MIA_MIN,MIA,True,L,False
2018,2018_15_NE_PIT,NE,False,L,False
2018,2018_15_NO_CAR,NO,False,W,True
2018,2018_15_OAK_CIN,CIN,False,W,True
2018,2018_15_PHI_LA,PHI,False,W,True
2018,2018_15_SEA_SF,SEA,False,L,False
2018,2018_15_TB_BAL,BAL,True,W,True
2018,2018_15_TEN_NYG,NYG,False,L,False
2018,2018_15_WAS_JAX,WAS,False,W,True
2018,2018_16_ATL_CAR,ATL,False,W,True
2018,2018_16_BAL_LAC,BAL,False,W,True
2018,2018_16_BUF_NE,NE,False,W,True
2018,2018_16_CHI_SF,SF,True,L,False
2018,2018_16_CIN_CLE,CIN,False,L,False
2018,2018_16_DEN_OAK,LV,True,W,True
2018,2018_16_GB_NYJ,GB,True,W,True
2018,2018_16_HOU_PHI,PHI,False,W,True
2018,2018_16_JAX_MIA,JAX,False,W,True
2018,2018_16_KC_SEA,SEA,False,W,True
2018,2018_16_LA_ARI,ARI,False,L,False
2018,2018_16_MIN_DET,MIN,True,W,True
2018,2018_16_NYG_IND,NYG,False,L,False
2018,2018_16_PIT_NO,NO,True,W,True
2018,2018_16_TB_DAL,DAL,False,W,True
2018,2018_16_WAS_TEN,TEN,True,W,True
2018,2018_17_ARI_SEA,SEA,False,W,True
2018,2018_17_ATL_TB,ATL,True,W,True
2018,2018_17_CAR_NO,NO,False,L,False
2018,2018_17_CHI_MIN,CHI,False,W,True
2018,2018_17_CIN_PIT,CIN,False,L,False
2018,2018_17_CLE_BAL,BAL,False,W,True
2018,2018_17_DAL_NYG,DAL,False,W,True
2018,2018_17_DET_GB,GB,False,L,False
2018,2018_17_IND_TEN,IND,False,W,True
2018,2018_17_JAX_HOU,JAX,False,L,False
2018,2018_17_LAC_DEN,DEN,True,L,False
2018,2018_17_MIA_BUF,MIA,False,L,False
2018,2018_17_NYJ_NE,NYJ,False,L,False
2018,2018_17_OAK_KC,LV,False,L,False
2018,2018_17_PHI_WAS,PHI,False,W,True
2018,2018_17_SF_LA,LA,True,W,True
2018,2018_18_IND_HOU,HOU,False,L,False
2018,2018_18_LAC_BAL,LAC,True,W,True
2018,2018_18_PHI_CHI,CHI,True,L,False
2018,2018_18_SEA_DAL,SEA,False,L,False
2018,2018_19_DAL_LA,DAL,False,L,False
2018,2018_19_IND_KC,KC,False,W,True
2018,2018_19_LAC_NE,LAC,False,L,False
2018,2018_19_PHI_NO,PHI,False,L,False
2018,2018_20_LA_NO,LA,True,W,True
2018,2018_20_NE_KC,KC,False,L,False
2018,2018_21_NE_LA,LA,False,L,False
2019,2019_01_ATL_MIN,MIN,False,W,True
2019,2019_01_BAL_MIA,MIA,True,L,False
2019,2019_01_BUF_NYJ,NYJ,False,L,False
2019,2019_01_CIN_SEA,SEA,False,W,True
2019,2019_01_DEN_OAK,DEN,False,L,False
2019,2019_01_DET_ARI,ARI,False,T,False
2019,2019_01_GB_CHI,CHI,False,L,False
2019,2019_01_HOU_NO,NO,False,W,True
2019,2019_01_IND_LAC,IND,False,L,False
2019,2019_01_KC_JAX,JAX,False,L,False
2019,2019_01_LA_CAR,LA,False,W,True
2019,2019_01_NYG_DAL,NYG,False,L,False
2019,2019_01_PIT_NE,PIT,False,L,False
2019,2019_01_SF_TB,SF,False,W,True
2019,2019_01_TEN_CLE,TEN,False,W,True
2019,2019_01_WAS_PHI,PHI,False,W,True
2019,2019_02_ARI_BAL,BAL,False,W,True
2019,2019_02_BUF_NYG,BUF,False,W,True
2019,2019_02_CHI_DEN,CHI,False,W,True
2019,2019_02_CLE_NYJ,NYJ,False,L,False
2019,2019_02_DAL_WAS,DAL,True,W,True
2019,2019_02_IND_TEN,IND,False,W,True
2019,2019_02_JAX_HOU,HOU,True,W,True
2019,2019_02_KC_OAK,KC,False,W,True
2019,2019_02_LAC_DET,DET,False,W,True
2019,2019_02_MIN_GB,MIN,False,L,False
2019,2019_02_NE_MIA,NE,False,W,True
2019,2019_02_NO_LA,LA,True,W,True
2019,2019_02_PHI_ATL,PHI,True,L,False
2019,2019_02_SEA_PIT,SEA,False,W,True
2019,2019_02_SF_CIN,SF,True,W,True
2019,2019_02_TB_CAR,CAR,True,L,False
2019,2019_03_ATL_IND,ATL,False,L,False
2019,2019_03_BAL_KC,BAL,False,L,False
2019,2019_03_CAR_ARI,ARI,False,L,False
2019,2019_03_CHI_WAS,WAS,True,L,False
2019,2019_03_CIN_BUF,CIN,False,L,False
2019,2019_03_DEN_GB,DEN,False,L,False
2019,2019_03_DET_PHI,DET,False,W,True
2019,2019_03_HOU_LAC,HOU,False,W,True
2019,2019_03_LA_CLE,LA,False,W,True
2019,2019_03_MIA_DAL,DAL,False,W,True
2019,2019_03_NO_SEA,NO,False,W,True
2019,2019_03_NYG_TB,NYG,False,W,True
2019,2019_03_NYJ_NE,NE,False,W,True
2019,2019_03_OAK_MIN,LV,False,L,False
2019,2019_03_PIT_SF,PIT,False,L,False
2019,2019_03_TEN_JAX,TEN,False,L,False
2019,2019_04_CAR_HOU,HOU,False,L,False
2019,2019_04_CIN_PIT,PIT,False,W,True
2019,2019_04_CLE_BAL,BAL,False,L,False
2019,2019_04_DAL_NO,NO,True,W,True
2019,2019_04_JAX_DEN,JAX,True,W,True
2019,2019_04_KC_DET,KC,True,W,True
2019,2019_04_LAC_MIA,MIA,False,L,False
2019,2019_04_MIN_CHI,MIN,False,L,False
2019,2019_04_NE_BUF,BUF,False,L,False
2019,2019_04_OAK_IND,IND,False,L,False
2019,2019_04_PHI_GB,GB,True,L,False
2019,2019_04_SEA_ARI,SEA,True,W,True
2019,2019_04_TB_LA,LA,True,L,False
2019,2019_04_TEN_ATL,ATL,False,L,False
2019,2019_04_WAS_NYG,NYG,True,W,True
2019,2019_05_ARI_CIN,CIN,False,L,False
2019,2019_05_ATL_HOU,HOU,False,W,True
2019,2019_05_BAL_PIT,BAL,False,W,True
2019,2019_05_BUF_TEN,BUF,False,W,True
2019,2019_05_CHI_OAK,CHI,False,L,False
2019,2019_05_CLE_SF,SF,False,W,True
2019,2019_05_DEN_LAC,LAC,False,L,False
2019,2019_05_GB_DAL,DAL,False,L,False
2019,2019_05_IND_KC,IND,True,W,True
2019,2019_05_JAX_CAR,JAX,False,L,False
2019,2019_05_LA_SEA,LA,True,L,False
2019,2019_05_MIN_NYG,NYG,False,L,False
2019,2019_05_NE_WAS,NE,False,W,True
2019,2019_05_NYJ_PHI,PHI,False,W,True
2019,2019_05_TB_NO,NO,False,W,True
2019,2019_06_ATL_ARI,ARI,True,W,True
2019,2019_06_CAR_TB,CAR,False,W,True
2019,2019_06_CIN_BAL,BAL,False,W,True
2019,2019_06_DAL_NYJ,DAL,True,L,False
2019,2019_06_DET_GB,GB,True,W,True
2019,2019_06_HOU_KC,HOU,True,W,True
2019,2019_06_NO_JAX,JAX,False,L,False
2019,2019_06_NYG_NE,NYG,False,L,False
2019,2019_06_PHI_MIN,PHI,False,L,False
2019,2019_06_PIT_LAC,PIT,False,W,True
2019,2019_06_SEA_CLE,SEA,True,W,True
2019,2019_06_SF_LA,LA,False,L,False
2019,2019_06_TEN_DEN,DEN,False,W,True
2019,2019_06_WAS_MIA,MIA,False,L,False
2019,2019_07_ARI_NYG,NYG,False,L,False
2019,2019_07_BAL_SEA,SEA,True,L,False
2019,2019_07_HOU_IND,IND,False,W,True
2019,2019_07_JAX_CIN,CIN,False,L,False
2019,2019_07_KC_DEN,KC,False,W,True
2019,2019_07_LAC_TEN,TEN,True,W,True
2019,2019_07_LA_ATL,LA,False,W,True
2019,2019_07_MIA_BUF,MIA,False,L,False
2019,2019_07_MIN_DET,MIN,False,W,True
2019,2019_07_NE_NYJ,NYJ,False,L,False
2019,2019_07_NO_CHI,NO,False,W,True
2019,2019_07_OAK_GB,GB,True,W,True
2019,2019_07_PHI_DAL,DAL,True,W,True
2019,2019_07_SF_WAS,SF,False,W,True
2019,2019_08_ARI_NO,ARI,False,L,False
2019,2019_08_CAR_SF,CAR,False,L,False
2019,2019_08_CIN_LA,LA,False,W,True
2019,2019_08_CLE_NE,CLE,False,L,False
2019,2019_08_DEN_IND,DEN,False,L,False
2019,2019_08_GB_KC,KC,False,L,False
2019,2019_08_LAC_CHI,CHI,True,L,False
2019,2019_08_MIA_PIT,PIT,True,W,True
2019,2019_08_NYG_DET,DET,True,W,True
2019,2019_08_NYJ_JAX,NYJ,False,L,False
2019,2019_08_OAK_HOU,HOU,False,W,True
2019,2019_08_PHI_BUF,PHI,True,W,True
2019,2019_08_SEA_ATL,ATL,False,L,False
2019,2019_08_TB_TEN,TEN,False,W,True
2019,2019_08_WAS_MIN,WAS,False,L,False
2019,2019_09_CHI_PHI,PHI,False,W,True
2019,2019_09_CLE_DEN,CLE,True,L,False
2019,2019_09_DAL_NYG,NYG,False,L,False
2019,2019_09_DET_OAK,LV,False,W,True
2019,2019_09_GB_LAC,GB,False,L,False
2019,2019_09_HOU_JAX,JAX,False,L,False
2019,2019_09_IND_PIT,IND,False,L,False
2019,2019_09_MIN_KC,KC,False,W,True
2019,2019_09_NE_BAL,NE,True,L,False
2019,2019_09_NYJ_MIA,MIA,False,W,True
2019,2019_09_SF_ARI,SF,True,W,True
2019,2019_09_TB_SEA,SEA,False,W,True
2019,2019_09_TEN_CAR,TEN,False,L,False
2019,2019_09_WAS_BUF,BUF,False,W,True
2019,2019_10_ARI_TB,ARI,False,L,False
2019,2019_10_ATL_NO,NO,True,L,False
2019,2019_10_BAL_CIN,CIN,True,L,False
2019,2019_10_BUF_CLE,BUF,False,L,False
2019,2019_10_CAR_GB,GB,False,W,True
2019,2019_10_DET_CHI,CHI,False,W,True
2019,2019_10_KC_TEN,TEN,False,W,True
2019,2019_10_LAC_OAK,LV,True,W,True
2019,2019_10_LA_PIT,LA,False,L,False
2019,2019_10_MIA_IND,IND,False,L,False
2019,2019_10_MIN_DAL,MIN,True,W,True
2019,2019_10_NYG_NYJ,NYG,False,L,False
2019,2019_10_SEA_SF,SEA,False,W,True
2019,2019_11_ARI_SF,SF,True,W,True
2019,2019_11_ATL_CAR,CAR,False,L,False
2019,2019_11_BUF_MIA,MIA,False,L,False
2019,2019_11_CHI_LA,LA,False,W,True
2019,2019_11_CIN_OAK,CIN,False,L,False
2019,2019_11_DAL_DET,DET,False,L,False
2019,2019_11_DEN_MIN,MIN,False,W,True
2019,2019_11_HOU_BAL,BAL,False,W,True
2019,2019_11_JAX_IND,IND,False,W,True
2019,2019_11_KC_LAC,KC,False,W,True
2019,2019_11_NE_PHI,NE,False,W,True
2019,2019_11_NO_TB,TB,False,L,False
2019,2019_11_NYJ_WAS,WAS,False,L,False
2019,2019_11_PIT_CLE,CLE,False,W,True
2019,2019_12_BAL_LA,BAL,True,W,True
2019,2019_12_CAR_NO,CAR,True,L,False
2019,2019_12_DAL_NE,NE,False,W,True
2019,2019_12_DEN_BUF,BUF,False,W,True
2019,2019_12_DET_WAS,DET,True,L,False
2019,2019_12_GB_SF,SF,True,W,True
2019,2019_12_IND_HOU,HOU,False,W,True
2019,2019_12_JAX_TEN,TEN,False,W,True
2019,2019_12_MIA_CLE,MIA,True,L,False
2019,2019_12_NYG_CHI,CHI,True,W,True
2019,2019_12_OAK_NYJ,NYJ,False,W,True
2019,2019_12_PIT_CIN,PIT,False,W,True
2019,2019_12_SEA_PHI,SEA,False,W,True
2019,2019_12_TB_ATL,TB,False,W,True
2019,2019_13_BUF_DAL,BUF,False,W,True
2019,2019_13_CHI_DET,DET,False,L,False
2019,2019_13_CLE_PIT,PIT,False,W,True
2019,2019_13_GB_NYG,GB,False,W,True
2019,2019_13_LAC_DEN,LAC,False,L,False
2019,2019_13_LA_ARI,ARI,False,L,False
2019,2019_13_MIN_SEA,MIN,True,L,False
2019,2019_13_NE_HOU,NE,False,L,False
2019,2019_13_NO_ATL,NO,False,W,True
2019,2019_13_NYJ_CIN,CIN,False,W,True
2019,2019_13_OAK_KC,KC,False,W,True
2019,2019_13_PHI_MIA,PHI,True,L,False
2019,2019_13_SF_BAL,BAL,False,W,True
2019,2019_13_TB_JAX,JAX,False,L,False
2019,2019_13_TEN_IND,IND,False,L,False
2019,2019_13_WAS_CAR,WAS,False,W,True
2019,2019_14_BAL_BUF,BAL,False,W,True
2019,2019_14_CAR_ATL,CAR,False,L,False
2019,2019_14_CIN_CLE,CLE,False,W,True
2019,2019_14_DAL_CHI,CHI,True,W,True
2019,2019_14_DEN_HOU,DEN,False,W,True
2019,2019_14_DET_MIN,MIN,True,W,True
2019,2019_14_IND_TB,IND,True,L,False
2019,2019_14_KC_NE,KC,False,W,True
2019,2019_14_LAC_JAX,LAC,True,W,True
2019,2019_14_MIA_NYJ,MIA,True,L,False
2019,2019_14_NYG_PHI,NYG,False,L,False
2019,2019_14_PIT_ARI,PIT,True,W,True
2019,2019_14_SEA_LA,LA,False,W,True
2019,2019_14_SF_NO,SF,False,W,True
2019,2019_14_TEN_OAK,LV,True,L,False
2019,2019_14_WAS_GB,GB,False,W,True
2019,2019_15_ATL_SF,SF,True,L,False
2019,2019_15_BUF_PIT,PIT,False,L,False
2019,2019_15_CHI_GB,GB,False,W,True
2019,2019_15_CLE_ARI,CLE,False,L,False
2019,2019_15_DEN_KC,KC,True,W,True
2019,2019_15_HOU_TEN,TEN,False,L,False
2019,2019_15_IND_NO,NO,True,W,True
2019,2019_15_JAX_OAK,JAX,False,W,True
2019,2019_15_LA_DAL,DAL,True,W,True
2019,2019_15_MIA_NYG,NYG,False,W,True
2019,2019_15_MIN_LAC,LAC,False,L,False
2019,2019_15_NE_CIN,CIN,False,L,False
2019,2019_15_NYJ_BAL,BAL,False,W,True
2019,2019_15_PHI_WAS,PHI,False,W,True
2019,2019_15_SEA_CAR,CAR,False,L,False
2019,2019_15_TB_DET,DET,False,L,False
2019,2019_16_ARI_SEA,SEA,False,L,False
2019,2019_16_BAL_CLE,BAL,True,W,True
2019,2019_16_BUF_NE,BUF,True,L,False
2019,2019_16_CAR_IND,IND,False,W,True
2019,2019_16_CIN_MIA,CIN,True,L,False
2019,2019_16_DAL_PHI,DAL,True,L,False
2019,2019_16_DET_DEN,DEN,True,W,True
2019,2019_16_GB_MIN,MIN,False,L,False
2019,2019_16_HOU_TB,HOU,False,W,True
2019,2019_16_JAX_ATL,JAX,False,L,False
2019,2019_16_KC_CHI,KC,False,W,True
2019,2019_16_LA_SF,SF,False,W,True
2019,2019_16_NO_TEN,NO,False,W,True
2019,2019_16_NYG_WAS,WAS,False,L,False
2019,2019_16_OAK_LAC,LV,True,W,True
2019,2019_16_PIT_NYJ,PIT,True,L,False
2019,2019_17_ARI_LA,ARI,True,L,False
2019,2019_17_ATL_TB,TB,True,L,False
2019,2019_17_CHI_MIN,CHI,False,W,True
2019,2019_17_CLE_CIN,CIN,False,W,True
2019,2019_17_GB_DET,GB,True,W,True
2019,2019_17_IND_JAX,JAX,True,W,True
2019,2019_17_LAC_KC,KC,False,W,True
2019,2019_17_MIA_NE,NE,False,L,False
2019,2019_17_NO_CAR,CAR,False,L,False
2019,2019_17_NYJ_BUF,BUF,False,L,False
2019,2019_17_OAK_DEN,LV,False,L,False
2019,2019_17_PHI_NYG,NYG,False,L,False
2019,2019_17_PIT_BAL,PIT,False,L,False
2019,2019_17_SF_SEA,SF,False,W,True
2019,2019_17_TEN_HOU,TEN,False,W,True
2019,2019_17_WAS_DAL,WAS,False,L,False
2019,2019_18_BUF_HOU,HOU,False,W,True
2019,2019_18_MIN_NO,NO,False,L,False
2019,2019_18_SEA_PHI,PHI,False,L,False
2019,2019_18_TEN_NE,TEN,False,W,True
2019,2019_19_HOU_KC,KC,False,W,True
2019,2019_19_MIN_SF,SF,False,W,True
2019,2019_19_SEA_GB,SEA,False,L,False
2019,2019_19_TEN_BAL,BAL,True,L,False
2019,2019_20_GB_SF,GB,False,L,False
2019,2019_20_TEN_KC,KC,True,W,True
2019,2019_21_SF_KC,SF,False,L,False
2020,2020_01_ARI_SF,ARI,True,W,True
2020,2020_01_CHI_DET,DET,True,L,False
2020,2020_01_CLE_BAL,BAL,True,W,True
2020,2020_01_DAL_LA,DAL,True,L,False
2020,2020_01_GB_MIN,MIN,True,L,False
2020,2020_01_HOU_KC,KC,True,W,True
2020,2020_01_IND_JAX,JAX,False,W,True
2020,2020_01_LAC_CIN,LAC,True,W,True
2020,2020_01_LV_CAR,CAR,True,L,False
2020,2020_01_MIA_NE,NE,False,W,True
2020,2020_01_NYJ_BUF,BUF,False,W,True
2020,2020_01_PHI_WAS,PHI,False,L,False
2020,2020_01_PIT_NYG,PIT,True,W,True
2020,2020_01_SEA_ATL,SEA,False,W,True
2020,2020_01_TB_NO,TB,False,L,False
2020,2020_01_TEN_DEN,DEN,False,L,False
2020,2020_02_ATL_DAL,DAL,False,W,True
2020,2020_02_BAL_HOU,BAL,False,W,True
2020,2020_02_BUF_MIA,MIA,True,L,False
2020,2020_02_CAR_TB,CAR,False,L,False
2020,2020_02_CIN_CLE,CLE,False,W,True
2020,2020_02_DEN_PIT,PIT,False,W,True
2020,2020_02_DET_GB,GB,True,W,True
2020,2020_02_JAX_TEN,JAX,True,L,False
2020,2020_02_KC_LAC,KC,False,W,True
2020,2020_02_LA_PHI,LA,False,W,True
2020,2020_02_MIN_IND,IND,True,W,True
2020,2020_02_NE_SEA,NE,False,L,False
2020,2020_02_NO_LV,LV,True,W,True
2020,2020_02_NYG_CHI,NYG,False,L,False
2020,2020_02_SF_NYJ,NYJ,False,L,False
2020,2020_02_WAS_ARI,ARI,False,W,True
2020,2020_03_CAR_LAC,LAC,False,L,False
2020,2020_03_CHI_ATL,ATL,False,L,False
2020,2020_03_CIN_PHI,PHI,True,T,False
2020,2020_03_DAL_SEA,DAL,False,L,False
2020,2020_03_DET_ARI,ARI,False,L,False
2020,2020_03_GB_NO,GB,False,W,True
2020,2020_03_HOU_PIT,PIT,False,W,True
2020,2020_03_KC_BAL,KC,False,W,True
2020,2020_03_LA_BUF,LA,False,L,False
2020,2020_03_LV_NE,LV,True,L,False
2020,2020_03_MIA_JAX,JAX,False,L,False
2020,2020_03_NYJ_IND,IND,False,W,True
2020,2020_03_SF_NYG,NYG,False,L,False
2020,2020_03_TB_DEN,TB,False,W,True
2020,2020_03_TEN_MIN,MIN,False,L,False
2020,2020_03_WAS_CLE,WAS,False,L,False
2020,2020_04_ARI_CAR,CAR,False,W,True
2020,2020_04_ATL_GB,GB,False,W,True
2020,2020_04_BAL_WAS,BAL,False,W,True
2020,2020_04_BUF_LV,LV,True,L,False
2020,2020_04_CLE_DAL,CLE,True,W,True
2020,2020_04_DEN_NYJ,DEN,False,W,True
2020,2020_04_IND_CHI,IND,True,W,True
2020,2020_04_JAX_CIN,CIN,False,W,True
2020,2020_04_LAC_TB,LAC,False,L,False
2020,2020_04_MIN_HOU,MIN,False,W,True
2020,2020_04_NE_KC,NE,False,L,False
2020,2020_04_NO_DET,NO,False,W,True
2020,2020_04_NYG_LA,LA,False,W,True
2020,2020_04_PHI_SF,SF,False,L,False
2020,2020_04_SEA_MIA,SEA,True,W,True
2020,2020_05_ARI_NYJ,ARI,True,W,True
2020,2020_05_BUF_TEN,TEN,True,W,True
2020,2020_05_CAR_ATL,ATL,False,L,False
2020,2020_05_CIN_BAL,BAL,False,W,True
2020,2020_05_IND_CLE,IND,False,L,False
2020,2020_05_JAX_HOU,HOU,False,W,True
2020,2020_05_LAC_NO,NO,True,W,True
2020,2020_05_LA_WAS,LA,False,W,True
2020,2020_05_LV_KC,LV,False,W,True
2020,2020_05_MIA_SF,MIA,True,W,True
2020,2020_05_MIN_SEA,SEA,False,W,True
2020,2020_05_NYG_DAL,NYG,False,L,False
2020,2020_05_PHI_PIT,PIT,False,W,True
2020,2020_05_TB_CHI,CHI,False,W,True
2020,2020_06_ARI_DAL,DAL,True,L,False
2020,2020_06_ATL_MIN,ATL,True,W,True
2020,2020_06_BAL_PHI,BAL,False,W,True
2020,2020_06_CHI_CAR,CHI,True,W,True
2020,2020_06_CIN_IND,CIN,False,L,False
2020,2020_06_CLE_PIT,CLE,False,L,False
2020,2020_06_DEN_NE,NE,False,L,False
2020,2020_06_DET_JAX,DET,False,W,True
2020,2020_06_GB_TB,TB,False,W,True
2020,2020_06_HOU_TEN,HOU,True,L,False
2020,2020_06_KC_BUF,KC,False,W,True
2020,2020_06_LA_SF,LA,False,L,False
2020,2020_06_NYJ_MIA,MIA,False,W,True
2020,2020_06_WAS_NYG,NYG,False,W,True
2020,2020_07_BUF_NYJ,BUF,True,W,True
2020,2020_07_CAR_NO,CAR,False,L,False
2020,2020_07_CHI_LA,LA,False,W,True
2020,2020_07_CLE_CIN,CLE,False,W,True
2020,2020_07_DAL_WAS,DAL,False,L,False
2020,2020_07_DET_ATL,DET,True,W,True
2020,2020_07_GB_HOU,HOU,False,L,False
2020,2020_07_JAX_LAC,LAC,False,W,True
2020,2020_07_KC_DEN,KC,False,W,True
2020,2020_07_NYG_PHI,NYG,False,L,False
2020,2020_07_PIT_TEN,TEN,False,L,False
2020,2020_07_SEA_ARI,ARI,True,W,True
2020,2020_07_SF_NE,NE,False,L,False
2020,2020_07_TB_LV,LV,False,L,False
2020,2020_08_ATL_CAR,CAR,False,L,False
2020,2020_08_DAL_PHI,PHI,False,W,True
2020,2020_08_IND_DET,DET,False,L,False
2020,2020_08_LAC_DEN,LAC,True,L,False
2020,2020_08_LA_MIA,MIA,False,W,True
2020,2020_08_LV_CLE,CLE,False,L,False
2020,2020_08_MIN_GB,MIN,False,W,True
2020,2020_08_NE_BUF,BUF,False,W,True
2020,2020_08_NO_CHI,CHI,False,L,False
2020,2020_08_NYJ_KC,NYJ,False,L,False
2020,2020_08_PIT_BAL,PIT,False,W,True
2020,2020_08_SF_SEA,SF,False,L,False
2020,2020_08_TB_NYG,NYG,False,L,False
2020,2020_08_TEN_CIN,TEN,False,L,False
2020,2020_09_BAL_IND,BAL,False,W,True
2020,2020_09_CAR_KC,KC,False,W,True
2020,2020_09_CHI_TEN,CHI,False,L,False
2020,2020_09_DEN_ATL,DEN,False,L,False
2020,2020_09_DET_MIN,MIN,True,W,True
2020,2020_09_GB_SF,SF,False,L,False
2020,2020_09_HOU_JAX,HOU,False,W,True
2020,2020_09_LV_LAC,LV,False,W,True
2020,2020_09_MIA_ARI,ARI,False,L,False
2020,2020_09_NE_NYJ,NE,False,W,True
2020,2020_09_NO_TB,NO,False,W,True
2020,2020_09_NYG_WAS,WAS,False,L,False
2020,2020_09_PIT_DAL,DAL,False,L,False
2020,2020_09_SEA_BUF,SEA,False,L,False
2020,2020_10_BAL_NE,NE,False,W,True
2020,2020_10_BUF_ARI,BUF,True,L,False
2020,2020_10_CIN_PIT,CIN,False,L,False
2020,2020_10_DEN_LV,LV,False,W,True
2020,2020_10_HOU_CLE,HOU,False,L,False
2020,2020_10_IND_TEN,IND,True,W,True
2020,2020_10_JAX_GB,JAX,False,L,False
2020,2020_10_LAC_MIA,MIA,True,W,True
2020,2020_10_MIN_CHI,CHI,False,L,False
2020,2020_10_PHI_NYG,PHI,False,L,False
2020,2020_10_SEA_LA,SEA,True,L,False
2020,2020_10_SF_NO,NO,False,W,True
2020,2020_10_TB_CAR,TB,False,W,True
2020,2020_10_WAS_DET,DET,True,W,True
2020,2020_11_ARI_SEA,ARI,False,L,False
2020,2020_11_ATL_NO,NO,False,W,True
2020,2020_11_CIN_WAS,CIN,False,L,False
2020,2020_11_DAL_MIN,MIN,False,L,False
2020,2020_11_DET_CAR,DET,False,L,False
2020,2020_11_GB_IND,IND,False,W,True
2020,2020_11_KC_LV,KC,False,W,True
2020,2020_11_LA_TB,LA,True,W,True
2020,2020_11_MIA_DEN,DEN,True,W,True
2020,2020_11_NE_HOU,NE,False,L,False
2020,2020_11_NYJ_LAC,NYJ,False,L,False
2020,2020_11_PHI_CLE,PHI,False,L,False
2020,2020_11_PIT_JAX,PIT,False,W,True
2020,2020_11_TEN_BAL,TEN,False,W,True
2020,2020_12_ARI_NE,ARI,False,L,False
2020,2020_12_BAL_PIT,PIT,False,W,True
2020,2020_12_CAR_MIN,MIN,True,W,True
2020,2020_12_CHI_GB,CHI,True,L,False
2020,2020_12_CLE_JAX,CLE,False,W,True
2020,2020_12_HOU_DET,DET,False,L,False
2020,2020_12_KC_TB,TB,False,L,False
2020,2020_12_LAC_BUF,BUF,False,W,True
2020,2020_12_LV_ATL,LV,False,L,False
2020,2020_12_MIA_NYJ,MIA,False,W,True
2020,2020_12_NO_DEN,NO,True,W,True
2020,2020_12_NYG_CIN,CIN,False,L,False
2020,2020_12_SEA_PHI,SEA,False,W,True
2020,2020_12_SF_LA,LA,False,L,False
2020,2020_12_TEN_IND,IND,False,L,False
2020,2020_12_WAS_DAL,DAL,True,L,False
2020,2020_13_BUF_SF,SF,False,L,False
2020,2020_13_CIN_MIA,MIA,True,W,True
2020,2020_13_CLE_TEN,TEN,False,L,False
2020,2020_13_DAL_BAL,BAL,False,W,True
2020,2020_13_DEN_KC,KC,True,W,True
2020,2020_13_DET_CHI,DET,False,W,True
2020,2020_13_IND_HOU,IND,False,W,True
2020,2020_13_JAX_MIN,MIN,False,W,True
2020,2020_13_LA_ARI,LA,False,W,True
2020,2020_13_LV_NYJ,LV,False,W,True
2020,2020_13_NE_LAC,LAC,False,L,False
2020,2020_13_NO_ATL,NO,False,W,True
2020,2020_13_NYG_SEA,NYG,False,W,True
2020,2020_13_PHI_GB,GB,False,W,True
2020,2020_13_WAS_PIT,WAS,True,W,True
2020,2020_14_ARI_NYG,ARI,False,W,True
2020,2020_14_ATL_LAC,LAC,False,W,True
2020,2020_14_BAL_CLE,BAL,False,W,True
2020,2020_14_DAL_CIN,DAL,False,W,True
2020,2020_14_DEN_CAR,CAR,False,L,False
2020,2020_14_GB_DET,GB,False,W,True
2020,2020_14_HOU_CHI,CHI,True,W,True
2020,2020_14_IND_LV,LV,False,L,False
2020,2020_14_KC_MIA,KC,False,W,True
2020,2020_14_MIN_TB,TB,True,W,True
2020,2020_14_NE_LA,NE,False,L,False
2020,2020_14_NO_PHI,PHI,False,W,True
2020,2020_14_NYJ_SEA,SEA,False,W,True
2020,2020_14_PIT_BUF,BUF,False,W,True
2020,2020_14_TEN_JAX,TEN,True,W,True
2020,2020_14_WAS_SF,WAS,False,W,True
2020,2020_15_BUF_DEN,BUF,False,W,True
2020,2020_15_CAR_GB,GB,False,W,True
2020,2020_15_CHI_MIN,MIN,True,L,False
2020,2020_15_CLE_NYG,CLE,True,W,True
2020,2020_15_DET_TEN,DET,False,L,False
2020,2020_15_HOU_IND,IND,False,W,True
2020,2020_15_JAX_BAL,JAX,False,L,False
2020,2020_15_KC_NO,NO,True,L,False
2020,2020_15_LAC_LV,LAC,True,W,True
2020,2020_15_NE_MIA,MIA,False,W,True
2020,2020_15_NYJ_LA,NYJ,False,W,True
2020,2020_15_PHI_ARI,PHI,False,L,False
2020,2020_15_PIT_CIN,CIN,False,W,True
2020,2020_15_SEA_WAS,SEA,False,W,True
2020,2020_15_SF_DAL,DAL,False,W,True
2020,2020_15_TB_ATL,TB,False,W,True
2020,2020_16_ATL_KC,KC,False,W,True
2020,2020_16_BUF_NE,BUF,False,W,True
2020,2020_16_CAR_WAS,CAR,False,W,True
2020,2020_16_CHI_JAX,CHI,True,W,True
2020,2020_16_CIN_HOU,CIN,False,W,True
2020,2020_16_CLE_NYJ,NYJ,False,W,True
2020,2020_16_DEN_LAC,DEN,False,L,False
2020,2020_16_IND_PIT,IND,False,L,False
2020,2020_16_LA_SEA,SEA,False,W,True
2020,2020_16_MIA_LV,MIA,False,W,True
2020,2020_16_MIN_NO,MIN,False,L,False
2020,2020_16_NYG_BAL,NYG,False,L,False
2020,2020_16_PHI_DAL,DAL,True,W,True
2020,2020_16_SF_ARI,SF,False,W,True
2020,2020_16_TB_DET,DET,False,L,False
2020,2020_16_TEN_GB,TEN,False,L,False
2020,2020_17_ARI_LA,LA,False,W,True
2020,2020_17_ATL_TB,ATL,False,L,False
2020,2020_17_BAL_CIN,CIN,False,L,False
2020,2020_17_DAL_NYG,DAL,True,L,False
2020,2020_17_GB_CHI,GB,False,W,True
2020,2020_17_JAX_IND,IND,False,W,True
2020,2020_17_LAC_KC,LAC,True,W,True
2020,2020_17_LV_DEN,DEN,False,L,False
2020,2020_17_MIA_BUF,MIA,False,L,False
2020,2020_17_MIN_DET,DET,False,L,False
2020,2020_17_NO_CAR,NO,True,W,True
2020,2020_17_NYJ_NE,NYJ,False,L,False
2020,2020_17_PIT_CLE,CLE,False,W,True
2020,2020_17_SEA_SF,SF,True,L,False
2020,2020_17_TEN_HOU,TEN,False,W,True
2020,2020_17_WAS_PHI,WAS,True,W,True
2020,2020_18_BAL_TEN,BAL,False,W,True
2020,2020_18_CHI_NO,CHI,False,L,False
2020,2020_18_CLE_PIT,CLE,False,W,True
2020,2020_18_IND_BUF,BUF,True,W,True
2020,2020_18_LA_SEA,SEA,False,L,False
2020,2020_18_TB_WAS,WAS,False,L,False
2020,2020_19_BAL_BUF,BUF,False,W,True
2020,2020_19_CLE_KC,CLE,False,L,False
2020,2020_19_LA_GB,GB,True,W,True
2020,2020_19_TB_NO,NO,False,L,False
2020,2020_20_BUF_KC,KC,False,W,True
2020,2020_20_TB_GB,GB,False,L,False
2020,2020_21_KC_TB,KC,False,L,False
2021,2021_01_ARI_TEN,ARI,False,W,True
2021,2021_01_BAL_LV,BAL,False,L,False
2021,2021_01_CHI_LA,LA,False,W,True
2021,2021_01_CLE_KC,KC,False,W,True
2021,2021_01_DAL_TB,DAL,False,L,False
2021,2021_01_DEN_NYG,DEN,True,W,True
2021,2021_01_GB_NO,GB,True,L,False
2021,2021_01_JAX_HOU,JAX,False,L,False
2021,2021_01_LAC_WAS,WAS,True,L,False
2021,2021_01_MIA_NE,MIA,True,W,True
2021,2021_01_MIN_CIN,CIN,False,W,True
2021,2021_01_NYJ_CAR,CAR,False,W,True
2021,2021_01_PHI_ATL,PHI,True,W,True
2021,2021_01_PIT_BUF,PIT,False,W,True
2021,2021_01_SEA_IND,SEA,False,W,True
2021,2021_01_SF_DET,SF,True,W,True
2021,2021_02_ATL_TB,ATL,True,L,False
2021,2021_02_BUF_MIA,BUF,False,W,True
2021,2021_02_CIN_CHI,CIN,False,L,False
2021,2021_02_DAL_LAC,LAC,False,L,False
2021,2021_02_DEN_JAX,DEN,False,W,True
2021,2021_02_DET_GB,GB,False,W,True
2021,2021_02_HOU_CLE,HOU,False,L,False
2021,2021_02_KC_BAL,KC,False,L,False
2021,2021_02_LA_IND,LA,False,W,True
2021,2021_02_LV_PIT,LV,True,W,True
2021,2021_02_MIN_ARI,ARI,True,W,True
2021,2021_02_NE_NYJ,NYJ,False,L,False
2021,2021_02_NO_CAR,NO,False,L,False
2021,2021_02_NYG_WAS,NYG,False,L,False
2021,2021_02_SF_PHI,PHI,False,L,False
2021,2021_02_TEN_SEA,TEN,False,W,True
2021,2021_03_ARI_JAX,ARI,False,W,True
2021,2021_03_ATL_NYG,NYG,False,L,False
2021,2021_03_BAL_DET,BAL,False,W,True
2021,2021_03_CAR_HOU,HOU,True,L,False
2021,2021_03_CHI_CLE,CHI,False,L,False
2021,2021_03_CIN_PIT,CIN,False,W,True
2021,2021_03_GB_SF,SF,True,L,False
2021,2021_03_IND_TEN,IND,True,L,False
2021,2021_03_LAC_KC,KC,True,L,False
2021,2021_03_MIA_LV,MIA,False,L,False
2021,2021_03_NO_NE,NE,False,L,False
2021,2021_03_NYJ_DEN,NYJ,False,L,False
2021,2021_03_PHI_DAL,PHI,False,L,False
2021,2021_03_SEA_MIN,MIN,True,W,True
2021,2021_03_TB_LA,LA,False,W,True
2021,2021_03_WAS_BUF,WAS,False,L,False
2021,2021_04_ARI_LA,ARI,True,W,True
2021,2021_04_BAL_DEN,BAL,True,W,True
2021,2021_04_CAR_DAL,CAR,False,L,False
2021,2021_04_CLE_MIN,CLE,True,W,True
2021,2021_04_DET_CHI,DET,False,L,False
2021,2021_04_HOU_BUF,BUF,True,W,True
2021,2021_04_IND_MIA,IND,False,W,True
2021,2021_04_JAX_CIN,CIN,False,W,True
2021,2021_04_KC_PHI,KC,False,W,True
2021,2021_04_LV_LAC,LV,False,L,False
2021,2021_04_NYG_NO,NO,True,L,False
2021,2021_04_PIT_GB,GB,True,W,True
2021,2021_04_SEA_SF,SF,False,L,False
2021,2021_04_TB_NE,TB,True,W,True
2021,2021_04_TEN_NYJ,TEN,False,L,False
2021,2021_04_WAS_ATL,WAS,False,W,True
2021,2021_05_BUF_KC,BUF,False,W,True
2021,2021_05_CHI_LV,LV,False,L,False
2021,2021_05_CLE_LAC,CLE,True,L,False
2021,2021_05_DEN_PIT,DEN,False,L,False
2021,2021_05_DET_MIN,MIN,False,W,True
2021,2021_05_GB_CIN,CIN,False,L,False
2021,2021_05_IND_BAL,IND,True,L,False
2021,2021_05_LA_SEA,SEA,False,L,False
2021,2021_05_MIA_TB,TB,False,W,True
2021,2021_05_NE_HOU,NE,True,W,True
2021,2021_05_NO_WAS,WAS,False,L,False
2021,2021_05_NYG_DAL,NYG,False,L,False
2021,2021_05_NYJ_ATL,NYJ,False,L,False
2021,2021_05_PHI_CAR,CAR,False,L,False
2021,2021_05_SF_ARI,ARI,False,W,True
2021,2021_05_TEN_JAX,TEN,False,W,True
2021,2021_06_ARI_CLE,ARI,False,W,True
2021,2021_06_BUF_TEN,BUF,False,L,False
2021,2021_06_CIN_DET,CIN,True,W,True
2021,2021_06_DAL_NE,NE,False,L,False
2021,2021_06_GB_CHI,CHI,False,L,False
2021,2021_06_HOU_IND,IND,False,W,True
2021,2021_06_KC_WAS,KC,False,W,True
2021,2021_06_LAC_BAL,BAL,False,W,True
2021,2021_06_LA_NYG,LA,False,W,True
2021,2021_06_LV_DEN,DEN,False,L,False
2021,2021_06_MIA_JAX,JAX,False,W,True
2021,2021_06_MIN_CAR,MIN,False,W,True
2021,2021_06_SEA_PIT,SEA,False,L,False
2021,2021_06_TB_PHI,PHI,False,L,False
2021,2021_07_ATL_MIA,ATL,True,W,True
2021,2021_07_CAR_NYG,NYG,False,W,True
2021,2021_07_CHI_TB,TB,True,W,True
2021,2021_07_CIN_BAL,BAL,False,L,False
2021,2021_07_DEN_CLE,DEN,False,L,False
2021,2021_07_DET_LA,LA,False,W,True
2021,2021_07_HOU_ARI,HOU,False,L,False
2021,2021_07_IND_SF,IND,False,W,True
2021,2021_07_KC_TEN,KC,False,L,False
2021,2021_07_NO_SEA,NO,False,W,True
2021,2021_07_NYJ_NE,NYJ,False,L,False
2021,2021_07_PHI_LV,LV,True,W,True
2021,2021_07_WAS_GB,WAS,False,L,False
2021,2021_08_CAR_ATL,ATL,False,L,False
2021,2021_08_CIN_NYJ,CIN,False,L,False
2021,2021_08_DAL_MIN,DAL,False,W,True
2021,2021_08_GB_ARI,ARI,False,L,False
2021,2021_08_JAX_SEA,SEA,True,W,True
2021,2021_08_LA_HOU,HOU,False,L,False
2021,2021_08_MIA_BUF,MIA,False,L,False
2021,2021_08_NE_LAC,NE,True,W,True
2021,2021_08_NYG_KC,NYG,False,L,False
2021,2021_08_PHI_DET,PHI,False,W,True
2021,2021_08_PIT_CLE,PIT,False,W,True
2021,2021_08_SF_CHI,CHI,False,L,False
2021,2021_08_TB_NO,NO,True,W,True
2021,2021_08_TEN_IND,TEN,False,W,True
2021,2021_08_WAS_DEN,DEN,False,W,True
2021,2021_09_ARI_SF,ARI,False,W,True
2021,2021_09_ATL_NO,NO,False,L,False
2021,2021_09_BUF_JAX,BUF,False,L,False
2021,2021_09_CHI_PIT,PIT,False,W,True
2021,2021_09_CLE_CIN,CLE,False,W,True
2021,2021_09_DEN_DAL,DEN,False,W,True
2021,2021_09_GB_KC,KC,True,W,True
2021,2021_09_HOU_MIA,HOU,False,L,False
2021,2021_09_LAC_PHI,LAC,False,W,True
2021,2021_09_LV_NYG,LV,True,L,False
2021,2021_09_MIN_BAL,MIN,False,L,False
2021,2021_09_NE_CAR,CAR,False,L,False
2021,2021_09_NYJ_IND,IND,True,W,True
2021,2021_09_TEN_LA,TEN,False,W,True
2021,2021_10_ATL_DAL,ATL,False,L,False
2021,2021_10_BAL_MIA,MIA,True,W,True
2021,2021_10_BUF_NYJ,BUF,False,W,True
2021,2021_10_CAR_ARI,CAR,True,W,True
2021,2021_10_CLE_NE,NE,True,W,True
2021,2021_10_DET_PIT,DET,True,T,False
2021,2021_10_JAX_IND,JAX,True,L,False
2021,2021_10_KC_LV,LV,False,L,False
2021,2021_10_LA_SF,SF,False,W,True
2021,2021_10_MIN_LAC,LAC,False,L,False
2021,2021_10_NO_TEN,NO,False,L,False
2021,2021_10_PHI_DEN,DEN,False,L,False
2021,2021_10_SEA_GB,SEA,False,L,False
2021,2021_10_TB_WAS,WAS,False,W,True
2021,2021_11_ARI_SEA,ARI,False,W,True
2021,2021_11_BAL_CHI,CHI,False,L,False
2021,2021_11_CIN_LV,LV,False,L,False
2021,2021_11_DAL_KC,KC,False,W,True
2021,2021_11_DET_CLE,DET,False,L,False
2021,2021_11_GB_MIN,MIN,False,W,True
2021,2021_11_HOU_TEN,HOU,False,W,True
2021,2021_11_IND_BUF,BUF,False,L,False
2021,2021_11_MIA_NYJ,NYJ,False,L,False
2021,2021_11_NE_ATL,ATL,False,L,False
2021,2021_11_NO_PHI,PHI,False,W,True
2021,2021_11_NYG_TB,NYG,False,L,False
2021,2021_11_PIT_LAC,LAC,True,W,True
2021,2021_11_SF_JAX,JAX,False,L,False
2021,2021_11_WAS_CAR,WAS,True,W,True
2021,2021_12_ATL_JAX,JAX,False,L,False
2021,2021_12_BUF_NO,BUF,False,W,True
2021,2021_12_CAR_MIA,CAR,True,L,False
2021,2021_12_CHI_DET,DET,False,L,False
2021,2021_12_CLE_BAL,BAL,False,W,True
2021,2021_12_LAC_DEN,LAC,False,L,False
2021,2021_12_LA_GB,GB,False,W,True
2021,2021_12_LV_DAL,LV,False,W,True
2021,2021_12_MIN_SF,SF,True,W,True
2021,2021_12_NYJ_HOU,NYJ,False,W,True
2021,2021_12_PHI_NYG,PHI,False,L,False
2021,2021_12_PIT_CIN,PIT,False,L,False
2021,2021_12_SEA_WAS,SEA,False,L,False
2021,2021_12_TB_IND,IND,True,L,False
2021,2021_12_TEN_NE,NE,False,W,True
2021,2021_13_ARI_CHI,ARI,False,W,True
2021,2021_13_BAL_PIT,PIT,False,W,True
2021,2021_13_DAL_NO,DAL,True,W,True
2021,2021_13_DEN_KC,KC,False,W,True
2021,2021_13_IND_HOU,IND,False,W,True
2021,2021_13_JAX_LA,JAX,False,L,False
2021,2021_13_LAC_CIN,CIN,False,L,False
2021,2021_13_MIN_DET,DET,True,W,True
2021,2021_13_NE_BUF,BUF,False,L,False
2021,2021_13_NYG_MIA,MIA,False,W,True
2021,2021_13_PHI_NYJ,PHI,True,W,True
2021,2021_13_SF_SEA,SF,False,L,False
2021,2021_13_TB_ATL,ATL,True,L,False
2021,2021_13_WAS_LV,LV,True,L,False
2021,2021_14_ATL_CAR,CAR,False,L,False
2021,2021_14_BAL_CLE,BAL,True,L,False
2021,2021_14_BUF_TB,BUF,False,L,False
2021,2021_14_CHI_GB,GB,False,W,True
2021,2021_14_DAL_WAS,WAS,False,L,False
2021,2021_14_DET_DEN,DET,False,L,False
2021,2021_14_JAX_TEN,JAX,False,L,False
2021,2021_14_LA_ARI,LA,False,W,True
2021,2021_14_LV_KC,KC,False,W,True
2021,2021_14_NO_NYJ,NO,False,W,True
2021,2021_14_NYG_LAC,LAC,True,W,True
2021,2021_14_PIT_MIN,PIT,False,L,False
2021,2021_14_SEA_HOU,SEA,False,W,True
2021,2021_14_SF_CIN,CIN,False,L,False
2021,2021_15_ARI_DET,ARI,False,L,False
2021,2021_15_ATL_SF,ATL,False,L,False
2021,2021_15_CAR_BUF,BUF,True,W,True
2021,2021_15_CIN_DEN,DEN,False,L,False
2021,2021_15_DAL_NYG,NYG,False,L,False
2021,2021_15_GB_BAL,GB,False,W,True
2021,2021_15_HOU_JAX,JAX,False,L,False
2021,2021_15_KC_LAC,KC,False,W,True
2021,2021_15_LV_CLE,LV,False,W,True
2021,2021_15_MIN_CHI,CHI,False,L,False
2021,2021_15_NE_IND,NE,False,L,False
2021,2021_15_NO_TB,TB,False,L,False
2021,2021_15_NYJ_MIA,NYJ,False,L,False
2021,2021_15_SEA_LA,SEA,True,L,False
2021,2021_15_TEN_PIT,TEN,True,L,False
2021,2021_15_WAS_PHI,PHI,False,W,True
2021,2021_16_BAL_CIN,BAL,False,L,False
2021,2021_16_BUF_NE,BUF,False,W,True
2021,2021_16_CHI_SEA,CHI,False,W,True
2021,2021_16_CLE_GB,GB,True,W,True
2021,2021_16_DEN_LV,LV,False,W,True
2021,2021_16_DET_ATL,DET,False,L,False
2021,2021_16_IND_ARI,IND,True,W,True
2021,2021_16_JAX_NYJ,NYJ,False,W,True
2021,2021_16_LAC_HOU,HOU,False,W,True
2021,2021_16_LA_MIN,LA,True,W,True
2021,2021_16_MIA_NO,NO,False,L,False
2021,2021_16_NYG_PHI,NYG,False,L,False
2021,2021_16_PIT_KC,KC,False,W,True
2021,2021_16_SF_TEN,TEN,False,W,True
2021,2021_16_TB_CAR,CAR,False,L,False
2021,2021_16_WAS_DAL,WAS,False,L,False
2021,2021_17_ARI_DAL,ARI,True,W,True
2021,2021_17_ATL_BUF,BUF,False,W,True
2021,2021_17_CAR_NO,NO,True,W,True
2021,2021_17_CLE_PIT,CLE,False,L,False
2021,2021_17_DEN_LAC,DEN,True,L,False
2021,2021_17_DET_SEA,DET,False,L,False
2021,2021_17_HOU_SF,SF,True,W,True
2021,2021_17_JAX_NE,NE,False,W,True
2021,2021_17_KC_CIN,CIN,False,W,True
2021,2021_17_LA_BAL,LA,False,W,True
2021,2021_17_LV_IND,IND,True,L,False
2021,2021_17_MIA_TEN,TEN,False,W,True
2021,2021_17_MIN_GB,MIN,True,L,False
2021,2021_17_NYG_CHI,CHI,True,W,True
2021,2021_17_PHI_WAS,PHI,False,W,True
2021,2021_17_TB_NYJ,TB,False,W,True
2021,2021_18_CAR_TB,TB,True,W,True
2021,2021_18_CHI_MIN,MIN,True,W,True
2021,2021_18_CIN_CLE,CLE,False,W,True
2021,2021_18_DAL_PHI,DAL,True,W,True
2021,2021_18_GB_DET,DET,True,W,True
2021,2021_18_IND_JAX,IND,False,L,False
2021,2021_18_KC_DEN,KC,False,W,True
2021,2021_18_LAC_LV,LAC,False,L,False
2021,2021_18_NE_MIA,NE,False,L,False
2021,2021_18_NO_ATL,ATL,False,L,False
2021,2021_18_NYJ_BUF,NYJ,False,L,False
2021,2021_18_PIT_BAL,BAL,True,L,False
2021,2021_18_SEA_ARI,ARI,False,L,False
2021,2021_18_SF_LA,SF,True,W,True
2021,2021_18_TEN_HOU,TEN,True,W,True
2021,2021_18_WAS_NYG,NYG,False,L,False
2021,2021_19_ARI_LA,LA,False,W,True
2021,2021_19_LV_CIN,CIN,False,W,True
2021,2021_19_NE_BUF,NE,True,L,False
2021,2021_19_PHI_TB,PHI,False,L,False
2021,2021_19_PIT_KC,KC,True,W,True
2021,2021_19_SF_DAL,DAL,False,L,False
2021,2021_20_BUF_KC,KC,False,W,True
2021,2021_20_CIN_TEN,CIN,False,W,True
2021,2021_20_LA_TB,LA,False,W,True
2021,2021_20_SF_GB,SF,False,W,True
2021,2021_21_CIN_KC,KC,False,L,False
2021,2021_21_SF_LA,SF,True,L,False
2021,2021_22_LA_CIN,CIN,False,L,False
2022,2022_01_BAL_NYJ,BAL,False,W,True
2022,2022_01_BUF_LA,LA,True,L,False
2022,2022_01_CLE_CAR,CLE,True,W,True
2022,2022_01_DEN_SEA,DEN,True,L,False
2022,2022_01_GB_MIN,GB,False,L,False
2022,2022_01_IND_HOU,HOU,False,T,False
2022,2022_01_JAX_WAS,WAS,False,W,True
2022,2022_01_KC_ARI,ARI,False,L,False
2022,2022_01_LV_LAC,LV,False,L,False
2022,2022_01_NE_MIA,MIA,True,W,True
2022,2022_01_NO_ATL,NO,False,W,True
2022,2022_01_NYG_TEN,TEN,False,L,False
2022,2022_01_PHI_DET,PHI,True,W,True
2022,2022_01_PIT_CIN,CIN,True,L,False
2022,2022_01_SF_CHI,SF,False,L,False
2022,2022_01_TB_DAL,TB,True,W,True
2022,2022_02_ARI_LV,ARI,False,W,True
2022,2022_02_ATL_LA,LA,True,W,True
2022,2022_02_CAR_NYG,NYG,False,W,True
2022,2022_02_CHI_GB,CHI,False,L,False
2022,2022_02_CIN_DAL,CIN,False,L,False
2022,2022_02_HOU_DEN,DEN,True,W,True
2022,2022_02_IND_JAX,JAX,False,W,True
2022,2022_02_LAC_KC,LAC,False,L,False
2022,2022_02_MIA_BAL,MIA,False,W,True
2022,2022_02_MIN_PHI,MIN,False,L,False
2022,2022_02_NE_PIT,NE,True,W,True
2022,2022_02_NYJ_CLE,CLE,False,L,False
2022,2022_02_SEA_SF,SEA,False,L,False
2022,2022_02_TB_NO,TB,False,W,True
2022,2022_02_TEN_BUF,TEN,False,L,False
2022,2022_02_WAS_DET,WAS,False,L,False
2022,2022_03_ATL_SEA,ATL,False,W,True
2022,2022_03_BAL_NE,NE,True,L,False
2022,2022_03_BUF_MIA,MIA,False,W,True
2022,2022_03_CIN_NYJ,NYJ,True,L,False
2022,2022_03_DAL_NYG,NYG,False,L,False
2022,2022_03_DET_MIN,MIN,False,W,True
2022,2022_03_GB_TB,GB,False,W,True
2022,2022_03_HOU_CHI,HOU,False,L,False
2022,2022_03_JAX_LAC,LAC,False,L,False
2022,2022_03_KC_IND,KC,False,L,False
2022,2022_03_LA_ARI,LA,False,W,True
2022,2022_03_LV_TEN,LV,False,L,False
2022,2022_03_NO_CAR,NO,False,L,False
2022,2022_03_PHI_WAS,PHI,True,W,True
2022,2022_03_PIT_CLE,PIT,False,L,False
2022,2022_03_SF_DEN,DEN,False,W,True
2022,2022_04_ARI_CAR,CAR,True,L,False
2022,2022_04_BUF_BAL,BAL,False,L,False
2022,2022_04_CHI_NYG,CHI,False,L,False
2022,2022_04_CLE_ATL,ATL,False,W,True
2022,2022_04_DEN_LV,DEN,False,L,False
2022,2022_04_JAX_PHI,PHI,True,W,True
2022,2022_04_KC_TB,KC,False,W,True
2022,2022_04_LAC_HOU,LAC,True,W,True
2022,2022_04_LA_SF,SF,False,W,True
2022,2022_04_MIA_CIN,MIA,True,L,False
2022,2022_04_MIN_NO,NO,False,L,False
2022,2022_04_NE_GB,GB,False,W,True
2022,2022_04_NYJ_PIT,NYJ,False,W,True
2022,2022_04_SEA_DET,DET,True,L,False
2022,2022_04_TEN_IND,TEN,False,W,True
2022,2022_04_WAS_DAL,WAS,False,L,False
2022,2022_05_ATL_TB,ATL,False,L,False
2022,2022_05_CHI_MIN,CHI,False,L,False
2022,2022_05_CIN_BAL,BAL,False,W,True
2022,2022_05_DAL_LA,DAL,False,W,True
2022,2022_05_DET_NE,NE,True,W,True
2022,2022_05_HOU_JAX,JAX,True,L,False
2022,2022_05_IND_DEN,DEN,False,L,False
2022,2022_05_LAC_CLE,LAC,False,W,True
2022,2022_05_LV_KC,KC,True,W,True
2022,2022_05_MIA_NYJ,MIA,True,L,False
2022,2022_05_NYG_GB,NYG,False,W,True
2022,2022_05_PHI_ARI,PHI,False,W,True
2022,2022_05_PIT_BUF,PIT,False,L,False
2022,2022_05_SEA_NO,SEA,True,L,False
2022,2022_05_SF_CAR,CAR,False,L,False
2022,2022_05_TEN_WAS,WAS,False,L,False
2022,2022_06_ARI_SEA,SEA,True,W,True
2022,2022_06_BAL_NYG,NYG,False,W,True
2022,2022_06_BUF_KC,KC,True,L,False
2022,2022_06_CAR_LA,LA,False,W,True
2022,2022_06_CIN_NO,NO,True,L,False
2022,2022_06_DAL_PHI,PHI,False,W,True
2022,2022_06_DEN_LAC,DEN,True,L,False
2022,2022_06_JAX_IND,JAX,False,L,False
2022,2022_06_MIN_MIA,MIA,False,L,False
2022,2022_06_NE_CLE,NE,False,W,True
2022,2022_06_NYJ_GB,NYJ,False,W,True
2022,2022_06_SF_ATL,SF,False,L,False
2022,2022_06_TB_PIT,PIT,False,W,True
2022,2022_06_WAS_CHI,WAS,False,W,True
2022,2022_07_ATL_CIN,ATL,True,L,False
2022,2022_07_CHI_NE,CHI,True,W,True
2022,2022_07_CLE_BAL,BAL,False,W,True
2022,2022_07_DET_DAL,DET,False,L,False
2022,2022_07_GB_WAS,WAS,False,W,True
2022,2022_07_HOU_LV,HOU,False,L,False
2022,2022_07_IND_TEN,IND,False,L,False
2022,2022_07_KC_SF,KC,False,W,True
2022,2022_07_NO_ARI,ARI,False,W,True
2022,2022_07_NYG_JAX,JAX,False,L,False
2022,2022_07_NYJ_DEN,DEN,False,L,False
2022,2022_07_PIT_MIA,PIT,False,L,False
2022,2022_07_SEA_LAC,LAC,False,L,False
2022,2022_07_TB_CAR,CAR,False,W,True
2022,2022_08_ARI_MIN,ARI,False,L,False
2022,2022_08_BAL_TB,TB,False,L,False
2022,2022_08_CAR_ATL,CAR,False,L,False
2022,2022_08_CHI_DAL,CHI,True,L,False
2022,2022_08_CIN_CLE,CLE,True,W,True
2022,2022_08_DEN_JAX,JAX,False,L,False
2022,2022_08_GB_BUF,GB,False,L,False
2022,2022_08_LV_NO,NO,False,W,True
2022,2022_08_MIA_DET,MIA,False,W,True
2022,2022_08_NE_NYJ,NE,True,W,True
2022,2022_08_NYG_SEA,NYG,False,L,False
2022,2022_08_PIT_PHI,PHI,False,W,True
2022,2022_08_SF_LA,SF,False,W,True
2022,2022_08_TEN_HOU,HOU,False,L,False
2022,2022_08_WAS_IND,WAS,False,W,True
2022,2022_09_BAL_NO,BAL,False,W,True
2022,2022_09_BUF_NYJ,NYJ,False,W,True
2022,2022_09_CAR_CIN,CAR,False,L,False
2022,2022_09_GB_DET,GB,False,L,False
2022,2022_09_IND_NE,IND,False,L,False
2022,2022_09_LAC_ATL,LAC,False,W,True
2022,2022_09_LA_TB,TB,True,W,True
2022,2022_09_LV_JAX,JAX,True,W,True
2022,2022_09_MIA_CHI,MIA,False,W,True
2022,2022_09_MIN_WAS,WAS,False,L,False
2022,2022_09_PHI_HOU,PHI,False,W,True
2022,2022_09_SEA_ARI,ARI,False,L,False
2022,2022_09_TEN_KC,TEN,False,L,False
2022,2022_10_ARI_LA,ARI,True,W,True
2022,2022_10_ATL_CAR,CAR,False,W,True
2022,2022_10_CLE_MIA,MIA,False,W,True
2022,2022_10_DAL_GB,GB,False,W,True
2022,2022_10_DEN_TEN,DEN,False,L,False
2022,2022_10_DET_CHI,DET,False,W,True
2022,2022_10_HOU_NYG,NYG,False,W,True
2022,2022_10_IND_LV,IND,True,W,True
2022,2022_10_JAX_KC,JAX,True,L,False
2022,2022_10_LAC_SF,SF,False,W,True
2022,2022_10_MIN_BUF,MIN,False,W,True
2022,2022_10_NO_PIT,NO,True,L,False
2022,2022_10_SEA_TB,SEA,False,L,False
2022,2022_10_WAS_PHI,PHI,False,L,False
2022,2022_11_CAR_BAL,CAR,False,L,False
2022,2022_11_CHI_ATL,CHI,False,L,False
2022,2022_11_CIN_PIT,PIT,True,L,False
2022,2022_11_CLE_BUF,BUF,True,W,True
2022,2022_11_DAL_MIN,DAL,True,W,True
2022,2022_11_DET_NYG,DET,False,W,True
2022,2022_11_KC_LAC,LAC,True,L,False
2022,2022_11_LA_NO,NO,False,W,True
2022,2022_11_LV_DEN,DEN,False,L,False
2022,2022_11_NYJ_NE,NYJ,False,L,False
2022,2022_11_PHI_IND,PHI,False,W,True
2022,2022_11_SF_ARI,SF,False,W,True
2022,2022_11_TEN_GB,GB,False,L,False
2022,2022_11_WAS_HOU,HOU,False,L,False
2022,2022_12_ATL_WAS,WAS,False,W,True
2022,2022_12_BAL_JAX,JAX,True,W,True
2022,2022_12_BUF_DET,BUF,True,W,True
2022,2022_12_CHI_NYJ,CHI,False,L,False
2022,2022_12_CIN_TEN,TEN,False,L,False
2022,2022_12_DEN_CAR,DEN,False,L,False
2022,2022_12_GB_PHI,GB,False,L,False
2022,2022_12_HOU_MIA,MIA,True,W,True
2022,2022_12_LAC_ARI,ARI,True,L,False
2022,2022_12_LA_KC,LA,False,L,False
2022,2022_12_LV_SEA,SEA,False,L,False
2022,2022_12_NE_MIN,NE,True,L,False
2022,2022_12_NO_SF,SF,True,W,True
2022,2022_12_NYG_DAL,DAL,False,W,True
2022,2022_12_PIT_IND,IND,False,L,False
2022,2022_12_TB_CLE,TB,False,L,False
2022,2022_13_BUF_NE,BUF,False,W,True
2022,2022_13_CLE_HOU,CLE,False,W,True
2022,2022_13_DEN_BAL,BAL,False,W,True
2022,2022_13_GB_CHI,GB,True,W,True
2022,2022_13_IND_DAL,IND,False,L,False
2022,2022_13_JAX_DET,DET,False,W,True
2022,2022_13_KC_CIN,KC,False,L,False
2022,2022_13_LAC_LV,LAC,False,L,False
2022,2022_13_MIA_SF,SF,True,W,True
2022,2022_13_NO_TB,NO,True,L,False
2022,2022_13_NYJ_MIN,MIN,False,W,True
2022,2022_13_PIT_ATL,ATL,False,L,False
2022,2022_13_SEA_LA,SEA,False,W,True
2022,2022_13_TEN_PHI,TEN,False,L,False
2022,2022_13_WAS_NYG,WAS,False,T,False
2022,2022_14_BAL_PIT,PIT,False,L,False
2022,2022_14_CAR_SEA,SEA,True,L,False
2022,2022_14_CLE_CIN,CLE,False,L,False
2022,2022_14_HOU_DAL,HOU,True,L,False
2022,2022_14_JAX_TEN,JAX,True,W,True
2022,2022_14_KC_DEN,DEN,True,L,False
2022,2022_14_LV_LA,LA,False,W,True
2022,2022_14_MIA_LAC,LAC,True,W,True
2022,2022_14_MIN_DET,MIN,False,L,False
2022,2022_14_NE_ARI,NE,True,W,True
2022,2022_14_NYJ_BUF,NYJ,False,L,False
2022,2022_14_PHI_NYG,PHI,False,W,True
2022,2022_14_TB_SF,TB,False,L,False
2022,2022_15_ARI_DEN,ARI,True,L,False
2022,2022_15_ATL_NO,ATL,False,L,False
2022,2022_15_BAL_CLE,BAL,False,L,False
2022,2022_15_CIN_TB,TB,False,L,False
2022,2022_15_DAL_JAX,JAX,False,W,True
2022,2022_15_DET_NYJ,NYJ,True,L,False
2022,2022_15_IND_MIN,MIN,False,W,True
2022,2022_15_KC_HOU,KC,True,W,True
2022,2022_15_LA_GB,GB,False,W,True
2022,2022_15_MIA_BUF,BUF,True,W,True
2022,2022_15_NE_LV,NE,False,L,False
2022,2022_15_NYG_WAS,NYG,False,W,True
2022,2022_15_PHI_CHI,PHI,False,W,True
2022,2022_15_PIT_CAR,PIT,False,W,True
2022,2022_15_SF_SEA,SF,False,W,True
2022,2022_15_TEN_LAC,LAC,False,W,True
2022,2022_16_ATL_BAL,ATL,True,L,False
2022,2022_16_BUF_CHI,BUF,False,W,True
2022,2022_16_CIN_NE,NE,False,L,False
2022,2022_16_DEN_LA,DEN,True,L,False
2022,2022_16_DET_CAR,DET,False,L,False
2022,2022_16_GB_MIA,GB,True,W,True
2022,2022_16_HOU_TEN,HOU,False,W,True
2022,2022_16_JAX_NYJ,NYJ,False,L,False
2022,2022_16_LAC_IND,LAC,True,W,True
2022,2022_16_LV_PIT,PIT,False,W,True
2022,2022_16_NO_CLE,NO,True,W,True
2022,2022_16_NYG_MIN,NYG,False,L,False
2022,2022_16_PHI_DAL,DAL,False,W,True
2022,2022_16_SEA_KC,SEA,True,L,False
2022,2022_16_TB_ARI,ARI,True,L,False
2022,2022_16_WAS_SF,SF,False,W,True
2022,2022_17_ARI_ATL,ATL,False,W,True
2022,2022_17_CAR_TB,TB,False,W,True
2022,2022_17_CHI_DET,DET,True,W,True
2022,2022_17_CLE_WAS,WAS,True,L,False
2022,2022_17_DAL_TEN,TEN,True,L,False
2022,2022_17_DEN_KC,KC,False,W,True
2022,2022_17_IND_NYG,NYG,True,W,True
2022,2022_17_JAX_HOU,JAX,False,W,True
2022,2022_17_LA_LAC,LAC,True,W,True
2022,2022_17_MIA_NE,NE,False,W,True
2022,2022_17_MIN_GB,GB,True,W,True
2022,2022_17_NO_PHI,PHI,False,L,False
2022,2022_17_NYJ_SEA,NYJ,False,L,False
2022,2022_17_PIT_BAL,BAL,True,L,False
2022,2022_17_SF_LV,SF,False,W,True
2022,2022_18_ARI_SF,SF,True,W,True
2022,2022_18_BAL_CIN,CIN,False,W,True
2022,2022_18_CAR_NO,CAR,False,W,True
2022,2022_18_CLE_PIT,PIT,False,W,True
2022,2022_18_DAL_WAS,WAS,False,W,True
2022,2022_18_DET_GB,DET,True,W,True
2022,2022_18_HOU_IND,IND,False,L,False
2022,2022_18_KC_LV,LV,False,L,False
2022,2022_18_LAC_DEN,DEN,True,W,True
2022,2022_18_LA_SEA,LA,False,L,False
2022,2022_18_MIN_CHI,MIN,False,W,True
2022,2022_18_NE_BUF,NE,False,L,False
2022,2022_18_NYG_PHI,PHI,False,W,True
2022,2022_18_NYJ_MIA,NYJ,False,L,False
2022,2022_18_TB_ATL,ATL,False,W,True
2022,2022_18_TEN_JAX,JAX,False,W,True
2022,2022_19_BAL_CIN,BAL,True,L,False
2022,2022_19_DAL_TB,TB,False,L,False
2022,2022_19_LAC_JAX,LAC,False,L,False
2022,2022_19_MIA_BUF,MIA,False,L,False
2022,2022_19_NYG_MIN,NYG,False,W,True
2022,2022_19_SEA_SF,SF,True,W,True
2022,2022_20_CIN_BUF,BUF,False,L,False
2022,2022_20_DAL_SF,DAL,False,L,False
2022,2022_20_JAX_KC,KC,False,W,True
2022,2022_20_NYG_PHI,NYG,False,L,False
2022,2022_21_CIN_KC,KC,False,W,True
2022,2022_21_SF_PHI,SF,False,L,False
2022,2022_22_KC_PHI,KC,False,W,True
2023,2023_01_ARI_WAS,ARI,False,L,False
2023,2023_01_BUF_NYJ,NYJ,False,W,True
2023,2023_01_CAR_ATL,CAR,False,L,False
2023,2023_01_CIN_CLE,CLE,True,W,True
2023,2023_01_DAL_NYG,DAL,False,W,True
2023,2023_01_DET_KC,KC,False,L,False
2023,2023_01_GB_CHI,GB,True,W,True
2023,2023_01_HOU_BAL,HOU,True,L,False
2023,2023_01_JAX_IND,JAX,False,W,True
2023,2023_01_LA_SEA,LA,False,W,True
2023,2023_01_LV_DEN,DEN,True,L,False
2023,2023_01_MIA_LAC,LAC,True,L,False
2023,2023_01_PHI_NE,NE,True,L,False
2023,2023_01_SF_PIT,SF,False,W,True
2023,2023_01_TB_MIN,TB,False,W,True
2023,2023_01_TEN_NO,TEN,False,L,False
2023,2023_02_BAL_CIN,CIN,False,L,False
2023,2023_02_CHI_TB,CHI,False,L,False
2023,2023_02_CLE_PIT,PIT,False,W,True
2023,2023_02_GB_ATL,ATL,True,W,True
2023,2023_02_IND_HOU,HOU,False,L,False
2023,2023_02_KC_JAX,KC,True,W,True
2023,2023_02_LAC_TEN,TEN,True,W,True
2023,2023_02_LV_BUF,BUF,True,W,True
2023,2023_02_MIA_NE,MIA,True,W,True
2023,2023_02_MIN_PHI,MIN,False,L,False
2023,2023_02_NO_CAR,CAR,False,L,False
2023,2023_02_NYG_ARI,NYG,False,W,True
2023,2023_02_NYJ_DAL,NYJ,True,L,False
2023,2023_02_SEA_DET,DET,False,L,False
2023,2023_02_SF_LA,LA,False,L,False
2023,2023_02_WAS_DEN,DEN,False,L,False
2023,2023_03_ATL_DET,DET,False,W,True
2023,2023_03_BUF_WAS,WAS,False,L,False
2023,2023_03_CAR_SEA,CAR,False,L,False
2023,2023_03_CHI_KC,CHI,False,L,False
2023,2023_03_DAL_ARI,DAL,False,L,False
2023,2023_03_DEN_MIA,DEN,True,L,False
2023,2023_03_HOU_JAX,JAX,False,L,False
2023,2023_03_IND_BAL,BAL,False,L,False
2023,2023_03_LAC_MIN,MIN,False,L,False
2023,2023_03_LA_CIN,LA,False,L,False
2023,2023_03_NE_NYJ,NE,False,W,True
2023,2023_03_NO_GB,GB,False,W,True
2023,2023_03_NYG_SF,NYG,True,L,False
2023,2023_03_PHI_TB,PHI,True,W,True
2023,2023_03_PIT_LV,LV,False,L,False
2023,2023_03_TEN_CLE,TEN,False,L,False
2023,2023_04_ARI_SF,SF,False,W,True
2023,2023_04_ATL_JAX,ATL,False,L,False
2023,2023_04_BAL_CLE,CLE,False,L,False
2023,2023_04_CIN_TEN,TEN,True,W,True
2023,2023_04_DEN_CHI,DEN,False,W,True
2023,2023_04_DET_GB,GB,False,L,False
2023,2023_04_KC_NYJ,NYJ,False,L,False
2023,2023_04_LA_IND,IND,False,L,False
2023,2023_04_LV_LAC,LV,False,L,False
2023,2023_04_MIA_BUF,MIA,False,L,False
2023,2023_04_MIN_CAR,CAR,True,L,False
2023,2023_04_NE_DAL,NE,False,L,False
2023,2023_04_PIT_HOU,PIT,False,L,False
2023,2023_04_SEA_NYG,SEA,False,W,True
2023,2023_04_TB_NO,TB,True,W,True
2023,2023_04_WAS_PHI,PHI,True,W,True
2023,2023_05_BAL_PIT,PIT,False,W,True
2023,2023_05_CAR_DET,DET,False,W,True
2023,2023_05_CHI_WAS,WAS,False,L,False
2023,2023_05_CIN_ARI,CIN,False,W,True
2023,2023_05_DAL_SF,DAL,False,L,False
2023,2023_05_GB_LV,LV,False,W,True
2023,2023_05_HOU_ATL,HOU,True,L,False
2023,2023_05_JAX_BUF,BUF,False,L,False
2023,2023_05_KC_MIN,KC,True,W,True
2023,2023_05_NO_NE,NE,False,L,False
2023,2023_05_NYG_MIA,MIA,True,W,True
2023,2023_05_NYJ_DEN,DEN,False,L,False
2023,2023_05_PHI_LA,LA,False,L,False
2023,2023_05_TEN_IND,TEN,False,L,False
2023,2023_06_ARI_LA,LA,True,W,True
2023,2023_06_BAL_TEN,TEN,False,L,False
2023,2023_06_CAR_MIA,MIA,False,W,True
2023,2023_06_DAL_LAC,LAC,False,L,False
2023,2023_06_DEN_KC,KC,True,W,True
2023,2023_06_DET_TB,DET,False,W,True
2023,2023_06_IND_JAX,JAX,False,W,True
2023,2023_06_MIN_CHI,MIN,True,W,True
2023,2023_06_NE_LV,NE,False,L,False
2023,2023_06_NO_HOU,NO,True,L,False
2023,2023_06_NYG_BUF,NYG,False,L,False
2023,2023_06_PHI_NYJ,PHI,False,L,False
2023,2023_06_SEA_CIN,CIN,False,W,True
2023,2023_06_SF_CLE,CLE,False,W,True
2023,2023_06_WAS_ATL,ATL,False,L,False
2023,2023_07_ARI_SEA,SEA,False,W,True
2023,2023_07_ATL_TB,ATL,False,W,True
2023,2023_07_BUF_NE,BUF,False,L,False
2023,2023_07_CLE_IND,IND,False,L,False
2023,2023_07_DET_BAL,DET,False,L,False
2023,2023_07_GB_DEN,GB,False,L,False
2023,2023_07_JAX_NO,NO,False,L,False
2023,2023_07_LAC_KC,KC,True,W,True
2023,2023_07_LV_CHI,LV,False,L,False
2023,2023_07_MIA_PHI,MIA,False,L,False
2023,2023_07_PIT_LA,LA,True,L,False
2023,2023_07_SF_MIN,SF,False,L,False
2023,2023_07_WAS_NYG,WAS,False,L,False
2023,2023_08_ATL_TEN,ATL,False,L,False
2023,2023_08_BAL_ARI,BAL,True,W,True
2023,2023_08_CHI_LAC,LAC,True,W,True
2023,2023_08_CIN_SF,CIN,False,W,True
2023,2023_08_CLE_SEA,SEA,False,W,True
2023,2023_08_HOU_CAR,CAR,False,W,True
2023,2023_08_JAX_PIT,JAX,False,W,True
2023,2023_08_KC_DEN,DEN,False,W,True
2023,2023_08_LA_DAL,LA,True,L,False
2023,2023_08_LV_DET,LV,False,L,False
2023,2023_08_MIN_GB,MIN,False,W,True
2023,2023_08_NE_MIA,MIA,True,W,True
2023,2023_08_NO_IND,NO,False,W,True
2023,2023_08_NYJ_NYG,NYG,False,L,False
2023,2023_08_PHI_WAS,PHI,False,W,True
2023,2023_08_TB_BUF,BUF,False,W,True
2023,2023_09_ARI_CLE,CLE,True,W,True
2023,2023_09_BUF_CIN,BUF,False,L,False
2023,2023_09_CHI_NO,NO,False,W,True
2023,2023_09_DAL_PHI,PHI,False,W,True
2023,2023_09_IND_CAR,IND,False,W,True
2023,2023_09_LAC_NYJ,NYJ,False,L,False
2023,2023_09_LA_GB,GB,False,W,True
2023,2023_09_MIA_KC,MIA,False,L,False
2023,2023_09_MIN_ATL,MIN,False,W,True
2023,2023_09_NYG_LV,LV,True,W,True
2023,2023_09_SEA_BAL,BAL,True,W,True
2023,2023_09_TB_HOU,TB,False,L,False
2023,2023_09_TEN_PIT,TEN,True,L,False
2023,2023_09_WAS_NE,NE,False,L,False
2023,2023_10_ATL_ARI,ATL,False,L,False
2023,2023_10_CAR_CHI,CAR,False,L,False
2023,2023_10_CLE_BAL,BAL,False,L,False
2023,2023_10_DEN_BUF,DEN,True,W,True
2023,2023_10_DET_LAC,DET,False,W,True
2023,2023_10_GB_PIT,GB,False,L,False
2023,2023_10_HOU_CIN,HOU,True,W,True
2023,2023_10_IND_NE,IND,False,W,True
2023,2023_10_NO_MIN,NO,False,L,False
2023,2023_10_NYG_DAL,NYG,False,L,False
2023,2023_10_NYJ_LV,NYJ,False,L,False
2023,2023_10_SF_JAX,SF,True,W,True
2023,2023_10_TEN_TB,TB,False,W,True
2023,2023_10_WAS_SEA,SEA,False,W,True
2023,2023_11_ARI_HOU,HOU,False,W,True
2023,2023_11_CHI_DET,DET,True,W,True
2023,2023_11_CIN_BAL,CIN,False,L,False
2023,2023_11_DAL_CAR,CAR,False,L,False
2023,2023_11_LAC_GB,LAC,False,L,False
2023,2023_11_LV_MIA,MIA,False,W,True
2023,2023_11_MIN_DEN,DEN,True,W,True
2023,2023_11_NYG_WAS,WAS,False,L,False
2023,2023_11_NYJ_BUF,BUF,False,W,True
2023,2023_11_PHI_KC,PHI,False,W,True
2023,2023_11_PIT_CLE,PIT,False,L,False
2023,2023_11_SEA_LA,SEA,False,L,False
2023,2023_11_TB_SF,TB,False,L,False
2023,2023_11_TEN_JAX,JAX,True,W,True
2023,2023_12_BAL_LAC,BAL,False,W,True
2023,2023_12_BUF_PHI,PHI,False,W,True
2023,2023_12_CAR_TEN,CAR,False,L,False
2023,2023_12_CHI_MIN,MIN,True,L,False
2023,2023_12_CLE_DEN,DEN,False,W,True
2023,2023_12_GB_DET,DET,False,L,False
2023,2023_12_JAX_HOU,JAX,False,W,True
2023,2023_12_KC_LV,KC,True,W,True
2023,2023_12_LA_ARI,ARI,False,L,False
2023,2023_12_MIA_NYJ,MIA,True,W,True
2023,2023_12_NE_NYG,NE,False,L,False
2023,2023_12_NO_ATL,ATL,False,W,True
2023,2023_12_PIT_CIN,CIN,False,L,False
2023,2023_12_SF_SEA,SEA,False,L,False
2023,2023_12_TB_IND,IND,False,W,True
2023,2023_12_WAS_DAL,DAL,True,W,True
2023,2023_13_ARI_PIT,ARI,True,W,True
2023,2023_13_ATL_NYJ,NYJ,False,L,False
2023,2023_13_CAR_TB,CAR,False,L,False
2023,2023_13_CIN_JAX,JAX,False,L,False
2023,2023_13_CLE_LA,LA,True,W,True
2023,2023_13_DEN_HOU,DEN,False,L,False
2023,2023_13_DET_NO,NO,False,L,False
2023,2023_13_IND_TEN,IND,True,W,True
2023,2023_13_KC_GB,KC,False,L,False
2023,2023_13_LAC_NE,LAC,False,W,True
2023,2023_13_MIA_WAS,MIA,True,W,True
2023,2023_13_SEA_DAL,SEA,True,L,False
2023,2023_13_SF_PHI,SF,False,W,True
2023,2023_14_BUF_KC,BUF,False,W,True
2023,2023_14_CAR_NO,NO,False,W,True
2023,2023_14_DEN_LAC,DEN,True,W,True
2023,2023_14_DET_CHI,DET,True,L,False
2023,2023_14_GB_NYG,NYG,False,W,True
2023,2023_14_HOU_NYJ,NYJ,False,W,True
2023,2023_14_IND_CIN,CIN,False,W,True
2023,2023_14_JAX_CLE,JAX,False,L,False
2023,2023_14_LA_BAL,LA,False,L,False
2023,2023_14_MIN_LV,MIN,False,W,True
2023,2023_14_NE_PIT,PIT,False,L,False
2023,2023_14_PHI_DAL,PHI,False,L,False
2023,2023_14_SEA_SF,SEA,False,L,False
2023,2023_14_TB_ATL,ATL,False,L,False
2023,2023_14_TEN_MIA,MIA,False,L,False
2023,2023_15_ATL_CAR,CAR,True,W,True
2023,2023_15_BAL_JAX,BAL,False,W,True
2023,2023_15_CHI_CLE,CHI,False,L,False
2023,2023_15_DAL_BUF,DAL,False,L,False
2023,2023_15_DEN_DET,DEN,False,L,False
2023,2023_15_HOU_TEN,TEN,False,L,False
2023,2023_15_KC_NE,KC,False,W,True
2023,2023_15_LAC_LV,LV,False,W,True
2023,2023_15_MIN_CIN,MIN,False,L,False
2023,2023_15_NYG_NO,NO,False,W,True
2023,2023_15_NYJ_MIA,NYJ,False,L,False
2023,2023_15_PHI_SEA,SEA,False,W,True
2023,2023_15_PIT_IND,IND,True,W,True
2023,2023_15_SF_ARI,SF,False,W,True
2023,2023_15_TB_GB,GB,False,L,False
2023,2023_15_WAS_LA,LA,True,W,True
2023,2023_16_ARI_CHI,ARI,False,L,False
2023,2023_16_BAL_SF,SF,False,L,False
2023,2023_16_BUF_LAC,LAC,False,L,False
2023,2023_16_CIN_PIT,PIT,True,W,True
2023,2023_16_CLE_HOU,HOU,False,L,False
2023,2023_16_DAL_MIA,MIA,True,W,True
2023,2023_16_DET_MIN,MIN,False,L,False
2023,2023_16_GB_CAR,GB,False,W,True
2023,2023_16_IND_ATL,ATL,True,W,True
2023,2023_16_JAX_TB,JAX,False,L,False
2023,2023_16_LV_KC,LV,False,W,True
2023,2023_16_NE_DEN,DEN,False,L,False
2023,2023_16_NO_LA,LA,True,W,True
2023,2023_16_NYG_PHI,PHI,True,W,True
2023,2023_16_SEA_TEN,SEA,False,W,True
2023,2023_16_WAS_NYJ,NYJ,False,W,True
2023,2023_17_ARI_PHI,ARI,False,W,True
2023,2023_17_ATL_CHI,CHI,False,W,True
2023,2023_17_CAR_JAX,CAR,False,L,False
2023,2023_17_CIN_KC,KC,False,W,True
2023,2023_17_DET_DAL,DAL,False,W,True
2023,2023_17_GB_MIN,MIN,False,L,False
2023,2023_17_LAC_DEN,DEN,False,W,True
2023,2023_17_LA_NYG,NYG,True,L,False
2023,2023_17_LV_IND,LV,False,L,False
2023,2023_17_MIA_BAL,BAL,False,W,True
2023,2023_17_NE_BUF,BUF,False,W,True
2023,2023_17_NO_TB,TB,False,L,False
2023,2023_17_NYJ_CLE,NYJ,True,L,False
2023,2023_17_PIT_SEA,SEA,False,L,False
2023,2023_17_SF_WAS,WAS,False,L,False
2023,2023_17_TEN_HOU,HOU,False,W,True
2023,2023_18_ATL_NO,ATL,True,L,False
2023,2023_18_BUF_MIA,BUF,False,W,True
2023,2023_18_CHI_GB,GB,False,W,True
2023,2023_18_CLE_CIN,CIN,False,W,True
2023,2023_18_DAL_WAS,DAL,True,W,True
2023,2023_18_DEN_LV,LV,True,W,True
2023,2023_18_HOU_IND,HOU,False,W,True
2023,2023_18_JAX_TEN,TEN,False,W,True
2023,2023_18_KC_LAC,LAC,True,L,False
2023,2023_18_LA_SF,LA,False,W,True
2023,2023_18_MIN_DET,MIN,True,L,False
2023,2023_18_NYJ_NE,NYJ,False,W,True
2023,2023_18_PHI_NYG,PHI,False,L,False
2023,2023_18_PIT_BAL,BAL,False,L,False
2023,2023_18_SEA_ARI,SEA,True,W,True
2023,2023_18_TB_CAR,CAR,False,L,False
2023,2023_19_CLE_HOU,HOU,False,W,True
2023,2023_19_GB_DAL,DAL,True,L,False
2023,2023_19_LA_DET,LA,False,L,False
2023,2023_19_MIA_KC,MIA,False,L,False
2023,2023_19_PHI_TB,PHI,False,L,False
2023,2023_19_PIT_BUF,BUF,False,W,True
2023,2023_20_GB_SF,SF,False,W,True
2023,2023_20_HOU_BAL,BAL,False,W,True
2023,2023_20_KC_BUF,KC,False,W,True
2023,2023_20_TB_DET,TB,True,L,False
2023,2023_21_DET_SF,SF,False,W,True
2023,2023_21_KC_BAL,KC,True,W,True
2023,2023_22_SF_KC,KC,True,W,True
2024,2024_01_ARI_BUF,BUF,True,W,True
2024,2024_01_BAL_KC,KC,False,W,True
2024,2024_01_CAR_NO,CAR,True,L,False
2024,2024_01_DAL_CLE,CLE,False,L,False
2024,2024_01_DEN_SEA,DEN,True,L,False
2024,2024_01_GB_PHI,PHI,True,W,True
2024,2024_01_HOU_IND,HOU,False,W,True
2024,2024_01_JAX_MIA,JAX,True,L,False
2024,2024_01_LA_DET,DET,False,W,True
2024,2024_01_LV_LAC,LV,False,L,False
2024,2024_01_MIN_NYG,MIN,False,W,True
2024,2024_01_NE_CIN,NE,True,W,True
2024,2024_01_NYJ_SF,SF,True,W,True
2024,2024_01_PIT_ATL,PIT,True,W,True
2024,2024_01_TEN_CHI,CHI,True,W,True
2024,2024_01_WAS_TB,WAS,False,L,False
2024,2024_02_ATL_PHI,ATL,True,W,True
2024,2024_02_BUF_MIA,BUF,False,W,True
2024,2024_02_CHI_HOU,CHI,False,L,False
2024,2024_02_CIN_KC,KC,False,W,True
2024,2024_02_CLE_JAX,CLE,False,W,True
2024,2024_02_IND_GB,IND,False,L,False
2024,2024_02_LAC_CAR,CAR,False,L,False
2024,2024_02_LA_ARI,ARI,False,W,True
2024,2024_02_LV_BAL,BAL,True,L,False
2024,2024_02_NO_DAL,DAL,True,L,False
2024,2024_02_NYG_WAS,NYG,True,L,False
2024,2024_02_NYJ_TEN,NYJ,False,W,True
2024,2024_02_PIT_DEN,PIT,True,W,True
2024,2024_02_SEA_NE,SEA,True,W,True
2024,2024_02_SF_MIN,MIN,True,W,True
2024,2024_02_TB_DET,DET,False,L,False
2024,2024_03_BAL_DAL,BAL,False,W,True
2024,2024_03_CAR_LV,LV,False,L,False
2024,2024_03_CHI_IND,IND,False,W,True
2024,2024_03_DEN_TB,TB,False,L,False
2024,2024_03_DET_ARI,ARI,True,L,False
2024,2024_03_GB_TEN,TEN,False,L,False
2024,2024_03_HOU_MIN,MIN,False,W,True
2024,2024_03_JAX_BUF,JAX,False,L,False
2024,2024_03_KC_ATL,KC,True,W,True
2024,2024_03_LAC_PIT,PIT,False,W,True
2024,2024_03_MIA_SEA,MIA,False,L,False
2024,2024_03_NE_NYJ,NE,False,L,False
2024,2024_03_NYG_CLE,CLE,False,L,False
2024,2024_03_PHI_NO,PHI,False,W,True
2024,2024_03_SF_LA,LA,False,W,True
2024,2024_03_WAS_CIN,WAS,False,W,True
2024,2024_04_BUF_BAL,BAL,False,W,True
2024,2024_04_CIN_CAR,CIN,True,W,True
2024,2024_04_CLE_LV,LV,False,W,True
2024,2024_04_DAL_NYG,NYG,False,L,False
2024,2024_04_DEN_NYJ,DEN,False,W,True
2024,2024_04_JAX_HOU,HOU,True,W,True
2024,2024_04_KC_LAC,LAC,False,L,False
2024,2024_04_LA_CHI,LA,False,L,False
2024,2024_04_MIN_GB,GB,True,L,False
2024,2024_04_NE_SF,SF,False,W,True
2024,2024_04_NO_ATL,NO,False,L,False
2024,2024_04_PHI_TB,PHI,False,L,False
2024,2024_04_PIT_IND,PIT,True,L,False
2024,2024_04_SEA_DET,SEA,False,L,False
2024,2024_04_TEN_MIA,MIA,False,L,False
2024,2024_04_WAS_ARI,WAS,True,W,True
2024,2024_05_ARI_SF,ARI,False,W,True
2024,2024_05_BAL_CIN,CIN,True,L,False
2024,2024_05_BUF_HOU,HOU,True,W,True
2024,2024_05_CAR_CHI,CHI,True,W,True
2024,2024_05_CLE_WAS,WAS,False,W,True
2024,2024_05_DAL_PIT,PIT,False,L,False
2024,2024_05_GB_LA,LA,False,L,False
2024,2024_05_IND_JAX,JAX,True,W,True
2024,2024_05_LV_DEN,DEN,True,W,True
2024,2024_05_MIA_NE,NE,False,L,False
2024,2024_05_NO_KC,KC,True,W,True
2024,2024_05_NYG_SEA,NYG,True,W,True
2024,2024_05_NYJ_MIN,MIN,False,W,True
2024,2024_05_TB_ATL,TB,False,L,False
2024,2024_06_ARI_GB,ARI,True,L,False
2024,2024_06_ATL_CAR,ATL,False,W,True
2024,2024_06_BUF_NYJ,BUF,True,W,True
2024,2024_06_CIN_NYG,NYG,False,L,False
2024,2024_06_CLE_PHI,CLE,True,L,False
2024,2024_06_DET_DAL,DET,False,W,True
2024,2024_06_HOU_NE,NE,True,L,False
2024,2024_06_IND_TEN,TEN,False,L,False
2024,2024_06_JAX_CHI,JAX,False,L,False
2024,2024_06_LAC_DEN,LAC,False,W,True
2024,2024_06_PIT_LV,LV,False,L,False
2024,2024_06_SF_SEA,SF,False,W,True
2024,2024_06_TB_NO,NO,False,L,False
2024,2024_06_WAS_BAL,WAS,False,L,False
2024,2024_07_BAL_TB,BAL,True,W,True
2024,2024_07_CAR_WAS,WAS,True,W,True
2024,2024_07_CIN_CLE,CLE,False,L,False
2024,2024_07_DEN_NO,NO,False,L,False
2024,2024_07_DET_MIN,MIN,False,L,False
2024,2024_07_HOU_GB,HOU,False,L,False
2024,2024_07_KC_SF,KC,False,W,True
2024,2024_07_LAC_ARI,LAC,True,L,False
2024,2024_07_LV_LA,LA,False,W,True
2024,2024_07_MIA_IND,MIA,True,L,False
2024,2024_07_NE_JAX,JAX,False,W,True
2024,2024_07_NYJ_PIT,NYJ,False,L,False
2024,2024_07_PHI_NYG,PHI,False,W,True
2024,2024_07_SEA_ATL,ATL,False,L,False
2024,2024_07_TEN_BUF,TEN,False,L,False
2024,2024_08_ARI_MIA,ARI,False,W,True
2024,2024_08_ATL_TB,ATL,True,W,True
2024,2024_08_BAL_CLE,CLE,False,W,True
2024,2024_08_BUF_SEA,BUF,True,W,True
2024,2024_08_CAR_DEN,CAR,False,L,False
2024,2024_08_CHI_WAS,WAS,False,W,True
2024,2024_08_DAL_SF,SF,False,W,True
2024,2024_08_GB_JAX,JAX,True,L,False
2024,2024_08_IND_HOU,IND,False,L,False
2024,2024_08_KC_LV,LV,False,L,False
2024,2024_08_MIN_LA,LA,False,W,True
2024,2024_08_NO_LAC,NO,True,L,False
2024,2024_08_NYG_PIT,NYG,True,L,False
2024,2024_08_NYJ_NE,NYJ,False,L,False
2024,2024_08_PHI_CIN,PHI,True,W,True
2024,2024_08_TEN_DET,TEN,False,L,False
2024,2024_09_CHI_ARI,CHI,True,L,False
2024,2024_09_DAL_ATL,DAL,False,L,False
2024,2024_09_DEN_BAL,BAL,True,W,True
2024,2024_09_DET_GB,DET,False,W,True
2024,2024_09_HOU_NYJ,NYJ,False,W,True
2024,2024_09_IND_MIN,MIN,False,W,True
2024,2024_09_JAX_PHI,JAX,False,L,False
2024,2024_09_LAC_CLE,CLE,False,L,False
2024,2024_09_LA_SEA,LA,False,W,True
2024,2024_09_LV_CIN,CIN,False,W,True
2024,2024_09_MIA_BUF,MIA,False,L,False
2024,2024_09_NE_TEN,NE,False,L,False
2024,2024_09_NO_CAR,CAR,False,W,True
2024,2024_09_TB_KC,TB,False,L,False
2024,2024_09_WAS_NYG,WAS,True,W,True
2024,2024_10_ATL_NO,NO,False,W,True
2024,2024_10_BUF_IND,IND,False,L,False
2024,2024_10_CIN_BAL,BAL,False,W,True
2024,2024_10_DEN_KC,KC,False,W,True
2024,2024_10_DET_HOU,HOU,True,L,False
2024,2024_10_MIA_LA,LA,True,L,False
2024,2024_10_MIN_JAX,MIN,False,W,True
2024,2024_10_NE_CHI,CHI,False,L,False
2024,2024_10_NYG_CAR,NYG,False,L,False
2024,2024_10_NYJ_ARI,NYJ,False,L,False
2024,2024_10_PHI_DAL,PHI,True,W,True
2024,2024_10_PIT_WAS,WAS,True,L,False
2024,2024_10_SF_TB,TB,False,L,False
2024,2024_10_TEN_LAC,TEN,False,L,False
2024,2024_11_ATL_DEN,ATL,False,L,False
2024,2024_11_BAL_PIT,PIT,True,W,True
2024,2024_11_CIN_LAC,LAC,True,W,True
2024,2024_11_CLE_NO,NO,False,W,True
2024,2024_11_GB_CHI,CHI,True,L,False
2024,2024_11_HOU_DAL,DAL,False,L,False
2024,2024_11_IND_NYJ,IND,False,W,True
2024,2024_11_JAX_DET,DET,False,W,True
2024,2024_11_KC_BUF,BUF,True,W,True
2024,2024_11_LA_NE,LA,False,W,True
2024,2024_11_LV_MIA,LV,False,L,False
2024,2024_11_MIN_TEN,MIN,False,W,True
2024,2024_11_SEA_SF,SEA,False,W,True
2024,2024_11_WAS_PHI,WAS,False,L,False
2024,2024_12_ARI_SEA,SEA,False,W,True
2024,2024_12_BAL_LAC,BAL,False,W,True
2024,2024_12_DAL_WAS,WAS,False,L,False
2024,2024_12_DEN_LV,DEN,False,W,True
2024,2024_12_DET_IND,DET,False,W,True
2024,2024_12_KC_CAR,CAR,True,L,False
2024,2024_12_MIN_CHI,MIN,False,W,True
2024,2024_12_NE_MIA,MIA,True,W,True
2024,2024_12_PHI_LA,PHI,False,W,True
2024,2024_12_PIT_CLE,CLE,False,W,True
2024,2024_12_SF_GB,SF,False,L,False
2024,2024_12_TB_NYG,NYG,False,L,False
2024,2024_12_TEN_HOU,TEN,True,W,True
2024,2024_13_ARI_MIN,MIN,False,W,True
2024,2024_13_CHI_DET,CHI,False,L,False
2024,2024_13_CLE_DEN,CLE,True,L,False
2024,2024_13_HOU_JAX,HOU,False,W,True
2024,2024_13_IND_NE,IND,False,W,True
2024,2024_13_LAC_ATL,LAC,False,W,True
2024,2024_13_LA_NO,LA,False,W,True
2024,2024_13_LV_KC,LV,False,L,False
2024,2024_13_MIA_GB,MIA,False,L,False
2024,2024_13_NYG_DAL,NYG,False,L,False
2024,2024_13_PHI_BAL,BAL,True,L,False
2024,2024_13_PIT_CIN,PIT,True,W,True
2024,2024_13_SEA_NYJ,NYJ,False,L,False
2024,2024_13_SF_BUF,SF,False,L,False
2024,2024_13_TB_CAR,TB,False,W,True
2024,2024_13_TEN_WAS,WAS,False,W,True
2024,2024_14_ATL_MIN,MIN,False,W,True
2024,2024_14_BUF_LA,BUF,False,L,False
2024,2024_14_CAR_PHI,PHI,True,W,True
2024,2024_14_CHI_SF,CHI,False,L,False
2024,2024_14_CIN_DAL,DAL,False,L,False
2024,2024_14_CLE_PIT,CLE,False,L,False
2024,2024_14_GB_DET,GB,False,L,False
2024,2024_14_JAX_TEN,JAX,False,W,True
2024,2024_14_LAC_KC,LAC,False,L,False
2024,2024_14_LV_TB,LV,False,L,False
2024,2024_14_NO_NYG,NYG,False,L,False
2024,2024_14_NYJ_MIA,NYJ,False,L,False
2024,2024_14_SEA_ARI,SEA,False,W,True
2024,2024_15_ATL_LV,ATL,False,W,True
2024,2024_15_BAL_NYG,NYG,False,L,False
2024,2024_15_BUF_DET,BUF,False,W,True
2024,2024_15_CHI_MIN,MIN,True,W,True
2024,2024_15_CIN_TEN,TEN,False,L,False
2024,2024_15_DAL_CAR,CAR,False,L,False
2024,2024_15_GB_SEA,SEA,False,L,False
2024,2024_15_IND_DEN,DEN,False,W,True
2024,2024_15_KC_CLE,CLE,False,L,False
2024,2024_15_LA_SF,LA,False,W,True
2024,2024_15_MIA_HOU,HOU,True,W,True
2024,2024_15_NE_ARI,ARI,True,W,True
2024,2024_15_NYJ_JAX,NYJ,False,W,True
2024,2024_15_PIT_PHI,PHI,False,W,True
2024,2024_15_TB_LAC,LAC,False,L,False
2024,2024_15_WAS_NO,WAS,False,W,True
2024,2024_16_ARI_CAR,CAR,False,W,True
2024,2024_16_CLE_CIN,CIN,True,W,True
2024,2024_16_DEN_LAC,DEN,False,L,False
2024,2024_16_DET_CHI,DET,False,W,True
2024,2024_16_HOU_KC,KC,True,W,True
2024,2024_16_JAX_LV,LV,False,W,True
2024,2024_16_LA_NYJ,NYJ,True,L,False
2024,2024_16_MIN_SEA,SEA,True,L,False
2024,2024_16_NE_BUF,BUF,False,W,True
2024,2024_16_NO_GB,NO,False,L,False
2024,2024_16_NYG_ATL,NYG,False,L,False
2024,2024_16_PHI_WAS,PHI,False,L,False
2024,2024_16_PIT_BAL,PIT,True,L,False
2024,2024_16_SF_MIA,MIA,False,W,True
2024,2024_16_TB_DAL,TB,False,L,False
2024,2024_16_TEN_IND,IND,True,W,True
2024,2024_17_ARI_LA,ARI,False,L,False
2024,2024_17_ATL_WAS,WAS,False,W,True
2024,2024_17_BAL_HOU,HOU,False,L,False
2024,2024_17_CAR_TB,CAR,False,L,False
2024,2024_17_DAL_PHI,PHI,True,W,True
2024,2024_17_DEN_CIN,CIN,False,W,True
2024,2024_17_DET_SF,DET,False,W,True
2024,2024_17_GB_MIN,MIN,True,W,True
2024,2024_17_IND_NYG,NYG,False,W,True
2024,2024_17_KC_PIT,KC,False,W,True
2024,2024_17_LAC_NE,NE,False,L,False
2024,2024_17_LV_NO,NO,True,L,False
2024,2024_17_MIA_CLE,CLE,False,L,False
2024,2024_17_NYJ_BUF,NYJ,False,L,False
2024,2024_17_SEA_CHI,CHI,False,L,False
2024,2024_17_TEN_JAX,TEN,True,L,False
2024,2024_18_BUF_NE,BUF,False,L,False
2024,2024_18_CAR_ATL,CAR,False,W,True
2024,2024_18_CHI_GB,CHI,False,W,True
2024,2024_18_CIN_PIT,PIT,False,L,False
2024,2024_18_CLE_BAL,BAL,False,W,True
2024,2024_18_HOU_TEN,TEN,False,L,False
2024,2024_18_JAX_IND,JAX,False,L,False
2024,2024_18_KC_DEN,KC,False,L,False
2024,2024_18_LAC_LV,LAC,True,W,True
2024,2024_18_MIA_NYJ,NYJ,False,W,True
2024,2024_18_MIN_DET,MIN,True,L,False
2024,2024_18_NO_TB,TB,False,W,True
2024,2024_18_NYG_PHI,PHI,False,W,True
2024,2024_18_SEA_LA,SEA,False,W,True
2024,2024_18_SF_ARI,ARI,True,W,True
2024,2024_18_WAS_DAL,DAL,False,L,False
2024,2024_19_DEN_BUF,BUF,False,W,True
2024,2024_19_GB_PHI,PHI,False,W,True
2024,2024_19_LAC_HOU,HOU,True,W,True
2024,2024_19_MIN_LA,MIN,False,L,False
2024,2024_19_PIT_BAL,BAL,True,W,True
2024,2024_19_WAS_TB,WAS,False,W,True
2024,2024_20_BAL_BUF,BUF,True,W,True
2024,2024_20_HOU_KC,HOU,True,L,False
2024,2024_20_LA_PHI,LA,False,L,False
2024,2024_20_WAS_DET,WAS,False,W,True
2024,2024_21_BUF_KC,KC,False,W,True
2024,2024_21_WAS_PHI,PHI,False,W,True
2024,2024_22_KC_PHI,KC,False,L,False
2025,2025_01_ARI_NO,NO,False,L,False
2025,2025_01_BAL_BUF,BAL,False,L,False
2025,2025_01_CAR_JAX,CAR,False,L,False
2025,2025_01_CIN_CLE,CLE,True,L,False
2025,2025_01_DAL_PHI,PHI,False,W,True
2025,2025_01_DET_GB,DET,False,L,False
2025,2025_01_HOU_LA,LA,False,W,True
2025,2025_01_KC_LAC,LAC,False,W,True
2025,2025_01_LV_NE,NE,False,L,False
2025,2025_01_MIA_IND,MIA,False,L,False
2025,2025_01_MIN_CHI,CHI,True,L,False
2025,2025_01_NYG_WAS,NYG,False,L,False
2025,2025_01_PIT_NYJ,PIT,False,W,True
2025,2025_01_SF_SEA,SF,False,W,True
2025,2025_01_TB_ATL,TB,False,W,True
2025,2025_01_TEN_DEN,DEN,True,W,True
2025,2025_02_ATL_MIN,MIN,True,L,False
2025,2025_02_BUF_NYJ,BUF,False,W,True
2025,2025_02_CAR_ARI,ARI,True,W,True
2025,2025_02_CHI_DET,CHI,False,L,False
2025,2025_02_CLE_BAL,BAL,False,W,True
2025,2025_02_DEN_IND,DEN,False,L,False
2025,2025_02_JAX_CIN,CIN,False,W,True
2025,2025_02_LAC_LV,LAC,False,W,True
2025,2025_02_LA_TEN,LA,False,W,True
2025,2025_02_NE_MIA,MIA,False,L,False
2025,2025_02_NYG_DAL,DAL,False,W,True
2025,2025_02_PHI_KC,KC,False,L,False
2025,2025_02_SEA_PIT,PIT,False,L,False
2025,2025_02_SF_NO,SF,True,W,True
2025,2025_02_TB_HOU,TB,False,W,True
2025,2025_02_WAS_GB,WAS,False,L,False
2025,2025_03_ARI_SF,SF,True,W,True
2025,2025_03_ATL_CAR,CAR,False,W,True
2025,2025_03_CIN_MIN,CIN,False,L,False
2025,2025_03_DAL_CHI,DAL,False,L,False
2025,2025_03_DEN_LAC,DEN,False,L,False
2025,2025_03_DET_BAL,BAL,True,L,False
2025,2025_03_GB_CLE,GB,False,L,False
2025,2025_03_HOU_JAX,JAX,False,W,True
2025,2025_03_IND_TEN,IND,True,W,True
2025,2025_03_KC_NYG,KC,True,W,True
2025,2025_03_LA_PHI,PHI,False,W,True
2025,2025_03_LV_WAS,LV,False,L,False
2025,2025_03_MIA_BUF,BUF,False,W,True
2025,2025_03_NO_SEA,SEA,False,W,True
2025,2025_03_NYJ_TB,TB,True,W,True
2025,2025_03_PIT_NE,PIT,False,W,True
2025,2025_04_BAL_KC,KC,False,W,True
2025,2025_04_CAR_NE,NE,False,W,True
2025,2025_04_CHI_LV,LV,False,L,False
2025,2025_04_CIN_DEN,DEN,True,W,True
2025,2025_04_CLE_DET,CLE,False,L,False
2025,2025_04_GB_DAL,DAL,True,T,False
2025,2025_04_IND_LA,LA,True,W,True
2025,2025_04_JAX_SF,JAX,True,W,True
2025,2025_04_LAC_NYG,NYG,False,W,True
2025,2025_04_MIN_PIT,MIN,True,L,False
2025,2025_04_NO_BUF,NO,False,L,False
2025,2025_04_NYJ_MIA,NYJ,True,L,False
2025,2025_04_PHI_TB,PHI,False,W,True
2025,2025_04_SEA_ARI,SEA,False,W,True
2025,2025_04_TEN_HOU,HOU,False,W,True
2025,2025_04_WAS_ATL,WAS,False,L,False
2025,2025_05_DAL_NYJ,DAL,True,W,True
2025,2025_05_DEN_PHI,PHI,False,L,False
2025,2025_05_DET_CIN,CIN,True,L,False
2025,2025_05_HOU_BAL,BAL,False,L,False
2025,2025_05_KC_JAX,KC,False,L,False
2025,2025_05_LV_IND,LV,False,L,False
2025,2025_05_MIA_CAR,CAR,True,W,True
2025,2025_05_MIN_CLE,MIN,False,W,True
2025,2025_05_NE_BUF,BUF,False,L,False
2025,2025_05_NYG_NO,NYG,False,L,False
2025,2025_05_SF_LA,LA,False,L,False
2025,2025_05_TB_SEA,SEA,True,L,False
2025,2025_05_TEN_ARI,TEN,False,W,True
2025,2025_05_WAS_LAC,WAS,True,W,True
2025,2025_06_ARI_IND,ARI,False,L,False
2025,2025_06_BUF_ATL,BUF,False,L,False
2025,2025_06_CHI_WAS,WAS,False,L,False
2025,2025_06_CIN_GB,CIN,False,L,False
2025,2025_06_CLE_PIT,CLE,True,L,False
2025,2025_06_DAL_CAR,CAR,True,W,True
2025,2025_06_DEN_NYJ,NYJ,False,L,False
2025,2025_06_DET_KC,KC,False,W,True
2025,2025_06_LAC_MIA,LAC,False,W,True
2025,2025_06_LA_BAL,LA,False,W,True
2025,2025_06_NE_NO,NE,False,W,True
2025,2025_06_PHI_NYG,NYG,False,W,True
2025,2025_06_SEA_JAX,SEA,True,W,True
2025,2025_06_SF_TB,SF,True,L,False
2025,2025_06_TEN_LV,LV,False,W,True
2025,2025_07_ATL_SF,SF,False,W,True
2025,2025_07_CAR_NYJ,CAR,False,W,True
2025,2025_07_GB_ARI,GB,True,W,True
2025,2025_07_HOU_SEA,HOU,True,L,False
2025,2025_07_IND_LAC,LAC,False,L,False
2025,2025_07_LA_JAX,LA,False,W,True
2025,2025_07_LV_KC,KC,True,W,True
2025,2025_07_MIA_CLE,MIA,True,L,False
2025,2025_07_NE_TEN,NE,False,W,True
2025,2025_07_NO_CHI,NO,True,L,False
2025,2025_07_NYG_DEN,DEN,False,W,True
2025,2025_07_PHI_MIN,MIN,False,L,False
2025,2025_07_PIT_CIN,CIN,True,W,True
2025,2025_07_TB_DET,TB,True,L,False
2025,2025_07_WAS_DAL,WAS,False,L,False
2025,2025_08_BUF_CAR,BUF,False,W,True
2025,2025_08_CHI_BAL,BAL,False,W,True
2025,2025_08_CLE_NE,CLE,False,L,False
2025,2025_08_DAL_DEN,DAL,False,L,False
2025,2025_08_GB_PIT,PIT,False,L,False
2025,2025_08_MIA_ATL,ATL,False,L,False
2025,2025_08_MIN_LAC,LAC,False,W,True
2025,2025_08_NYG_PHI,NYG,False,L,False
2025,2025_08_NYJ_CIN,NYJ,True,W,True
2025,2025_08_SF_HOU,SF,True,L,False
2025,2025_08_TB_NO,TB,False,W,True
2025,2025_08_TEN_IND,TEN,False,L,False
2025,2025_08_WAS_KC,KC,False,W,True
2025,2025_09_ARI_DAL,ARI,False,W,True
2025,2025_09_ATL_NE,NE,False,W,True
2025,2025_09_BAL_MIA,BAL,False,W,True
2025,2025_09_CAR_GB,GB,True,L,False
2025,2025_09_CHI_CIN,CHI,False,W,True
2025,2025_09_DEN_HOU,DEN,False,W,True
2025,2025_09_IND_PIT,IND,False,L,False
2025,2025_09_JAX_LV,LV,False,L,False
2025,2025_09_KC_BUF,KC,True,L,False
2025,2025_09_LAC_TEN,LAC,True,W,True
2025,2025_09_MIN_DET,MIN,False,W,True
2025,2025_09_NO_LA,LA,False,W,True
2025,2025_09_SEA_WAS,SEA,True,W,True
2025,2025_09_SF_NYG,SF,False,W,True
2025,2025_10_ARI_SEA,ARI,False,L,False
2025,2025_10_ATL_IND,ATL,False,L,False
2025,2025_10_BAL_MIN,MIN,False,L,False
2025,2025_10_BUF_MIA,BUF,False,L,False
2025,2025_10_CLE_NYJ,NYJ,False,W,True
2025,2025_10_DET_WAS,DET,True,W,True
2025,2025_10_JAX_HOU,JAX,False,L,False
2025,2025_10_LA_SF,SF,False,L,False
2025,2025_10_LV_DEN,DEN,False,W,True
2025,2025_10_NE_TB,NE,True,W,True
2025,2025_10_NO_CAR,NO,False,W,True
2025,2025_10_NYG_CHI,NYG,True,L,False
2025,2025_10_PHI_GB,PHI,False,W,True
2025,2025_10_PIT_LAC,LAC,True,W,True
2025,2025_11_BAL_CLE,BAL,False,W,True
2025,2025_11_CAR_ATL,CAR,True,W,True
2025,2025_11_CHI_MIN,CHI,False,W,True
2025,2025_11_CIN_PIT,CIN,False,L,False
2025,2025_11_DAL_LV,LV,True,L,False
2025,2025_11_DET_PHI,DET,False,L,False
2025,2025_11_GB_NYG,GB,False,W,True
2025,2025_11_HOU_TEN,TEN,False,L,False
2025,2025_11_KC_DEN,KC,False,L,False
2025,2025_11_LAC_JAX,JAX,False,W,True
2025,2025_11_NYJ_NE,NE,False,W,True
2025,2025_11_SEA_LA,SEA,True,L,False
2025,2025_11_SF_ARI,ARI,False,L,False
2025,2025_11_TB_BUF,BUF,False,W,True
2025,2025_11_WAS_MIA,WAS,True,L,False
2025,2025_12_ATL_NO,NO,False,L,False
2025,2025_12_BUF_HOU,BUF,False,L,False
2025,2025_12_CAR_SF,CAR,False,L,False
2025,2025_12_CLE_LV,LV,False,L,False
2025,2025_12_IND_KC,KC,True,W,True
2025,2025_12_JAX_ARI,JAX,False,W,True
2025,2025_12_MIN_GB,GB,False,W,True
2025,2025_12_NE_CIN,CIN,True,L,False
2025,2025_12_NYG_DET,DET,True,W,True
2025,2025_12_NYJ_BAL,BAL,False,W,True
2025,2025_12_PHI_DAL,PHI,False,L,False
2025,2025_12_PIT_CHI,PIT,False,L,False
2025,2025_12_SEA_TEN,SEA,True,W,True
2025,2025_12_TB_LA,LA,False,W,True
2025,2025_13_ARI_TB,ARI,True,L,False
2025,2025_13_ATL_NYJ,NYJ,False,W,True
2025,2025_13_BUF_PIT,PIT,False,L,False
2025,2025_13_CHI_PHI,PHI,False,L,False
2025,2025_13_CIN_BAL,BAL,False,L,False
2025,2025_13_DEN_WAS,WAS,False,L,False
2025,2025_13_GB_DET,DET,False,L,False
2025,2025_13_HOU_IND,HOU,False,W,True
2025,2025_13_JAX_TEN,TEN,False,L,False
2025,2025_13_KC_DAL,KC,False,L,False
2025,2025_13_LA_CAR,CAR,False,W,True
2025,2025_13_LV_LAC,LAC,False,W,True
2025,2025_13_MIN_SEA,SEA,True,W,True
2025,2025_13_NO_MIA,NO,False,L,False
2025,2025_13_NYG_NE,NYG,False,L,False
2025,2025_13_SF_CLE,CLE,False,L,False
2025,2025_14_CHI_GB,GB,False,W,True
2025,2025_14_CIN_BUF,BUF,False,W,True
2025,2025_14_DAL_DET,DAL,False,L,False
2025,2025_14_DEN_LV,LV,False,L,False
2025,2025_14_HOU_KC,HOU,False,W,True
2025,2025_14_IND_JAX,IND,False,L,False
2025,2025_14_LA_ARI,LA,True,W,True
2025,2025_14_MIA_NYJ,NYJ,False,L,False
2025,2025_14_NO_TB,TB,False,L,False
2025,2025_14_PHI_LAC,LAC,False,W,True
2025,2025_14_PIT_BAL,PIT,False,W,True
2025,2025_14_SEA_ATL,SEA,True,W,True
2025,2025_14_TEN_CLE,CLE,False,L,False
2025,2025_14_WAS_MIN,WAS,False,L,False
2025,2025_15_ARI_HOU,ARI,False,L,False
2025,2025_15_ATL_TB,ATL,False,W,True
2025,2025_15_BAL_CIN,CIN,False,L,False
2025,2025_15_BUF_NE,BUF,False,W,True
2025,2025_15_CAR_NO,CAR,True,L,False
2025,2025_15_CLE_CHI,CLE,False,L,False
2025,2025_15_DET_LA,LA,True,W,True
2025,2025_15_GB_DEN,GB,True,L,False
2025,2025_15_IND_SEA,SEA,True,W,True
2025,2025_15_LAC_KC,LAC,True,W,True
2025,2025_15_LV_PHI,LV,False,L,False
2025,2025_15_MIA_PIT,PIT,True,W,True
2025,2025_15_MIN_DAL,DAL,True,L,False
2025,2025_15_NYJ_JAX,NYJ,False,L,False
2025,2025_15_TEN_SF,SF,False,W,True
2025,2025_15_WAS_NYG,NYG,False,L,False
2025,2025_16_ATL_ARI,ATL,True,W,True
2025,2025_16_BUF_CLE,BUF,False,W,True
2025,2025_16_CIN_MIA,MIA,False,L,False
2025,2025_16_GB_CHI,CHI,False,W,True
2025,2025_16_JAX_DEN,DEN,False,L,False
2025,2025_16_KC_TEN,TEN,False,W,True
2025,2025_16_LAC_DAL,LAC,True,W,True
2025,2025_16_LA_SEA,SEA,False,W,True
2025,2025_16_LV_HOU,HOU,False,W,True
2025,2025_16_MIN_NYG,NYG,True,L,False
2025,2025_16_NE_BAL,NE,False,W,True
2025,2025_16_NYJ_NO,NYJ,False,L,False
2025,2025_16_PHI_WAS,WAS,False,L,False
2025,2025_16_PIT_DET,PIT,True,W,True
2025,2025_16_SF_IND,SF,False,W,True
2025,2025_16_TB_CAR,TB,False,L,False
2025,2025_17_ARI_CIN,ARI,False,L,False
2025,2025_17_BAL_GB,GB,False,L,False
2025,2025_17_CHI_SF,CHI,False,L,False
2025,2025_17_DAL_WAS,WAS,False,L,False
2025,2025_17_DEN_KC,KC,False,L,False
2025,2025_17_DET_MIN,DET,False,L,False
2025,2025_17_HOU_LAC,LAC,False,L,False
2025,2025_17_JAX_IND,JAX,False,W,True
2025,2025_17_LA_ATL,LA,False,L,False
2025,2025_17_NE_NYJ,NYJ,False,L,False
2025,2025_17_NO_TEN,NO,False,W,True
2025,2025_17_NYG_LV,LV,False,L,False
2025,2025_17_PHI_BUF,BUF,False,L,False
2025,2025_17_PIT_CLE,PIT,True,L,False
2025,2025_17_SEA_CAR,SEA,False,W,True
2025,2025_17_TB_MIA,TB,False,L,False
2025,2025_18_ARI_LA,LA,True,W,True
2025,2025_18_BAL_PIT,PIT,False,W,True
2025,2025_18_CAR_TB,CAR,False,L,False
2025,2025_18_CLE_CIN,CLE,False,W,True
2025,2025_18_DAL_NYG,DAL,False,L,False
2025,2025_18_DET_CHI,CHI,False,L,False
2025,2025_18_GB_MIN,GB,False,L,False
2025,2025_18_IND_HOU,IND,False,L,False
2025,2025_18_KC_LV,LV,False,W,True
2025,2025_18_LAC_DEN,DEN,False,W,True
2025,2025_18_MIA_NE,MIA,False,L,False
2025,2025_18_NO_ATL,NO,False,L,False
2025,2025_18_NYJ_BUF,NYJ,False,L,False
2025,2025_18_SEA_SF,SF,False,L,False
2025,2025_18_TEN_JAX,TEN,False,L,False
2025,2025_18_WAS_PHI,WAS,True,W,True
2025,2025_19_BUF_JAX,BUF,False,W,True
2025,2025_19_GB_CHI,GB,False,L,False
2025,2025_19_HOU_PIT,HOU,False,W,True
2025,2025_19_LAC_NE,LAC,False,L,False
2025,2025_19_LA_CAR,LA,False,W,True
2025,2025_19_SF_PHI,PHI,False,L,False
2025,2025_20_BUF_DEN,BUF,False,L,False
2025,2025_20_HOU_NE,HOU,False,L,False
2025,2025_20_LA_CHI,LA,True,W,True
2025,2025_20_SF_SEA,SF,False,L,False
2025,2025_21_LA_SEA,SEA,True,W,True
2025,2025_21_NE_DEN,NE,False,W,True
2025,2025_22_SEA_NE,NE,False,L,False
